Loading checkpoint shards:   0%|          | 0/9 [00:00<?, ?it/s]Loading checkpoint shards:  11%|█         | 1/9 [00:00<00:04,  1.60it/s]Loading checkpoint shards:  22%|██▏       | 2/9 [00:01<00:03,  1.77it/s]Loading checkpoint shards:  33%|███▎      | 3/9 [00:01<00:03,  1.89it/s]Loading checkpoint shards:  44%|████▍     | 4/9 [00:02<00:02,  1.90it/s]Loading checkpoint shards:  56%|█████▌    | 5/9 [00:02<00:02,  1.97it/s]Loading checkpoint shards:  67%|██████▋   | 6/9 [00:03<00:01,  1.96it/s]Loading checkpoint shards:  78%|███████▊  | 7/9 [00:03<00:00,  2.03it/s]Loading checkpoint shards:  89%|████████▉ | 8/9 [00:03<00:00,  2.33it/s]Loading checkpoint shards: 100%|██████████| 9/9 [00:04<00:00,  2.64it/s]Loading checkpoint shards: 100%|██████████| 9/9 [00:04<00:00,  2.16it/s]
Using cuda device
/data/interns/studentiotlab/venv/lib64/python3.11/site-packages/stable_baselines3/common/on_policy_algorithm.py:150: UserWarning: You are trying to run PPO on the GPU, but it is primarily intended to run on the CPU when not using a CNN policy (you are using ActorCriticPolicy which should be a MlpPolicy). See https://github.com/DLR-RM/stable-baselines3/issues/1245 for more info. You can pass `device='cpu'` or `export CUDA_VISIBLE_DEVICES=` to force using the CPU.Note: The model will train, but the GPU utilization will be poor and the training might take longer than on CPU.
  warnings.warn(
Logging to Simulation_4/artifacts/rl_qwen_long/tensorboard/PPO_1
[Progress] 0.02% | 24/150,000 steps | 0.3126 steps/s | ETA 133h 17m 13s
[Progress] 0.03% | 49/150,000 steps | 0.3328 steps/s | ETA 125h 8m 55s
[Progress] 0.05% | 74/150,000 steps | 0.3466 steps/s | ETA 120h 10m 7s
[Progress] 0.07% | 99/150,000 steps | 0.3490 steps/s | ETA 119h 18m 58s
[Progress] 0.08% | 124/150,000 steps | 0.3526 steps/s | ETA 118h 4m 46s
----------------------------------
| progress/           |          |
|    percent          | 0.0827   |
|    steps_per_second | 0.353    |
| rollout/            |          |
|    ep_len_mean      | 3.46     |
|    ep_rew_mean      | -18      |
| time/               |          |
|    fps              | 0        |
|    iterations       | 1        |
|    time_elapsed     | 361      |
|    total_timesteps  | 128      |
----------------------------------
[Progress] 0.10% | 149/150,000 steps | 0.3517 steps/s | ETA 118h 20m 55s
[Progress] 0.12% | 174/150,000 steps | 0.3484 steps/s | ETA 119h 27m 48s
[Progress] 0.13% | 199/150,000 steps | 0.3537 steps/s | ETA 117h 39m 38s
[Progress] 0.15% | 224/150,000 steps | 0.3575 steps/s | ETA 116h 22m 18s
[Progress] 0.17% | 249/150,000 steps | 0.3599 steps/s | ETA 115h 35m 25s
-------------------------------------------
| progress/               |               |
|    percent              | 0.166         |
|    steps_per_second     | 0.36          |
| rollout/                |               |
|    ep_len_mean          | 3.4           |
|    ep_rew_mean          | -19.6         |
| time/                   |               |
|    fps                  | 0             |
|    iterations           | 2             |
|    time_elapsed         | 710           |
|    total_timesteps      | 256           |
| train/                  |               |
|    approx_kl            | 0.00011717947 |
|    clip_fraction        | 0             |
|    clip_range           | 0.2           |
|    entropy_loss         | -1.61         |
|    explained_variance   | -0.000362     |
|    learning_rate        | 0.0003        |
|    loss                 | 96.5          |
|    n_updates            | 5             |
|    policy_gradient_loss | -0.00119      |
|    value_loss           | 427           |
-------------------------------------------
[Progress] 0.18% | 274/150,000 steps | 0.3613 steps/s | ETA 115h 6m 55s
[Progress] 0.20% | 299/150,000 steps | 0.3629 steps/s | ETA 114h 35m 47s
[Progress] 0.22% | 324/150,000 steps | 0.3636 steps/s | ETA 114h 21m 32s
[Progress] 0.23% | 349/150,000 steps | 0.3613 steps/s | ETA 115h 2m 45s
[Progress] 0.25% | 374/150,000 steps | 0.3616 steps/s | ETA 114h 56m 50s
-------------------------------------------
| progress/               |               |
|    percent              | 0.249         |
|    steps_per_second     | 0.362         |
| rollout/                |               |
|    ep_len_mean          | 3.46          |
|    ep_rew_mean          | -20.3         |
| time/                   |               |
|    fps                  | 0             |
|    iterations           | 3             |
|    time_elapsed         | 1064          |
|    total_timesteps      | 384           |
| train/                  |               |
|    approx_kl            | 0.00038746418 |
|    clip_fraction        | 0             |
|    clip_range           | 0.2           |
|    entropy_loss         | -1.61         |
|    explained_variance   | 0.0309        |
|    learning_rate        | 0.0003        |
|    loss                 | 69.7          |
|    n_updates            | 10            |
|    policy_gradient_loss | -0.0049       |
|    value_loss           | 305           |
-------------------------------------------
[Progress] 0.27% | 399/150,000 steps | 0.3610 steps/s | ETA 115h 7m 43s
[Progress] 0.28% | 424/150,000 steps | 0.3609 steps/s | ETA 115h 7m 13s
[Progress] 0.30% | 449/150,000 steps | 0.3621 steps/s | ETA 114h 43m 25s
[Progress] 0.32% | 474/150,000 steps | 0.3621 steps/s | ETA 114h 41m 48s
[Progress] 0.33% | 499/150,000 steps | 0.3611 steps/s | ETA 114h 59m 38s
Step 500 | Mean reward: -18.838 | Resolution: 14.7% | Escalation: 85.3%
-----------------------------------------------
| custom/                      |              |
|    dropout_rate              | 0            |
|    escalation_rate           | 0.853        |
|    mean_episode_length_100ep | 3.58         |
|    mean_reward_100ep         | -18.8        |
|    resolution_rate           | 0.147        |
|    timeout_rate              | 0            |
| progress/                    |              |
|    percent                   | 0.333        |
|    steps_per_second          | 0.361        |
| rollout/                     |              |
|    ep_len_mean               | 3.54         |
|    ep_rew_mean               | -18.8        |
| time/                        |              |
|    fps                       | 0            |
|    iterations                | 4            |
|    time_elapsed              | 1415         |
|    total_timesteps           | 512          |
| train/                       |              |
|    approx_kl                 | 0.0011462946 |
|    clip_fraction             | 0            |
|    clip_range                | 0.2          |
|    entropy_loss              | -1.61        |
|    explained_variance        | 0.00808      |
|    learning_rate             | 0.0003       |
|    loss                      | 57.2         |
|    n_updates                 | 15           |
|    policy_gradient_loss      | -0.00624     |
|    value_loss                | 277          |
-----------------------------------------------
[Progress] 0.35% | 524/150,000 steps | 0.3617 steps/s | ETA 114h 46m 55s
[Progress] 0.37% | 549/150,000 steps | 0.3619 steps/s | ETA 114h 42m 11s
[Progress] 0.38% | 574/150,000 steps | 0.3633 steps/s | ETA 114h 14m 55s
[Progress] 0.40% | 599/150,000 steps | 0.3632 steps/s | ETA 114h 15m 58s
[Progress] 0.42% | 624/150,000 steps | 0.3638 steps/s | ETA 114h 4m 9s
------------------------------------------
| progress/               |              |
|    percent              | 0.416        |
|    steps_per_second     | 0.364        |
| rollout/                |              |
|    ep_len_mean          | 3.74         |
|    ep_rew_mean          | -17.8        |
| time/                   |              |
|    fps                  | 0            |
|    iterations           | 5            |
|    time_elapsed         | 1756         |
|    total_timesteps      | 640          |
| train/                  |              |
|    approx_kl            | 0.0023071659 |
|    clip_fraction        | 0            |
|    clip_range           | 0.2          |
|    entropy_loss         | -1.6         |
|    explained_variance   | 0.00242      |
|    learning_rate        | 0.0003       |
|    loss                 | 38.3         |
|    n_updates            | 20           |
|    policy_gradient_loss | -0.00637     |
|    value_loss           | 229          |
------------------------------------------
[Progress] 0.43% | 649/150,000 steps | 0.3637 steps/s | ETA 114h 3m 24s
[Progress] 0.45% | 674/150,000 steps | 0.3643 steps/s | ETA 113h 52m 13s
[Progress] 0.47% | 699/150,000 steps | 0.3634 steps/s | ETA 114h 7m 52s
[Progress] 0.48% | 724/150,000 steps | 0.3611 steps/s | ETA 114h 50m 7s
[Progress] 0.50% | 749/150,000 steps | 0.3619 steps/s | ETA 114h 33m 38s
------------------------------------------
| progress/               |              |
|    percent              | 0.499        |
|    steps_per_second     | 0.362        |
| rollout/                |              |
|    ep_len_mean          | 3.62         |
|    ep_rew_mean          | -18.5        |
| time/                   |              |
|    fps                  | 0            |
|    iterations           | 6            |
|    time_elapsed         | 2120         |
|    total_timesteps      | 768          |
| train/                  |              |
|    approx_kl            | 0.0062604686 |
|    clip_fraction        | 0            |
|    clip_range           | 0.2          |
|    entropy_loss         | -1.58        |
|    explained_variance   | -6.07e-05    |
|    learning_rate        | 0.0003       |
|    loss                 | 85.9         |
|    n_updates            | 25           |
|    policy_gradient_loss | -0.00912     |
|    value_loss           | 295          |
------------------------------------------
[Progress] 0.52% | 774/150,000 steps | 0.3620 steps/s | ETA 114h 29m 48s
[Progress] 0.53% | 799/150,000 steps | 0.3617 steps/s | ETA 114h 35m 16s
[Progress] 0.55% | 824/150,000 steps | 0.3611 steps/s | ETA 114h 45m 19s
[Progress] 0.57% | 849/150,000 steps | 0.3606 steps/s | ETA 114h 53m 0s
[Progress] 0.58% | 874/150,000 steps | 0.3614 steps/s | ETA 114h 37m 39s
------------------------------------------
| progress/               |              |
|    percent              | 0.583        |
|    steps_per_second     | 0.361        |
| rollout/                |              |
|    ep_len_mean          | 4.21         |
|    ep_rew_mean          | -19.1        |
| time/                   |              |
|    fps                  | 0            |
|    iterations           | 7            |
|    time_elapsed         | 2480         |
|    total_timesteps      | 896          |
| train/                  |              |
|    approx_kl            | 0.0032734643 |
|    clip_fraction        | 0            |
|    clip_range           | 0.2          |
|    entropy_loss         | -1.56        |
|    explained_variance   | 0.00464      |
|    learning_rate        | 0.0003       |
|    loss                 | 49.4         |
|    n_updates            | 30           |
|    policy_gradient_loss | -0.00475     |
|    value_loss           | 189          |
------------------------------------------
[Progress] 0.60% | 899/150,000 steps | 0.3613 steps/s | ETA 114h 38m 11s
[Progress] 0.62% | 924/150,000 steps | 0.3620 steps/s | ETA 114h 23m 5s
[Progress] 0.63% | 949/150,000 steps | 0.3619 steps/s | ETA 114h 24m 45s
[Progress] 0.65% | 974/150,000 steps | 0.3627 steps/s | ETA 114h 7m 32s
[Progress] 0.67% | 999/150,000 steps | 0.3629 steps/s | ETA 114h 2m 34s
Step 1,000 | Mean reward: -18.310 | Resolution: 15.3% | Escalation: 84.7%
[Progress] 0.68% | 1,024/150,000 steps | 0.3633 steps/s | ETA 113h 53m 54s
----------------------------------------------
| custom/                      |             |
|    dropout_rate              | 0           |
|    escalation_rate           | 0.847       |
|    mean_episode_length_100ep | 4.6         |
|    mean_reward_100ep         | -18.3       |
|    resolution_rate           | 0.153       |
|    timeout_rate              | 0           |
| progress/                    |             |
|    percent                   | 0.683       |
|    steps_per_second          | 0.363       |
| rollout/                     |             |
|    ep_len_mean               | 4.56        |
|    ep_rew_mean               | -18.3       |
| time/                        |             |
|    fps                       | 0           |
|    iterations                | 8           |
|    time_elapsed              | 2818        |
|    total_timesteps           | 1024        |
| train/                       |             |
|    approx_kl                 | 0.014528165 |
|    clip_fraction             | 0.116       |
|    clip_range                | 0.2         |
|    entropy_loss              | -1.52       |
|    explained_variance        | -0.00191    |
|    learning_rate             | 0.0003      |
|    loss                      | 66.6        |
|    n_updates                 | 35          |
|    policy_gradient_loss      | -0.0161     |
|    value_loss                | 280         |
----------------------------------------------
[Progress] 0.70% | 1,049/150,000 steps | 0.3644 steps/s | ETA 113h 32m 35s
[Progress] 0.72% | 1,074/150,000 steps | 0.3644 steps/s | ETA 113h 31m 22s
[Progress] 0.73% | 1,099/150,000 steps | 0.3642 steps/s | ETA 113h 34m 45s
[Progress] 0.75% | 1,124/150,000 steps | 0.3645 steps/s | ETA 113h 27m 50s
[Progress] 0.77% | 1,149/150,000 steps | 0.3645 steps/s | ETA 113h 25m 45s
-----------------------------------------
| progress/               |             |
|    percent              | 0.766       |
|    steps_per_second     | 0.365       |
| rollout/                |             |
|    ep_len_mean          | 4.84        |
|    ep_rew_mean          | -15.5       |
| time/                   |             |
|    fps                  | 0           |
|    iterations           | 9           |
|    time_elapsed         | 3159        |
|    total_timesteps      | 1152        |
| train/                  |             |
|    approx_kl            | 0.011794507 |
|    clip_fraction        | 0.0688      |
|    clip_range           | 0.2         |
|    entropy_loss         | -1.48       |
|    explained_variance   | -0.000702   |
|    learning_rate        | 0.0003      |
|    loss                 | 63.7        |
|    n_updates            | 40          |
|    policy_gradient_loss | -0.0178     |
|    value_loss           | 317         |
-----------------------------------------
[Progress] 0.78% | 1,174/150,000 steps | 0.3648 steps/s | ETA 113h 19m 15s
[Progress] 0.80% | 1,199/150,000 steps | 0.3648 steps/s | ETA 113h 19m 13s
[Progress] 0.82% | 1,224/150,000 steps | 0.3651 steps/s | ETA 113h 11m 56s
[Progress] 0.83% | 1,249/150,000 steps | 0.3651 steps/s | ETA 113h 10m 57s
[Progress] 0.85% | 1,274/150,000 steps | 0.3653 steps/s | ETA 113h 5m 27s
-----------------------------------------
| progress/               |             |
|    percent              | 0.849       |
|    steps_per_second     | 0.365       |
| rollout/                |             |
|    ep_len_mean          | 5.44        |
|    ep_rew_mean          | -15.3       |
| time/                   |             |
|    fps                  | 0           |
|    iterations           | 10          |
|    time_elapsed         | 3508        |
|    total_timesteps      | 1280        |
| train/                  |             |
|    approx_kl            | 0.015307339 |
|    clip_fraction        | 0.0594      |
|    clip_range           | 0.2         |
|    entropy_loss         | -1.45       |
|    explained_variance   | 0.00106     |
|    learning_rate        | 0.0003      |
|    loss                 | 102         |
|    n_updates            | 45          |
|    policy_gradient_loss | -0.0193     |
|    value_loss           | 408         |
-----------------------------------------
[Progress] 0.87% | 1,299/150,000 steps | 0.3654 steps/s | ETA 113h 3m 9s
[Progress] 0.88% | 1,324/150,000 steps | 0.3655 steps/s | ETA 113h 0m 22s
[Progress] 0.90% | 1,349/150,000 steps | 0.3657 steps/s | ETA 112h 54m 52s
[Progress] 0.92% | 1,374/150,000 steps | 0.3652 steps/s | ETA 113h 3m 38s
[Progress] 0.93% | 1,399/150,000 steps | 0.3627 steps/s | ETA 113h 49m 14s
-----------------------------------------
| progress/               |             |
|    percent              | 0.933       |
|    steps_per_second     | 0.363       |
| rollout/                |             |
|    ep_len_mean          | 5.73        |
|    ep_rew_mean          | -13.2       |
| time/                   |             |
|    fps                  | 0           |
|    iterations           | 11          |
|    time_elapsed         | 3881        |
|    total_timesteps      | 1408        |
| train/                  |             |
|    approx_kl            | 0.002892185 |
|    clip_fraction        | 0           |
|    clip_range           | 0.2         |
|    entropy_loss         | -1.34       |
|    explained_variance   | -0.00312    |
|    learning_rate        | 0.0003      |
|    loss                 | 37.5        |
|    n_updates            | 50          |
|    policy_gradient_loss | 4.57e-06    |
|    value_loss           | 222         |
-----------------------------------------
[Progress] 0.95% | 1,424/150,000 steps | 0.3630 steps/s | ETA 113h 42m 0s
[Progress] 0.97% | 1,449/150,000 steps | 0.3625 steps/s | ETA 113h 49m 27s
[Progress] 0.98% | 1,474/150,000 steps | 0.3628 steps/s | ETA 113h 43m 1s
[Progress] 1.00% | 1,499/150,000 steps | 0.3631 steps/s | ETA 113h 35m 43s
Step 1,500 | Mean reward: -13.822 | Resolution: 23.0% | Escalation: 70.0%
[Progress] 1.02% | 1,524/150,000 steps | 0.3631 steps/s | ETA 113h 34m 38s
----------------------------------------------
| custom/                      |             |
|    dropout_rate              | 0.07        |
|    escalation_rate           | 0.7         |
|    mean_episode_length_100ep | 6.07        |
|    mean_reward_100ep         | -13.8       |
|    resolution_rate           | 0.23        |
|    timeout_rate              | 0           |
| progress/                    |             |
|    percent                   | 1.02        |
|    steps_per_second          | 0.363       |
| rollout/                     |             |
|    ep_len_mean               | 6.39        |
|    ep_rew_mean               | -13.4       |
| time/                        |             |
|    fps                       | 0           |
|    iterations                | 12          |
|    time_elapsed              | 4239        |
|    total_timesteps           | 1536        |
| train/                       |             |
|    approx_kl                 | 0.021112189 |
|    clip_fraction             | 0.15        |
|    clip_range                | 0.2         |
|    entropy_loss              | -1.34       |
|    explained_variance        | -0.0021     |
|    learning_rate             | 0.0003      |
|    loss                      | 90.4        |
|    n_updates                 | 55          |
|    policy_gradient_loss      | -0.00932    |
|    value_loss                | 411         |
----------------------------------------------
[Progress] 1.03% | 1,549/150,000 steps | 0.3624 steps/s | ETA 113h 46m 30s
[Progress] 1.05% | 1,574/150,000 steps | 0.3621 steps/s | ETA 113h 51m 27s
[Progress] 1.07% | 1,599/150,000 steps | 0.3623 steps/s | ETA 113h 47m 37s
[Progress] 1.08% | 1,624/150,000 steps | 0.3626 steps/s | ETA 113h 40m 29s
[Progress] 1.10% | 1,649/150,000 steps | 0.3624 steps/s | ETA 113h 42m 29s
------------------------------------------
| progress/               |              |
|    percent              | 1.1          |
|    steps_per_second     | 0.362        |
| rollout/                |              |
|    ep_len_mean          | 6.98         |
|    ep_rew_mean          | -13.3        |
| time/                   |              |
|    fps                  | 0            |
|    iterations           | 13           |
|    time_elapsed         | 4594         |
|    total_timesteps      | 1664         |
| train/                  |              |
|    approx_kl            | 0.0028691213 |
|    clip_fraction        | 0.00625      |
|    clip_range           | 0.2          |
|    entropy_loss         | -1.34        |
|    explained_variance   | -0.000971    |
|    learning_rate        | 0.0003       |
|    loss                 | 74.4         |
|    n_updates            | 60           |
|    policy_gradient_loss | -0.00207     |
|    value_loss           | 300          |
------------------------------------------
[Progress] 1.12% | 1,674/150,000 steps | 0.3622 steps/s | ETA 113h 45m 41s
[Progress] 1.13% | 1,699/150,000 steps | 0.3622 steps/s | ETA 113h 44m 17s
[Progress] 1.15% | 1,724/150,000 steps | 0.3620 steps/s | ETA 113h 45m 58s
[Progress] 1.17% | 1,749/150,000 steps | 0.3621 steps/s | ETA 113h 44m 17s
[Progress] 1.18% | 1,774/150,000 steps | 0.3620 steps/s | ETA 113h 44m 27s
------------------------------------------
| progress/               |              |
|    percent              | 1.18         |
|    steps_per_second     | 0.362        |
| rollout/                |              |
|    ep_len_mean          | 7.51         |
|    ep_rew_mean          | -13.8        |
| time/                   |              |
|    fps                  | 0            |
|    iterations           | 14           |
|    time_elapsed         | 4950         |
|    total_timesteps      | 1792         |
| train/                  |              |
|    approx_kl            | 0.0025665662 |
|    clip_fraction        | 0            |
|    clip_range           | 0.2          |
|    entropy_loss         | -1.34        |
|    explained_variance   | 0.0011       |
|    learning_rate        | 0.0003       |
|    loss                 | 124          |
|    n_updates            | 65           |
|    policy_gradient_loss | -0.0105      |
|    value_loss           | 512          |
------------------------------------------
[Progress] 1.20% | 1,799/150,000 steps | 0.3621 steps/s | ETA 113h 41m 55s
[Progress] 1.22% | 1,824/150,000 steps | 0.3619 steps/s | ETA 113h 43m 51s
[Progress] 1.23% | 1,849/150,000 steps | 0.3616 steps/s | ETA 113h 48m 12s
[Progress] 1.25% | 1,874/150,000 steps | 0.3618 steps/s | ETA 113h 43m 11s
[Progress] 1.27% | 1,899/150,000 steps | 0.3620 steps/s | ETA 113h 37m 46s
------------------------------------------
| progress/               |              |
|    percent              | 1.27         |
|    steps_per_second     | 0.362        |
| rollout/                |              |
|    ep_len_mean          | 8.23         |
|    ep_rew_mean          | -13.4        |
| time/                   |              |
|    fps                  | 0            |
|    iterations           | 15           |
|    time_elapsed         | 5307         |
|    total_timesteps      | 1920         |
| train/                  |              |
|    approx_kl            | 0.0012169718 |
|    clip_fraction        | 0            |
|    clip_range           | 0.2          |
|    entropy_loss         | -1.35        |
|    explained_variance   | 0.000201     |
|    learning_rate        | 0.0003       |
|    loss                 | 100          |
|    n_updates            | 70           |
|    policy_gradient_loss | -0.000324    |
|    value_loss           | 238          |
------------------------------------------
[Progress] 1.28% | 1,924/150,000 steps | 0.3617 steps/s | ETA 113h 43m 14s
[Progress] 1.30% | 1,949/150,000 steps | 0.3616 steps/s | ETA 113h 43m 46s
[Progress] 1.32% | 1,974/150,000 steps | 0.3611 steps/s | ETA 113h 52m 1s
[Progress] 1.33% | 1,999/150,000 steps | 0.3611 steps/s | ETA 113h 50m 18s
Step 2,000 | Mean reward: -14.755 | Resolution: 26.9% | Escalation: 61.3%
[Progress] 1.35% | 2,024/150,000 steps | 0.3613 steps/s | ETA 113h 46m 31s
----------------------------------------------
| custom/                      |             |
|    dropout_rate              | 0.118       |
|    escalation_rate           | 0.613       |
|    mean_episode_length_100ep | 8.72        |
|    mean_reward_100ep         | -14.8       |
|    resolution_rate           | 0.269       |
|    timeout_rate              | 0           |
| progress/                    |             |
|    percent                   | 1.35        |
|    steps_per_second          | 0.361       |
| rollout/                     |             |
|    ep_len_mean               | 8.96        |
|    ep_rew_mean               | -16.3       |
| time/                        |             |
|    fps                       | 0           |
|    iterations                | 16          |
|    time_elapsed              | 5665        |
|    total_timesteps           | 2048        |
| train/                       |             |
|    approx_kl                 | 0.015981244 |
|    clip_fraction             | 0.108       |
|    clip_range                | 0.2         |
|    entropy_loss              | -1.29       |
|    explained_variance        | -0.000377   |
|    learning_rate             | 0.0003      |
|    loss                      | 46.5        |
|    n_updates                 | 75          |
|    policy_gradient_loss      | -0.00292    |
|    value_loss                | 305         |
----------------------------------------------
[Progress] 1.37% | 2,049/150,000 steps | 0.3615 steps/s | ETA 113h 40m 31s
[Progress] 1.38% | 2,074/150,000 steps | 0.3617 steps/s | ETA 113h 35m 58s
[Progress] 1.40% | 2,099/150,000 steps | 0.3617 steps/s | ETA 113h 34m 23s
[Progress] 1.42% | 2,124/150,000 steps | 0.3609 steps/s | ETA 113h 48m 58s
[Progress] 1.43% | 2,149/150,000 steps | 0.3609 steps/s | ETA 113h 48m 17s
[Progress] 1.45% | 2,174/150,000 steps | 0.3610 steps/s | ETA 113h 45m 24s
------------------------------------------
| progress/               |              |
|    percent              | 1.45         |
|    steps_per_second     | 0.361        |
| rollout/                |              |
|    ep_len_mean          | 9.24         |
|    ep_rew_mean          | -15          |
| time/                   |              |
|    fps                  | 0            |
|    iterations           | 17           |
|    time_elapsed         | 6028         |
|    total_timesteps      | 2176         |
| train/                  |              |
|    approx_kl            | 0.0017722603 |
|    clip_fraction        | 0            |
|    clip_range           | 0.2          |
|    entropy_loss         | -1.26        |
|    explained_variance   | 0.00266      |
|    learning_rate        | 0.0003       |
|    loss                 | 94.6         |
|    n_updates            | 80           |
|    policy_gradient_loss | -0.00368     |
|    value_loss           | 345          |
------------------------------------------
[Progress] 1.47% | 2,199/150,000 steps | 0.3607 steps/s | ETA 113h 49m 22s
[Progress] 1.48% | 2,224/150,000 steps | 0.3609 steps/s | ETA 113h 43m 29s
[Progress] 1.50% | 2,249/150,000 steps | 0.3608 steps/s | ETA 113h 45m 33s
[Progress] 1.52% | 2,274/150,000 steps | 0.3606 steps/s | ETA 113h 48m 13s
[Progress] 1.53% | 2,299/150,000 steps | 0.3605 steps/s | ETA 113h 49m 6s
-----------------------------------------
| progress/               |             |
|    percent              | 1.53        |
|    steps_per_second     | 0.36        |
| rollout/                |             |
|    ep_len_mean          | 9.24        |
|    ep_rew_mean          | -12.8       |
| time/                   |             |
|    fps                  | 0           |
|    iterations           | 18          |
|    time_elapsed         | 6396        |
|    total_timesteps      | 2304        |
| train/                  |             |
|    approx_kl            | 0.005519798 |
|    clip_fraction        | 0.0172      |
|    clip_range           | 0.2         |
|    entropy_loss         | -1.24       |
|    explained_variance   | 0.000131    |
|    learning_rate        | 0.0003      |
|    loss                 | 88.3        |
|    n_updates            | 85          |
|    policy_gradient_loss | -0.00883    |
|    value_loss           | 365         |
-----------------------------------------
[Progress] 1.55% | 2,324/150,000 steps | 0.3603 steps/s | ETA 113h 50m 46s
[Progress] 1.57% | 2,349/150,000 steps | 0.3601 steps/s | ETA 113h 54m 12s
[Progress] 1.58% | 2,374/150,000 steps | 0.3600 steps/s | ETA 113h 54m 9s
[Progress] 1.60% | 2,399/150,000 steps | 0.3600 steps/s | ETA 113h 53m 40s
[Progress] 1.62% | 2,424/150,000 steps | 0.3597 steps/s | ETA 113h 57m 14s
------------------------------------------
| progress/               |              |
|    percent              | 1.62         |
|    steps_per_second     | 0.36         |
| rollout/                |              |
|    ep_len_mean          | 9.77         |
|    ep_rew_mean          | -12.1        |
| time/                   |              |
|    fps                  | 0            |
|    iterations           | 19           |
|    time_elapsed         | 6761         |
|    total_timesteps      | 2432         |
| train/                  |              |
|    approx_kl            | 0.0052125766 |
|    clip_fraction        | 0            |
|    clip_range           | 0.2          |
|    entropy_loss         | -1.16        |
|    explained_variance   | -0.00042     |
|    learning_rate        | 0.0003       |
|    loss                 | 162          |
|    n_updates            | 90           |
|    policy_gradient_loss | -0.00535     |
|    value_loss           | 548          |
------------------------------------------
[Progress] 1.63% | 2,449/150,000 steps | 0.3596 steps/s | ETA 113h 59m 28s
[Progress] 1.65% | 2,474/150,000 steps | 0.3598 steps/s | ETA 113h 53m 44s
[Progress] 1.67% | 2,499/150,000 steps | 0.3594 steps/s | ETA 113h 59m 33s
Step 2,500 | Mean reward: -10.883 | Resolution: 34.2% | Escalation: 51.0%
[Progress] 1.68% | 2,524/150,000 steps | 0.3594 steps/s | ETA 113h 58m 48s
[Progress] 1.70% | 2,549/150,000 steps | 0.3595 steps/s | ETA 113h 54m 59s
------------------------------------------------
| custom/                      |               |
|    dropout_rate              | 0.148         |
|    escalation_rate           | 0.51          |
|    mean_episode_length_100ep | 9.99          |
|    mean_reward_100ep         | -10.9         |
|    resolution_rate           | 0.342         |
|    timeout_rate              | 0             |
| progress/                    |               |
|    percent                   | 1.7           |
|    steps_per_second          | 0.36          |
| rollout/                     |               |
|    ep_len_mean               | 9.93          |
|    ep_rew_mean               | -10.9         |
| time/                        |               |
|    fps                       | 0             |
|    iterations                | 20            |
|    time_elapsed              | 7119          |
|    total_timesteps           | 2560          |
| train/                       |               |
|    approx_kl                 | 0.00086339004 |
|    clip_fraction             | 0             |
|    clip_range                | 0.2           |
|    entropy_loss              | -1.12         |
|    explained_variance        | -0.000965     |
|    learning_rate             | 0.0003        |
|    loss                      | 61.6          |
|    n_updates                 | 95            |
|    policy_gradient_loss      | -0.00415      |
|    value_loss                | 297           |
------------------------------------------------
[Progress] 1.72% | 2,574/150,000 steps | 0.3595 steps/s | ETA 113h 54m 24s
[Progress] 1.73% | 2,599/150,000 steps | 0.3594 steps/s | ETA 113h 55m 14s
[Progress] 1.75% | 2,624/150,000 steps | 0.3595 steps/s | ETA 113h 52m 40s
[Progress] 1.77% | 2,649/150,000 steps | 0.3595 steps/s | ETA 113h 50m 54s
[Progress] 1.78% | 2,674/150,000 steps | 0.3596 steps/s | ETA 113h 48m 49s
------------------------------------------
| progress/               |              |
|    percent              | 1.78         |
|    steps_per_second     | 0.36         |
| rollout/                |              |
|    ep_len_mean          | 10.4         |
|    ep_rew_mean          | -10.5        |
| time/                   |              |
|    fps                  | 0            |
|    iterations           | 21           |
|    time_elapsed         | 7475         |
|    total_timesteps      | 2688         |
| train/                  |              |
|    approx_kl            | 0.0042054877 |
|    clip_fraction        | 0            |
|    clip_range           | 0.2          |
|    entropy_loss         | -1.11        |
|    explained_variance   | 0.000197     |
|    learning_rate        | 0.0003       |
|    loss                 | 104          |
|    n_updates            | 100          |
|    policy_gradient_loss | -0.00517     |
|    value_loss           | 410          |
------------------------------------------
[Progress] 1.80% | 2,699/150,000 steps | 0.3594 steps/s | ETA 113h 50m 21s
[Progress] 1.82% | 2,724/150,000 steps | 0.3563 steps/s | ETA 114h 49m 42s
[Progress] 1.83% | 2,749/150,000 steps | 0.3530 steps/s | ETA 115h 52m 49s
[Progress] 1.85% | 2,774/150,000 steps | 0.3532 steps/s | ETA 115h 47m 10s
[Progress] 1.87% | 2,799/150,000 steps | 0.3534 steps/s | ETA 115h 41m 50s
------------------------------------------
| progress/               |              |
|    percent              | 1.87         |
|    steps_per_second     | 0.353        |
| rollout/                |              |
|    ep_len_mean          | 10.7         |
|    ep_rew_mean          | -9.41        |
| time/                   |              |
|    fps                  | 0            |
|    iterations           | 22           |
|    time_elapsed         | 7971         |
|    total_timesteps      | 2816         |
| train/                  |              |
|    approx_kl            | 0.0013190396 |
|    clip_fraction        | 0            |
|    clip_range           | 0.2          |
|    entropy_loss         | -1.1         |
|    explained_variance   | -0.000934    |
|    learning_rate        | 0.0003       |
|    loss                 | 86.1         |
|    n_updates            | 105          |
|    policy_gradient_loss | -0.0023      |
|    value_loss           | 291          |
------------------------------------------
[Progress] 1.88% | 2,824/150,000 steps | 0.3532 steps/s | ETA 115h 44m 14s
[Progress] 1.90% | 2,849/150,000 steps | 0.3532 steps/s | ETA 115h 44m 25s
[Progress] 1.92% | 2,874/150,000 steps | 0.3530 steps/s | ETA 115h 46m 3s
[Progress] 1.93% | 2,899/150,000 steps | 0.3531 steps/s | ETA 115h 43m 33s
[Progress] 1.95% | 2,924/150,000 steps | 0.3531 steps/s | ETA 115h 42m 35s
-----------------------------------------
| progress/               |             |
|    percent              | 1.95        |
|    steps_per_second     | 0.353       |
| rollout/                |             |
|    ep_len_mean          | 10.8        |
|    ep_rew_mean          | -8.91       |
| time/                   |             |
|    fps                  | 0           |
|    iterations           | 23          |
|    time_elapsed         | 8337        |
|    total_timesteps      | 2944        |
| train/                  |             |
|    approx_kl            | 0.001048753 |
|    clip_fraction        | 0           |
|    clip_range           | 0.2         |
|    entropy_loss         | -1.07       |
|    explained_variance   | 0.000737    |
|    learning_rate        | 0.0003      |
|    loss                 | 104         |
|    n_updates            | 110         |
|    policy_gradient_loss | 0.000306    |
|    value_loss           | 419         |
-----------------------------------------
[Progress] 1.97% | 2,949/150,000 steps | 0.3531 steps/s | ETA 115h 40m 6s
[Progress] 1.98% | 2,974/150,000 steps | 0.3530 steps/s | ETA 115h 42m 6s
[Progress] 2.00% | 2,999/150,000 steps | 0.3531 steps/s | ETA 115h 39m 25s
Step 3,000 | Mean reward: -9.181 | Resolution: 36.9% | Escalation: 43.6%
[Progress] 2.02% | 3,024/150,000 steps | 0.3531 steps/s | ETA 115h 36m 55s
[Progress] 2.03% | 3,049/150,000 steps | 0.3532 steps/s | ETA 115h 34m 11s
----------------------------------------------
| custom/                      |             |
|    dropout_rate              | 0.196       |
|    escalation_rate           | 0.436       |
|    mean_episode_length_100ep | 10.9        |
|    mean_reward_100ep         | -9.18       |
|    resolution_rate           | 0.369       |
|    timeout_rate              | 0           |
| progress/                    |             |
|    percent                   | 2.03        |
|    steps_per_second          | 0.353       |
| rollout/                     |             |
|    ep_len_mean               | 11.1        |
|    ep_rew_mean               | -7.71       |
| time/                        |             |
|    fps                       | 0           |
|    iterations                | 24          |
|    time_elapsed              | 8700        |
|    total_timesteps           | 3072        |
| train/                       |             |
|    approx_kl                 | 0.007533877 |
|    clip_fraction             | 0.0516      |
|    clip_range                | 0.2         |
|    entropy_loss              | -1.1        |
|    explained_variance        | -0.000666   |
|    learning_rate             | 0.0003      |
|    loss                      | 124         |
|    n_updates                 | 115         |
|    policy_gradient_loss      | -0.0119     |
|    value_loss                | 389         |
----------------------------------------------
[Progress] 2.05% | 3,074/150,000 steps | 0.3530 steps/s | ETA 115h 37m 17s
[Progress] 2.07% | 3,099/150,000 steps | 0.3530 steps/s | ETA 115h 35m 47s
[Progress] 2.08% | 3,124/150,000 steps | 0.3531 steps/s | ETA 115h 32m 19s
[Progress] 2.10% | 3,149/150,000 steps | 0.3532 steps/s | ETA 115h 28m 58s
[Progress] 2.12% | 3,174/150,000 steps | 0.3532 steps/s | ETA 115h 27m 25s
[Progress] 2.13% | 3,199/150,000 steps | 0.3532 steps/s | ETA 115h 27m 9s
-----------------------------------------
| progress/               |             |
|    percent              | 2.13        |
|    steps_per_second     | 0.353       |
| rollout/                |             |
|    ep_len_mean          | 11.7        |
|    ep_rew_mean          | -7.88       |
| time/                   |             |
|    fps                  | 0           |
|    iterations           | 25          |
|    time_elapsed         | 9060        |
|    total_timesteps      | 3200        |
| train/                  |             |
|    approx_kl            | 0.024646394 |
|    clip_fraction        | 0.261       |
|    clip_range           | 0.2         |
|    entropy_loss         | -1.12       |
|    explained_variance   | -4.86e-05   |
|    learning_rate        | 0.0003      |
|    loss                 | 101         |
|    n_updates            | 120         |
|    policy_gradient_loss | -0.0129     |
|    value_loss           | 440         |
-----------------------------------------
[Progress] 2.15% | 3,224/150,000 steps | 0.3531 steps/s | ETA 115h 27m 8s
[Progress] 2.17% | 3,249/150,000 steps | 0.3531 steps/s | ETA 115h 26m 47s
[Progress] 2.18% | 3,274/150,000 steps | 0.3528 steps/s | ETA 115h 31m 12s
[Progress] 2.20% | 3,299/150,000 steps | 0.3530 steps/s | ETA 115h 27m 0s
[Progress] 2.22% | 3,324/150,000 steps | 0.3532 steps/s | ETA 115h 21m 59s
------------------------------------------
| progress/               |              |
|    percent              | 2.22         |
|    steps_per_second     | 0.353        |
| rollout/                |              |
|    ep_len_mean          | 12.3         |
|    ep_rew_mean          | -7.56        |
| time/                   |              |
|    fps                  | 0            |
|    iterations           | 26           |
|    time_elapsed         | 9423         |
|    total_timesteps      | 3328         |
| train/                  |              |
|    approx_kl            | 0.0005709459 |
|    clip_fraction        | 0            |
|    clip_range           | 0.2          |
|    entropy_loss         | -1.13        |
|    explained_variance   | 0.000661     |
|    learning_rate        | 0.0003       |
|    loss                 | 48.9         |
|    n_updates            | 125          |
|    policy_gradient_loss | -0.00102     |
|    value_loss           | 203          |
------------------------------------------
[Progress] 2.23% | 3,349/150,000 steps | 0.3530 steps/s | ETA 115h 24m 8s
[Progress] 2.25% | 3,374/150,000 steps | 0.3526 steps/s | ETA 115h 30m 36s
[Progress] 2.27% | 3,399/150,000 steps | 0.3525 steps/s | ETA 115h 32m 2s
[Progress] 2.28% | 3,424/150,000 steps | 0.3525 steps/s | ETA 115h 29m 20s
[Progress] 2.30% | 3,449/150,000 steps | 0.3525 steps/s | ETA 115h 28m 47s
------------------------------------------
| progress/               |              |
|    percent              | 2.3          |
|    steps_per_second     | 0.353        |
| rollout/                |              |
|    ep_len_mean          | 13.1         |
|    ep_rew_mean          | -9.07        |
| time/                   |              |
|    fps                  | 0            |
|    iterations           | 27           |
|    time_elapsed         | 9808         |
|    total_timesteps      | 3456         |
| train/                  |              |
|    approx_kl            | 0.0042791525 |
|    clip_fraction        | 0            |
|    clip_range           | 0.2          |
|    entropy_loss         | -1.12        |
|    explained_variance   | 0.000382     |
|    learning_rate        | 0.0003       |
|    loss                 | 115          |
|    n_updates            | 130          |
|    policy_gradient_loss | -0.0056      |
|    value_loss           | 739          |
------------------------------------------
[Progress] 2.32% | 3,474/150,000 steps | 0.3523 steps/s | ETA 115h 31m 18s
[Progress] 2.33% | 3,499/150,000 steps | 0.3526 steps/s | ETA 115h 24m 37s
Step 3,500 | Mean reward: -9.789 | Resolution: 37.6% | Escalation: 38.5%
[Progress] 2.35% | 3,524/150,000 steps | 0.3528 steps/s | ETA 115h 19m 41s
[Progress] 2.37% | 3,549/150,000 steps | 0.3527 steps/s | ETA 115h 19m 37s
[Progress] 2.38% | 3,574/150,000 steps | 0.3526 steps/s | ETA 115h 21m 52s
-----------------------------------------------
| custom/                      |              |
|    dropout_rate              | 0.239        |
|    escalation_rate           | 0.385        |
|    mean_episode_length_100ep | 13.3         |
|    mean_reward_100ep         | -9.79        |
|    resolution_rate           | 0.376        |
|    timeout_rate              | 0            |
| progress/                    |              |
|    percent                   | 2.38         |
|    steps_per_second          | 0.353        |
| rollout/                     |              |
|    ep_len_mean               | 13.3         |
|    ep_rew_mean               | -10.5        |
| time/                        |              |
|    fps                       | 0            |
|    iterations                | 28           |
|    time_elapsed              | 10167        |
|    total_timesteps           | 3584         |
| train/                       |              |
|    approx_kl                 | 0.0020339238 |
|    clip_fraction             | 0            |
|    clip_range                | 0.2          |
|    entropy_loss              | -1.09        |
|    explained_variance        | 0.000496     |
|    learning_rate             | 0.0003       |
|    loss                      | 181          |
|    n_updates                 | 135          |
|    policy_gradient_loss      | -0.00243     |
|    value_loss                | 1.01e+03     |
-----------------------------------------------
[Progress] 2.40% | 3,599/150,000 steps | 0.3524 steps/s | ETA 115h 23m 15s
[Progress] 2.42% | 3,624/150,000 steps | 0.3525 steps/s | ETA 115h 21m 44s
[Progress] 2.43% | 3,649/150,000 steps | 0.3524 steps/s | ETA 115h 21m 10s
[Progress] 2.45% | 3,674/150,000 steps | 0.3525 steps/s | ETA 115h 19m 11s
[Progress] 2.47% | 3,699/150,000 steps | 0.3524 steps/s | ETA 115h 19m 9s
------------------------------------------
| progress/               |              |
|    percent              | 2.47         |
|    steps_per_second     | 0.352        |
| rollout/                |              |
|    ep_len_mean          | 13.9         |
|    ep_rew_mean          | -11.1        |
| time/                   |              |
|    fps                  | 0            |
|    iterations           | 29           |
|    time_elapsed         | 10532        |
|    total_timesteps      | 3712         |
| train/                  |              |
|    approx_kl            | 0.0038546147 |
|    clip_fraction        | 0            |
|    clip_range           | 0.2          |
|    entropy_loss         | -1.1         |
|    explained_variance   | -0.00028     |
|    learning_rate        | 0.0003       |
|    loss                 | 76.2         |
|    n_updates            | 140          |
|    policy_gradient_loss | -0.00217     |
|    value_loss           | 298          |
------------------------------------------
[Progress] 2.48% | 3,724/150,000 steps | 0.3523 steps/s | ETA 115h 19m 38s
[Progress] 2.50% | 3,749/150,000 steps | 0.3524 steps/s | ETA 115h 16m 11s
[Progress] 2.52% | 3,774/150,000 steps | 0.3525 steps/s | ETA 115h 14m 2s
[Progress] 2.53% | 3,799/150,000 steps | 0.3523 steps/s | ETA 115h 15m 34s
[Progress] 2.55% | 3,824/150,000 steps | 0.3523 steps/s | ETA 115h 16m 6s
------------------------------------------
| progress/               |              |
|    percent              | 2.55         |
|    steps_per_second     | 0.352        |
| rollout/                |              |
|    ep_len_mean          | 14.3         |
|    ep_rew_mean          | -10.6        |
| time/                   |              |
|    fps                  | 0            |
|    iterations           | 30           |
|    time_elapsed         | 10902        |
|    total_timesteps      | 3840         |
| train/                  |              |
|    approx_kl            | 0.0012397771 |
|    clip_fraction        | 0            |
|    clip_range           | 0.2          |
|    entropy_loss         | -1.12        |
|    explained_variance   | -0.000116    |
|    learning_rate        | 0.0003       |
|    loss                 | 89.8         |
|    n_updates            | 145          |
|    policy_gradient_loss | 0.00379      |
|    value_loss           | 320          |
------------------------------------------
[Progress] 2.57% | 3,849/150,000 steps | 0.3522 steps/s | ETA 115h 15m 34s
[Progress] 2.58% | 3,874/150,000 steps | 0.3523 steps/s | ETA 115h 12m 54s
[Progress] 2.60% | 3,899/150,000 steps | 0.3523 steps/s | ETA 115h 12m 24s
[Progress] 2.62% | 3,924/150,000 steps | 0.3521 steps/s | ETA 115h 13m 43s
[Progress] 2.63% | 3,949/150,000 steps | 0.3520 steps/s | ETA 115h 15m 12s
------------------------------------------
| progress/               |              |
|    percent              | 2.63         |
|    steps_per_second     | 0.352        |
| rollout/                |              |
|    ep_len_mean          | 14.7         |
|    ep_rew_mean          | -11.8        |
| time/                   |              |
|    fps                  | 0            |
|    iterations           | 31           |
|    time_elapsed         | 11271        |
|    total_timesteps      | 3968         |
| train/                  |              |
|    approx_kl            | 0.0023204917 |
|    clip_fraction        | 0            |
|    clip_range           | 0.2          |
|    entropy_loss         | -1.09        |
|    explained_variance   | 0.000652     |
|    learning_rate        | 0.0003       |
|    loss                 | 140          |
|    n_updates            | 150          |
|    policy_gradient_loss | -0.00129     |
|    value_loss           | 587          |
------------------------------------------
[Progress] 2.65% | 3,974/150,000 steps | 0.3521 steps/s | ETA 115h 12m 37s
[Progress] 2.67% | 3,999/150,000 steps | 0.3519 steps/s | ETA 115h 14m 0s
Step 4,000 | Mean reward: -12.420 | Resolution: 40.0% | Escalation: 34.3%
[Progress] 2.68% | 4,024/150,000 steps | 0.3518 steps/s | ETA 115h 15m 12s
[Progress] 2.70% | 4,049/150,000 steps | 0.3519 steps/s | ETA 115h 12m 35s
[Progress] 2.72% | 4,074/150,000 steps | 0.3519 steps/s | ETA 115h 11m 49s
-----------------------------------------------
| custom/                      |              |
|    dropout_rate              | 0.257        |
|    escalation_rate           | 0.343        |
|    mean_episode_length_100ep | 14.9         |
|    mean_reward_100ep         | -12.4        |
|    resolution_rate           | 0.4          |
|    timeout_rate              | 0            |
| progress/                    |              |
|    percent                   | 2.72         |
|    steps_per_second          | 0.352        |
| rollout/                     |              |
|    ep_len_mean               | 15.2         |
|    ep_rew_mean               | -12.4        |
| time/                        |              |
|    fps                       | 0            |
|    iterations                | 32           |
|    time_elapsed              | 11644        |
|    total_timesteps           | 4096         |
| train/                       |              |
|    approx_kl                 | 0.0018472867 |
|    clip_fraction             | 0            |
|    clip_range                | 0.2          |
|    entropy_loss              | -1.07        |
|    explained_variance        | -0.000442    |
|    learning_rate             | 0.0003       |
|    loss                      | 76.3         |
|    n_updates                 | 155          |
|    policy_gradient_loss      | -0.00407     |
|    value_loss                | 382          |
-----------------------------------------------
[Progress] 2.73% | 4,099/150,000 steps | 0.3518 steps/s | ETA 115h 13m 2s
[Progress] 2.75% | 4,124/150,000 steps | 0.3518 steps/s | ETA 115h 10m 28s
[Progress] 2.77% | 4,149/150,000 steps | 0.3520 steps/s | ETA 115h 5m 20s
[Progress] 2.78% | 4,174/150,000 steps | 0.3521 steps/s | ETA 115h 2m 28s
[Progress] 2.80% | 4,199/150,000 steps | 0.3521 steps/s | ETA 115h 0m 34s
[Progress] 2.82% | 4,224/150,000 steps | 0.3521 steps/s | ETA 114h 59m 49s
-----------------------------------------
| progress/               |             |
|    percent              | 2.82        |
|    steps_per_second     | 0.352       |
| rollout/                |             |
|    ep_len_mean          | 15.2        |
|    ep_rew_mean          | -12.1       |
| time/                   |             |
|    fps                  | 0           |
|    iterations           | 33          |
|    time_elapsed         | 11995       |
|    total_timesteps      | 4224        |
| train/                  |             |
|    approx_kl            | 0.005703889 |
|    clip_fraction        | 0           |
|    clip_range           | 0.2         |
|    entropy_loss         | -1.06       |
|    explained_variance   | -0.000316   |
|    learning_rate        | 0.0003      |
|    loss                 | 95.1        |
|    n_updates            | 160         |
|    policy_gradient_loss | -0.00184    |
|    value_loss           | 401         |
-----------------------------------------
[Progress] 2.83% | 4,249/150,000 steps | 0.3521 steps/s | ETA 114h 59m 26s
[Progress] 2.85% | 4,274/150,000 steps | 0.3522 steps/s | ETA 114h 56m 14s
[Progress] 2.87% | 4,299/150,000 steps | 0.3522 steps/s | ETA 114h 53m 52s
[Progress] 2.88% | 4,324/150,000 steps | 0.3523 steps/s | ETA 114h 51m 15s
[Progress] 2.90% | 4,349/150,000 steps | 0.3523 steps/s | ETA 114h 50m 26s
-------------------------------------------
| progress/               |               |
|    percent              | 2.9           |
|    steps_per_second     | 0.352         |
| rollout/                |               |
|    ep_len_mean          | 15.3          |
|    ep_rew_mean          | -10.2         |
| time/                   |               |
|    fps                  | 0             |
|    iterations           | 34            |
|    time_elapsed         | 12352         |
|    total_timesteps      | 4352          |
| train/                  |               |
|    approx_kl            | 2.0348001e-05 |
|    clip_fraction        | 0             |
|    clip_range           | 0.2           |
|    entropy_loss         | -1.05         |
|    explained_variance   | -0.0012       |
|    learning_rate        | 0.0003        |
|    loss                 | 118           |
|    n_updates            | 165           |
|    policy_gradient_loss | 0.000276      |
|    value_loss           | 396           |
-------------------------------------------
[Progress] 2.92% | 4,374/150,000 steps | 0.3524 steps/s | ETA 114h 46m 35s
[Progress] 2.93% | 4,399/150,000 steps | 0.3524 steps/s | ETA 114h 45m 33s
[Progress] 2.95% | 4,424/150,000 steps | 0.3524 steps/s | ETA 114h 44m 58s
[Progress] 2.97% | 4,449/150,000 steps | 0.3525 steps/s | ETA 114h 40m 56s
[Progress] 2.98% | 4,474/150,000 steps | 0.3527 steps/s | ETA 114h 37m 12s
-------------------------------------------
| progress/               |               |
|    percent              | 2.98          |
|    steps_per_second     | 0.353         |
| rollout/                |               |
|    ep_len_mean          | 15.5          |
|    ep_rew_mean          | -10.7         |
| time/                   |               |
|    fps                  | 0             |
|    iterations           | 35            |
|    time_elapsed         | 12705         |
|    total_timesteps      | 4480          |
| train/                  |               |
|    approx_kl            | 0.00071610464 |
|    clip_fraction        | 0             |
|    clip_range           | 0.2           |
|    entropy_loss         | -1.05         |
|    explained_variance   | 0.000294      |
|    learning_rate        | 0.0003        |
|    loss                 | 201           |
|    n_updates            | 170           |
|    policy_gradient_loss | 0.000679      |
|    value_loss           | 687           |
-------------------------------------------
[Progress] 3.00% | 4,499/150,000 steps | 0.3526 steps/s | ETA 114h 38m 15s
Step 4,500 | Mean reward: -11.300 | Resolution: 41.1% | Escalation: 30.6%
[Progress] 3.02% | 4,524/150,000 steps | 0.3526 steps/s | ETA 114h 36m 45s
[Progress] 3.03% | 4,549/150,000 steps | 0.3528 steps/s | ETA 114h 32m 8s
[Progress] 3.05% | 4,574/150,000 steps | 0.3528 steps/s | ETA 114h 29m 26s
[Progress] 3.07% | 4,599/150,000 steps | 0.3528 steps/s | ETA 114h 29m 35s
-----------------------------------------------
| custom/                      |              |
|    dropout_rate              | 0.283        |
|    escalation_rate           | 0.306        |
|    mean_episode_length_100ep | 15.6         |
|    mean_reward_100ep         | -11.3        |
|    resolution_rate           | 0.411        |
|    timeout_rate              | 0            |
| progress/                    |              |
|    percent                   | 3.07         |
|    steps_per_second          | 0.353        |
| rollout/                     |              |
|    ep_len_mean               | 16.2         |
|    ep_rew_mean               | -12.7        |
| time/                        |              |
|    fps                       | 0            |
|    iterations                | 36           |
|    time_elapsed              | 13069        |
|    total_timesteps           | 4608         |
| train/                       |              |
|    approx_kl                 | 0.0075401813 |
|    clip_fraction             | 0.0437       |
|    clip_range                | 0.2          |
|    entropy_loss              | -1.08        |
|    explained_variance        | -0.000104    |
|    learning_rate             | 0.0003       |
|    loss                      | 82.7         |
|    n_updates                 | 175          |
|    policy_gradient_loss      | -0.00907     |
|    value_loss                | 289          |
-----------------------------------------------
[Progress] 3.08% | 4,624/150,000 steps | 0.3522 steps/s | ETA 114h 39m 4s
[Progress] 3.10% | 4,649/150,000 steps | 0.3520 steps/s | ETA 114h 41m 13s
[Progress] 3.12% | 4,674/150,000 steps | 0.3520 steps/s | ETA 114h 40m 12s
[Progress] 3.13% | 4,699/150,000 steps | 0.3520 steps/s | ETA 114h 40m 20s
[Progress] 3.15% | 4,724/150,000 steps | 0.3520 steps/s | ETA 114h 39m 32s
------------------------------------------
| progress/               |              |
|    percent              | 3.15         |
|    steps_per_second     | 0.352        |
| rollout/                |              |
|    ep_len_mean          | 16.1         |
|    ep_rew_mean          | -11.9        |
| time/                   |              |
|    fps                  | 0            |
|    iterations           | 37           |
|    time_elapsed         | 13459        |
|    total_timesteps      | 4736         |
| train/                  |              |
|    approx_kl            | 0.0006694677 |
|    clip_fraction        | 0            |
|    clip_range           | 0.2          |
|    entropy_loss         | -1.1         |
|    explained_variance   | 0.000365     |
|    learning_rate        | 0.0003       |
|    loss                 | 262          |
|    n_updates            | 180          |
|    policy_gradient_loss | 0.00175      |
|    value_loss           | 1.09e+03     |
------------------------------------------
[Progress] 3.17% | 4,749/150,000 steps | 0.3520 steps/s | ETA 114h 37m 44s
[Progress] 3.18% | 4,774/150,000 steps | 0.3519 steps/s | ETA 114h 37m 53s
[Progress] 3.20% | 4,799/150,000 steps | 0.3519 steps/s | ETA 114h 37m 25s
[Progress] 3.22% | 4,824/150,000 steps | 0.3520 steps/s | ETA 114h 34m 38s
[Progress] 3.23% | 4,849/150,000 steps | 0.3519 steps/s | ETA 114h 34m 30s
----------------------------------------
| progress/               |            |
|    percent              | 3.23       |
|    steps_per_second     | 0.352      |
| rollout/                |            |
|    ep_len_mean          | 15.5       |
|    ep_rew_mean          | -9.69      |
| time/                   |            |
|    fps                  | 0          |
|    iterations           | 38         |
|    time_elapsed         | 13823      |
|    total_timesteps      | 4864       |
| train/                  |            |
|    approx_kl            | 0.00788505 |
|    clip_fraction        | 0.00625    |
|    clip_range           | 0.2        |
|    entropy_loss         | -1.08      |
|    explained_variance   | 0.000562   |
|    learning_rate        | 0.0003     |
|    loss                 | 100        |
|    n_updates            | 185        |
|    policy_gradient_loss | -0.00672   |
|    value_loss           | 472        |
----------------------------------------
[Progress] 3.25% | 4,874/150,000 steps | 0.3519 steps/s | ETA 114h 33m 11s
[Progress] 3.27% | 4,899/150,000 steps | 0.3521 steps/s | ETA 114h 28m 14s
[Progress] 3.28% | 4,924/150,000 steps | 0.3522 steps/s | ETA 114h 24m 23s
[Progress] 3.30% | 4,949/150,000 steps | 0.3523 steps/s | ETA 114h 22m 12s
[Progress] 3.32% | 4,974/150,000 steps | 0.3524 steps/s | ETA 114h 18m 34s
-----------------------------------------
| progress/               |             |
|    percent              | 3.32        |
|    steps_per_second     | 0.352       |
| rollout/                |             |
|    ep_len_mean          | 14.7        |
|    ep_rew_mean          | -7.09       |
| time/                   |             |
|    fps                  | 0           |
|    iterations           | 39          |
|    time_elapsed         | 14166       |
|    total_timesteps      | 4992        |
| train/                  |             |
|    approx_kl            | 0.004230914 |
|    clip_fraction        | 0           |
|    clip_range           | 0.2         |
|    entropy_loss         | -1.02       |
|    explained_variance   | -0.000367   |
|    learning_rate        | 0.0003      |
|    loss                 | 117         |
|    n_updates            | 190         |
|    policy_gradient_loss | 0.00406     |
|    value_loss           | 565         |
-----------------------------------------
[Progress] 3.33% | 4,999/150,000 steps | 0.3524 steps/s | ETA 114h 17m 9s
Step 5,000 | Mean reward: -7.095 | Resolution: 43.6% | Escalation: 27.4%
New best model saved: -44.013
[Progress] 3.35% | 5,024/150,000 steps | 0.3378 steps/s | ETA 119h 13m 43s
[Progress] 3.37% | 5,049/150,000 steps | 0.3379 steps/s | ETA 119h 10m 38s
[Progress] 3.38% | 5,074/150,000 steps | 0.3379 steps/s | ETA 119h 9m 17s
[Progress] 3.40% | 5,099/150,000 steps | 0.3379 steps/s | ETA 119h 7m 4s
---------------------------------------------
| custom/                      |            |
|    dropout_rate              | 0.291      |
|    escalation_rate           | 0.274      |
|    mean_episode_length_100ep | 14.7       |
|    mean_reward_100ep         | -7.09      |
|    resolution_rate           | 0.436      |
|    timeout_rate              | 0          |
| eval/                        |            |
|    escalation_rate           | 0          |
|    mean_reward               | -44        |
|    resolution_rate           | 0.05       |
| progress/                    |            |
|    percent                   | 3.4        |
|    steps_per_second          | 0.338      |
| rollout/                     |            |
|    ep_len_mean               | 15         |
|    ep_rew_mean               | -7.74      |
| time/                        |            |
|    fps                       | 0          |
|    iterations                | 40         |
|    time_elapsed              | 15151      |
|    total_timesteps           | 5120       |
| train/                       |            |
|    approx_kl                 | 0.00719369 |
|    clip_fraction             | 0.0828     |
|    clip_range                | 0.2        |
|    entropy_loss              | -1.04      |
|    explained_variance        | 0.000382   |
|    learning_rate             | 0.0003     |
|    loss                      | 170        |
|    n_updates                 | 195        |
|    policy_gradient_loss      | -0.00626   |
|    value_loss                | 610        |
---------------------------------------------
[Progress] 3.42% | 5,124/150,000 steps | 0.3379 steps/s | ETA 119h 4m 54s
[Progress] 3.43% | 5,149/150,000 steps | 0.3380 steps/s | ETA 119h 2m 16s
[Progress] 3.45% | 5,174/150,000 steps | 0.3380 steps/s | ETA 119h 0m 54s
[Progress] 3.47% | 5,199/150,000 steps | 0.3381 steps/s | ETA 118h 57m 10s
[Progress] 3.48% | 5,224/150,000 steps | 0.3380 steps/s | ETA 118h 58m 2s
------------------------------------------
| progress/               |              |
|    percent              | 3.48         |
|    steps_per_second     | 0.338        |
| rollout/                |              |
|    ep_len_mean          | 14.3         |
|    ep_rew_mean          | -6.86        |
| time/                   |              |
|    fps                  | 0            |
|    iterations           | 41           |
|    time_elapsed         | 15532        |
|    total_timesteps      | 5248         |
| train/                  |              |
|    approx_kl            | 0.0013979133 |
|    clip_fraction        | 0            |
|    clip_range           | 0.2          |
|    entropy_loss         | -1.03        |
|    explained_variance   | 0.000428     |
|    learning_rate        | 0.0003       |
|    loss                 | 96.8         |
|    n_updates            | 200          |
|    policy_gradient_loss | -0.00102     |
|    value_loss           | 319          |
------------------------------------------
[Progress] 3.50% | 5,249/150,000 steps | 0.3379 steps/s | ETA 119h 0m 27s
[Progress] 3.52% | 5,274/150,000 steps | 0.3375 steps/s | ETA 119h 6m 55s
[Progress] 3.53% | 5,299/150,000 steps | 0.3376 steps/s | ETA 119h 3m 6s
[Progress] 3.55% | 5,324/150,000 steps | 0.3377 steps/s | ETA 119h 0m 59s
[Progress] 3.57% | 5,349/150,000 steps | 0.3379 steps/s | ETA 118h 55m 36s
[Progress] 3.58% | 5,374/150,000 steps | 0.3380 steps/s | ETA 118h 50m 28s
-------------------------------------------
| progress/               |               |
|    percent              | 3.58          |
|    steps_per_second     | 0.338         |
| rollout/                |               |
|    ep_len_mean          | 13.9          |
|    ep_rew_mean          | -6.02         |
| time/                   |               |
|    fps                  | 0             |
|    iterations           | 42            |
|    time_elapsed         | 15901         |
|    total_timesteps      | 5376          |
| train/                  |               |
|    approx_kl            | 0.00027278624 |
|    clip_fraction        | 0             |
|    clip_range           | 0.2           |
|    entropy_loss         | -1.02         |
|    explained_variance   | 0.00112       |
|    learning_rate        | 0.0003        |
|    loss                 | 146           |
|    n_updates            | 205           |
|    policy_gradient_loss | -0.000298     |
|    value_loss           | 575           |
-------------------------------------------
[Progress] 3.60% | 5,399/150,000 steps | 0.3381 steps/s | ETA 118h 47m 53s
[Progress] 3.62% | 5,424/150,000 steps | 0.3382 steps/s | ETA 118h 43m 46s
[Progress] 3.63% | 5,449/150,000 steps | 0.3382 steps/s | ETA 118h 43m 30s
[Progress] 3.65% | 5,474/150,000 steps | 0.3383 steps/s | ETA 118h 40m 2s
[Progress] 3.67% | 5,499/150,000 steps | 0.3384 steps/s | ETA 118h 35m 50s
Step 5,500 | Mean reward: -7.021 | Resolution: 44.2% | Escalation: 24.2%
----------------------------------------------
| custom/                      |             |
|    dropout_rate              | 0.316       |
|    escalation_rate           | 0.242       |
|    mean_episode_length_100ep | 13.5        |
|    mean_reward_100ep         | -7.02       |
|    resolution_rate           | 0.442       |
|    timeout_rate              | 0           |
| progress/                    |             |
|    percent                   | 3.67        |
|    steps_per_second          | 0.338       |
| rollout/                     |             |
|    ep_len_mean               | 13.5        |
|    ep_rew_mean               | -7.02       |
| time/                        |             |
|    fps                       | 0           |
|    iterations                | 43          |
|    time_elapsed              | 16260       |
|    total_timesteps           | 5504        |
| train/                       |             |
|    approx_kl                 | 0.000588784 |
|    clip_fraction             | 0           |
|    clip_range                | 0.2         |
|    entropy_loss              | -1.02       |
|    explained_variance        | 0.00293     |
|    learning_rate             | 0.0003      |
|    loss                      | 303         |
|    n_updates                 | 210         |
|    policy_gradient_loss      | -0.00251    |
|    value_loss                | 1.07e+03    |
----------------------------------------------
[Progress] 3.68% | 5,524/150,000 steps | 0.3386 steps/s | ETA 118h 31m 31s
[Progress] 3.70% | 5,549/150,000 steps | 0.3385 steps/s | ETA 118h 31m 34s
[Progress] 3.72% | 5,574/150,000 steps | 0.3387 steps/s | ETA 118h 26m 28s
[Progress] 3.73% | 5,599/150,000 steps | 0.3386 steps/s | ETA 118h 27m 34s
[Progress] 3.75% | 5,624/150,000 steps | 0.3386 steps/s | ETA 118h 25m 28s
------------------------------------------
| progress/               |              |
|    percent              | 3.75         |
|    steps_per_second     | 0.339        |
| rollout/                |              |
|    ep_len_mean          | 13.6         |
|    ep_rew_mean          | -6.19        |
| time/                   |              |
|    fps                  | 0            |
|    iterations           | 44           |
|    time_elapsed         | 16627        |
|    total_timesteps      | 5632         |
| train/                  |              |
|    approx_kl            | 0.0070416015 |
|    clip_fraction        | 0.0187       |
|    clip_range           | 0.2          |
|    entropy_loss         | -1.01        |
|    explained_variance   | 0.00229      |
|    learning_rate        | 0.0003       |
|    loss                 | 87.7         |
|    n_updates            | 215          |
|    policy_gradient_loss | -0.00904     |
|    value_loss           | 330          |
------------------------------------------
[Progress] 3.77% | 5,649/150,000 steps | 0.3388 steps/s | ETA 118h 21m 29s
[Progress] 3.78% | 5,674/150,000 steps | 0.3389 steps/s | ETA 118h 17m 57s
[Progress] 3.80% | 5,699/150,000 steps | 0.3389 steps/s | ETA 118h 16m 22s
[Progress] 3.82% | 5,724/150,000 steps | 0.3390 steps/s | ETA 118h 13m 37s
[Progress] 3.83% | 5,749/150,000 steps | 0.3391 steps/s | ETA 118h 10m 45s
------------------------------------------
| progress/               |              |
|    percent              | 3.83         |
|    steps_per_second     | 0.339        |
| rollout/                |              |
|    ep_len_mean          | 13.6         |
|    ep_rew_mean          | -7.45        |
| time/                   |              |
|    fps                  | 0            |
|    iterations           | 45           |
|    time_elapsed         | 16987        |
|    total_timesteps      | 5760         |
| train/                  |              |
|    approx_kl            | 0.0017224494 |
|    clip_fraction        | 0            |
|    clip_range           | 0.2          |
|    entropy_loss         | -1.01        |
|    explained_variance   | -0.00142     |
|    learning_rate        | 0.0003       |
|    loss                 | 88.5         |
|    n_updates            | 220          |
|    policy_gradient_loss | -0.00206     |
|    value_loss           | 358          |
------------------------------------------
[Progress] 3.85% | 5,774/150,000 steps | 0.3392 steps/s | ETA 118h 6m 48s
[Progress] 3.87% | 5,799/150,000 steps | 0.3392 steps/s | ETA 118h 5m 31s
[Progress] 3.88% | 5,824/150,000 steps | 0.3392 steps/s | ETA 118h 3m 51s
[Progress] 3.90% | 5,849/150,000 steps | 0.3394 steps/s | ETA 117h 58m 50s
[Progress] 3.92% | 5,874/150,000 steps | 0.3394 steps/s | ETA 117h 58m 20s
-------------------------------------------
| progress/               |               |
|    percent              | 3.92          |
|    steps_per_second     | 0.339         |
| rollout/                |               |
|    ep_len_mean          | 12.8          |
|    ep_rew_mean          | -3.56         |
| time/                   |               |
|    fps                  | 0             |
|    iterations           | 46            |
|    time_elapsed         | 17352         |
|    total_timesteps      | 5888          |
| train/                  |               |
|    approx_kl            | 0.00014631357 |
|    clip_fraction        | 0             |
|    clip_range           | 0.2           |
|    entropy_loss         | -1.02         |
|    explained_variance   | 6.7e-05       |
|    learning_rate        | 0.0003        |
|    loss                 | 140           |
|    n_updates            | 225           |
|    policy_gradient_loss | 3.45e-05      |
|    value_loss           | 526           |
-------------------------------------------
[Progress] 3.93% | 5,899/150,000 steps | 0.3393 steps/s | ETA 117h 57m 21s
[Progress] 3.95% | 5,924/150,000 steps | 0.3394 steps/s | ETA 117h 54m 44s
[Progress] 3.97% | 5,949/150,000 steps | 0.3394 steps/s | ETA 117h 53m 8s
[Progress] 3.98% | 5,974/150,000 steps | 0.3395 steps/s | ETA 117h 51m 9s
[Progress] 4.00% | 5,999/150,000 steps | 0.3395 steps/s | ETA 117h 49m 41s
Step 6,000 | Mean reward: -3.322 | Resolution: 45.9% | Escalation: 21.9%
-----------------------------------------------
| custom/                      |              |
|    dropout_rate              | 0.322        |
|    escalation_rate           | 0.219        |
|    mean_episode_length_100ep | 12.6         |
|    mean_reward_100ep         | -3.32        |
|    resolution_rate           | 0.459        |
|    timeout_rate              | 0            |
| progress/                    |              |
|    percent                   | 4            |
|    steps_per_second          | 0.339        |
| rollout/                     |              |
|    ep_len_mean               | 12.6         |
|    ep_rew_mean               | -4.73        |
| time/                        |              |
|    fps                       | 0            |
|    iterations                | 47           |
|    time_elapsed              | 17719        |
|    total_timesteps           | 6016         |
| train/                       |              |
|    approx_kl                 | 0.0015438879 |
|    clip_fraction             | 0            |
|    clip_range                | 0.2          |
|    entropy_loss              | -1.03        |
|    explained_variance        | -0.00421     |
|    learning_rate             | 0.0003       |
|    loss                      | 122          |
|    n_updates                 | 230          |
|    policy_gradient_loss      | -0.00312     |
|    value_loss                | 446          |
-----------------------------------------------
[Progress] 4.02% | 6,024/150,000 steps | 0.3395 steps/s | ETA 117h 48m 0s
[Progress] 4.03% | 6,049/150,000 steps | 0.3394 steps/s | ETA 117h 49m 44s
[Progress] 4.05% | 6,074/150,000 steps | 0.3394 steps/s | ETA 117h 47m 53s
[Progress] 4.07% | 6,099/150,000 steps | 0.3395 steps/s | ETA 117h 43m 42s
[Progress] 4.08% | 6,124/150,000 steps | 0.3397 steps/s | ETA 117h 38m 56s
------------------------------------------
| progress/               |              |
|    percent              | 4.08         |
|    steps_per_second     | 0.34         |
| rollout/                |              |
|    ep_len_mean          | 12.4         |
|    ep_rew_mean          | -4.35        |
| time/                   |              |
|    fps                  | 0            |
|    iterations           | 48           |
|    time_elapsed         | 18086        |
|    total_timesteps      | 6144         |
| train/                  |              |
|    approx_kl            | 0.0015675803 |
|    clip_fraction        | 0            |
|    clip_range           | 0.2          |
|    entropy_loss         | -1.06        |
|    explained_variance   | 0.0114       |
|    learning_rate        | 0.0003       |
|    loss                 | 170          |
|    n_updates            | 235          |
|    policy_gradient_loss | -0.00247     |
|    value_loss           | 663          |
------------------------------------------
[Progress] 4.10% | 6,149/150,000 steps | 0.3397 steps/s | ETA 117h 38m 6s
[Progress] 4.12% | 6,174/150,000 steps | 0.3397 steps/s | ETA 117h 37m 10s
[Progress] 4.13% | 6,199/150,000 steps | 0.3397 steps/s | ETA 117h 34m 46s
[Progress] 4.15% | 6,224/150,000 steps | 0.3399 steps/s | ETA 117h 29m 56s
[Progress] 4.17% | 6,249/150,000 steps | 0.3401 steps/s | ETA 117h 25m 25s
------------------------------------------
| progress/               |              |
|    percent              | 4.17         |
|    steps_per_second     | 0.34         |
| rollout/                |              |
|    ep_len_mean          | 13.1         |
|    ep_rew_mean          | -6.11        |
| time/                   |              |
|    fps                  | 0            |
|    iterations           | 49           |
|    time_elapsed         | 18436        |
|    total_timesteps      | 6272         |
| train/                  |              |
|    approx_kl            | 0.0020829123 |
|    clip_fraction        | 0            |
|    clip_range           | 0.2          |
|    entropy_loss         | -1.08        |
|    explained_variance   | 0.00698      |
|    learning_rate        | 0.0003       |
|    loss                 | 103          |
|    n_updates            | 240          |
|    policy_gradient_loss | -0.00521     |
|    value_loss           | 455          |
------------------------------------------
[Progress] 4.18% | 6,274/150,000 steps | 0.3402 steps/s | ETA 117h 21m 37s
[Progress] 4.20% | 6,299/150,000 steps | 0.3401 steps/s | ETA 117h 21m 23s
[Progress] 4.22% | 6,324/150,000 steps | 0.3401 steps/s | ETA 117h 20m 2s
[Progress] 4.23% | 6,349/150,000 steps | 0.3401 steps/s | ETA 117h 19m 28s
[Progress] 4.25% | 6,374/150,000 steps | 0.3401 steps/s | ETA 117h 17m 33s
[Progress] 4.27% | 6,399/150,000 steps | 0.3398 steps/s | ETA 117h 23m 14s
-------------------------------------------
| progress/               |               |
|    percent              | 4.27          |
|    steps_per_second     | 0.34          |
| rollout/                |               |
|    ep_len_mean          | 13.2          |
|    ep_rew_mean          | -3.65         |
| time/                   |               |
|    fps                  | 0             |
|    iterations           | 50            |
|    time_elapsed         | 18841         |
|    total_timesteps      | 6400          |
| train/                  |               |
|    approx_kl            | 0.00054125814 |
|    clip_fraction        | 0             |
|    clip_range           | 0.2           |
|    entropy_loss         | -1.09         |
|    explained_variance   | 0.0783        |
|    learning_rate        | 0.0003        |
|    loss                 | 92.6          |
|    n_updates            | 245           |
|    policy_gradient_loss | -0.0018       |
|    value_loss           | 414           |
-------------------------------------------
[Progress] 4.28% | 6,424/150,000 steps | 0.3397 steps/s | ETA 117h 24m 13s
[Progress] 4.30% | 6,449/150,000 steps | 0.3398 steps/s | ETA 117h 21m 51s
[Progress] 4.32% | 6,474/150,000 steps | 0.3398 steps/s | ETA 117h 19m 35s
[Progress] 4.33% | 6,499/150,000 steps | 0.3398 steps/s | ETA 117h 19m 20s
Step 6,500 | Mean reward: -3.477 | Resolution: 46.5% | Escalation: 20.3%
[Progress] 4.35% | 6,524/150,000 steps | 0.3398 steps/s | ETA 117h 17m 29s
------------------------------------------------
| custom/                      |               |
|    dropout_rate              | 0.332         |
|    escalation_rate           | 0.203         |
|    mean_episode_length_100ep | 12.9          |
|    mean_reward_100ep         | -3.48         |
|    resolution_rate           | 0.465         |
|    timeout_rate              | 0             |
| progress/                    |               |
|    percent                   | 4.35          |
|    steps_per_second          | 0.34          |
| rollout/                     |               |
|    ep_len_mean               | 13.2          |
|    ep_rew_mean               | -3.7          |
| time/                        |               |
|    fps                       | 0             |
|    iterations                | 51            |
|    time_elapsed              | 19212         |
|    total_timesteps           | 6528          |
| train/                       |               |
|    approx_kl                 | 0.00022236817 |
|    clip_fraction             | 0             |
|    clip_range                | 0.2           |
|    entropy_loss              | -1.09         |
|    explained_variance        | 0.0343        |
|    learning_rate             | 0.0003        |
|    loss                      | 147           |
|    n_updates                 | 250           |
|    policy_gradient_loss      | -0.000967     |
|    value_loss                | 521           |
------------------------------------------------
[Progress] 4.37% | 6,549/150,000 steps | 0.3398 steps/s | ETA 117h 15m 10s
[Progress] 4.38% | 6,574/150,000 steps | 0.3398 steps/s | ETA 117h 15m 2s
[Progress] 4.40% | 6,599/150,000 steps | 0.3398 steps/s | ETA 117h 13m 5s
[Progress] 4.42% | 6,624/150,000 steps | 0.3398 steps/s | ETA 117h 11m 29s
[Progress] 4.43% | 6,649/150,000 steps | 0.3400 steps/s | ETA 117h 7m 47s
------------------------------------------
| progress/               |              |
|    percent              | 4.43         |
|    steps_per_second     | 0.34         |
| rollout/                |              |
|    ep_len_mean          | 13.4         |
|    ep_rew_mean          | -4.48        |
| time/                   |              |
|    fps                  | 0            |
|    iterations           | 52           |
|    time_elapsed         | 19575        |
|    total_timesteps      | 6656         |
| train/                  |              |
|    approx_kl            | 0.0029576686 |
|    clip_fraction        | 0            |
|    clip_range           | 0.2          |
|    entropy_loss         | -1.09        |
|    explained_variance   | 0.0377       |
|    learning_rate        | 0.0003       |
|    loss                 | 133          |
|    n_updates            | 255          |
|    policy_gradient_loss | -0.00719     |
|    value_loss           | 587          |
------------------------------------------
[Progress] 4.45% | 6,674/150,000 steps | 0.3401 steps/s | ETA 117h 3m 29s
[Progress] 4.47% | 6,699/150,000 steps | 0.3401 steps/s | ETA 117h 2m 44s
[Progress] 4.48% | 6,724/150,000 steps | 0.3402 steps/s | ETA 117h 0m 2s
[Progress] 4.50% | 6,749/150,000 steps | 0.3402 steps/s | ETA 116h 57m 30s
[Progress] 4.52% | 6,774/150,000 steps | 0.3402 steps/s | ETA 116h 56m 21s
------------------------------------------
| progress/               |              |
|    percent              | 4.52         |
|    steps_per_second     | 0.34         |
| rollout/                |              |
|    ep_len_mean          | 13.5         |
|    ep_rew_mean          | -1.19        |
| time/                   |              |
|    fps                  | 0            |
|    iterations           | 53           |
|    time_elapsed         | 19939        |
|    total_timesteps      | 6784         |
| train/                  |              |
|    approx_kl            | 0.0056007216 |
|    clip_fraction        | 0            |
|    clip_range           | 0.2          |
|    entropy_loss         | -1.11        |
|    explained_variance   | -0.00279     |
|    learning_rate        | 0.0003       |
|    loss                 | 117          |
|    n_updates            | 260          |
|    policy_gradient_loss | -0.00547     |
|    value_loss           | 477          |
------------------------------------------
[Progress] 4.53% | 6,799/150,000 steps | 0.3403 steps/s | ETA 116h 53m 11s
[Progress] 4.55% | 6,824/150,000 steps | 0.3403 steps/s | ETA 116h 52m 26s
[Progress] 4.57% | 6,849/150,000 steps | 0.3402 steps/s | ETA 116h 53m 46s
[Progress] 4.58% | 6,874/150,000 steps | 0.3401 steps/s | ETA 116h 54m 6s
[Progress] 4.60% | 6,899/150,000 steps | 0.3401 steps/s | ETA 116h 52m 59s
------------------------------------------
| progress/               |              |
|    percent              | 4.6          |
|    steps_per_second     | 0.34         |
| rollout/                |              |
|    ep_len_mean          | 13.8         |
|    ep_rew_mean          | 0.151        |
| time/                   |              |
|    fps                  | 0            |
|    iterations           | 54           |
|    time_elapsed         | 20322        |
|    total_timesteps      | 6912         |
| train/                  |              |
|    approx_kl            | 0.0005640951 |
|    clip_fraction        | 0            |
|    clip_range           | 0.2          |
|    entropy_loss         | -1.12        |
|    explained_variance   | 0.0573       |
|    learning_rate        | 0.0003       |
|    loss                 | 146          |
|    n_updates            | 265          |
|    policy_gradient_loss | -0.00128     |
|    value_loss           | 497          |
------------------------------------------
[Progress] 4.62% | 6,924/150,000 steps | 0.3402 steps/s | ETA 116h 50m 12s
[Progress] 4.63% | 6,949/150,000 steps | 0.3402 steps/s | ETA 116h 47m 37s
[Progress] 4.65% | 6,974/150,000 steps | 0.3403 steps/s | ETA 116h 45m 14s
[Progress] 4.67% | 6,999/150,000 steps | 0.3403 steps/s | ETA 116h 44m 26s
Step 7,000 | Mean reward: 0.346 | Resolution: 49.1% | Escalation: 18.8%
[Progress] 4.68% | 7,024/150,000 steps | 0.3402 steps/s | ETA 116h 43m 54s
-----------------------------------------------
| custom/                      |              |
|    dropout_rate              | 0.321        |
|    escalation_rate           | 0.188        |
|    mean_episode_length_100ep | 13.9         |
|    mean_reward_100ep         | 0.346        |
|    resolution_rate           | 0.491        |
|    timeout_rate              | 0            |
| progress/                    |              |
|    percent                   | 4.68         |
|    steps_per_second          | 0.34         |
| rollout/                     |              |
|    ep_len_mean               | 14           |
|    ep_rew_mean               | -1.15        |
| time/                        |              |
|    fps                       | 0            |
|    iterations                | 55           |
|    time_elapsed              | 20695        |
|    total_timesteps           | 7040         |
| train/                       |              |
|    approx_kl                 | 0.0018768697 |
|    clip_fraction             | 0            |
|    clip_range                | 0.2          |
|    entropy_loss              | -1.11        |
|    explained_variance        | 0.129        |
|    learning_rate             | 0.0003       |
|    loss                      | 208          |
|    n_updates                 | 270          |
|    policy_gradient_loss      | -0.00321     |
|    value_loss                | 731          |
-----------------------------------------------
[Progress] 4.70% | 7,049/150,000 steps | 0.3402 steps/s | ETA 116h 44m 2s
[Progress] 4.72% | 7,074/150,000 steps | 0.3401 steps/s | ETA 116h 43m 50s
[Progress] 4.73% | 7,099/150,000 steps | 0.3402 steps/s | ETA 116h 40m 36s
[Progress] 4.75% | 7,124/150,000 steps | 0.3402 steps/s | ETA 116h 39m 22s
[Progress] 4.77% | 7,149/150,000 steps | 0.3401 steps/s | ETA 116h 41m 14s
------------------------------------------
| progress/               |              |
|    percent              | 4.77         |
|    steps_per_second     | 0.34         |
| rollout/                |              |
|    ep_len_mean          | 13.8         |
|    ep_rew_mean          | -0.498       |
| time/                   |              |
|    fps                  | 0            |
|    iterations           | 56           |
|    time_elapsed         | 21074        |
|    total_timesteps      | 7168         |
| train/                  |              |
|    approx_kl            | 0.0004179012 |
|    clip_fraction        | 0            |
|    clip_range           | 0.2          |
|    entropy_loss         | -1.1         |
|    explained_variance   | -0.0345      |
|    learning_rate        | 0.0003       |
|    loss                 | 101          |
|    n_updates            | 275          |
|    policy_gradient_loss | -0.000602    |
|    value_loss           | 410          |
------------------------------------------
[Progress] 4.78% | 7,174/150,000 steps | 0.3401 steps/s | ETA 116h 40m 4s
[Progress] 4.80% | 7,199/150,000 steps | 0.3399 steps/s | ETA 116h 41m 31s
[Progress] 4.82% | 7,224/150,000 steps | 0.3400 steps/s | ETA 116h 38m 58s
[Progress] 4.83% | 7,249/150,000 steps | 0.3400 steps/s | ETA 116h 36m 48s
[Progress] 4.85% | 7,274/150,000 steps | 0.3401 steps/s | ETA 116h 35m 20s
------------------------------------------
| progress/               |              |
|    percent              | 4.85         |
|    steps_per_second     | 0.34         |
| rollout/                |              |
|    ep_len_mean          | 14           |
|    ep_rew_mean          | -0.648       |
| time/                   |              |
|    fps                  | 0            |
|    iterations           | 57           |
|    time_elapsed         | 21459        |
|    total_timesteps      | 7296         |
| train/                  |              |
|    approx_kl            | 9.343866e-05 |
|    clip_fraction        | 0            |
|    clip_range           | 0.2          |
|    entropy_loss         | -1.1         |
|    explained_variance   | 0.0049       |
|    learning_rate        | 0.0003       |
|    loss                 | 150          |
|    n_updates            | 280          |
|    policy_gradient_loss | -0.000211    |
|    value_loss           | 528          |
------------------------------------------
[Progress] 4.87% | 7,299/150,000 steps | 0.3400 steps/s | ETA 116h 35m 51s
[Progress] 4.88% | 7,324/150,000 steps | 0.3400 steps/s | ETA 116h 33m 15s
[Progress] 4.90% | 7,349/150,000 steps | 0.3401 steps/s | ETA 116h 30m 18s
[Progress] 4.92% | 7,374/150,000 steps | 0.3401 steps/s | ETA 116h 29m 44s
[Progress] 4.93% | 7,399/150,000 steps | 0.3400 steps/s | ETA 116h 29m 17s
[Progress] 4.95% | 7,424/150,000 steps | 0.3400 steps/s | ETA 116h 28m 50s
------------------------------------------
| progress/               |              |
|    percent              | 4.95         |
|    steps_per_second     | 0.34         |
| rollout/                |              |
|    ep_len_mean          | 14.3         |
|    ep_rew_mean          | -1.22        |
| time/                   |              |
|    fps                  | 0            |
|    iterations           | 58           |
|    time_elapsed         | 21834        |
|    total_timesteps      | 7424         |
| train/                  |              |
|    approx_kl            | 9.666011e-05 |
|    clip_fraction        | 0            |
|    clip_range           | 0.2          |
|    entropy_loss         | -1.1         |
|    explained_variance   | -0.0313      |
|    learning_rate        | 0.0003       |
|    loss                 | 123          |
|    n_updates            | 285          |
|    policy_gradient_loss | -1.31e-05    |
|    value_loss           | 391          |
------------------------------------------
[Progress] 4.97% | 7,449/150,000 steps | 0.3400 steps/s | ETA 116h 27m 12s
[Progress] 4.98% | 7,474/150,000 steps | 0.3401 steps/s | ETA 116h 25m 19s
[Progress] 5.00% | 7,499/150,000 steps | 0.3401 steps/s | ETA 116h 22m 19s
Step 7,500 | Mean reward: -0.736 | Resolution: 50.1% | Escalation: 17.8%
[Progress] 5.02% | 7,524/150,000 steps | 0.3402 steps/s | ETA 116h 19m 21s
[Progress] 5.03% | 7,549/150,000 steps | 0.3403 steps/s | ETA 116h 16m 36s
-----------------------------------------------
| custom/                      |              |
|    dropout_rate              | 0.32         |
|    escalation_rate           | 0.178        |
|    mean_episode_length_100ep | 14.5         |
|    mean_reward_100ep         | -0.736       |
|    resolution_rate           | 0.501        |
|    timeout_rate              | 0            |
| progress/                    |              |
|    percent                   | 5.03         |
|    steps_per_second          | 0.34         |
| rollout/                     |              |
|    ep_len_mean               | 14.5         |
|    ep_rew_mean               | -1.32        |
| time/                        |              |
|    fps                       | 0            |
|    iterations                | 59           |
|    time_elapsed              | 22191        |
|    total_timesteps           | 7552         |
| train/                       |              |
|    approx_kl                 | 0.0038445257 |
|    clip_fraction             | 0            |
|    clip_range                | 0.2          |
|    entropy_loss              | -1.09        |
|    explained_variance        | -0.0149      |
|    learning_rate             | 0.0003       |
|    loss                      | 106          |
|    n_updates                 | 290          |
|    policy_gradient_loss      | -0.00641     |
|    value_loss                | 440          |
-----------------------------------------------
[Progress] 5.05% | 7,574/150,000 steps | 0.3403 steps/s | ETA 116h 16m 0s
[Progress] 5.07% | 7,599/150,000 steps | 0.3404 steps/s | ETA 116h 12m 27s
[Progress] 5.08% | 7,624/150,000 steps | 0.3404 steps/s | ETA 116h 10m 6s
[Progress] 5.10% | 7,649/150,000 steps | 0.3405 steps/s | ETA 116h 7m 10s
[Progress] 5.12% | 7,674/150,000 steps | 0.3407 steps/s | ETA 116h 3m 6s
-----------------------------------------
| progress/               |             |
|    percent              | 5.12        |
|    steps_per_second     | 0.341       |
| rollout/                |             |
|    ep_len_mean          | 13.7        |
|    ep_rew_mean          | 3.33        |
| time/                   |             |
|    fps                  | 0           |
|    iterations           | 60          |
|    time_elapsed         | 22545       |
|    total_timesteps      | 7680        |
| train/                  |             |
|    approx_kl            | 0.003091386 |
|    clip_fraction        | 0           |
|    clip_range           | 0.2         |
|    entropy_loss         | -1.05       |
|    explained_variance   | 0.0325      |
|    learning_rate        | 0.0003      |
|    loss                 | 149         |
|    n_updates            | 295         |
|    policy_gradient_loss | -0.000657   |
|    value_loss           | 596         |
-----------------------------------------
[Progress] 5.13% | 7,699/150,000 steps | 0.3407 steps/s | ETA 116h 1m 15s
[Progress] 5.15% | 7,724/150,000 steps | 0.3407 steps/s | ETA 116h 0m 22s
[Progress] 5.17% | 7,749/150,000 steps | 0.3406 steps/s | ETA 116h 0m 41s
[Progress] 5.18% | 7,774/150,000 steps | 0.3406 steps/s | ETA 115h 58m 36s
[Progress] 5.20% | 7,799/150,000 steps | 0.3406 steps/s | ETA 115h 58m 6s
-------------------------------------------
| progress/               |               |
|    percent              | 5.2           |
|    steps_per_second     | 0.341         |
| rollout/                |               |
|    ep_len_mean          | 13.8          |
|    ep_rew_mean          | 3.46          |
| time/                   |               |
|    fps                  | 0             |
|    iterations           | 61            |
|    time_elapsed         | 22921         |
|    total_timesteps      | 7808          |
| train/                  |               |
|    approx_kl            | 0.00023809867 |
|    clip_fraction        | 0             |
|    clip_range           | 0.2           |
|    entropy_loss         | -1.04         |
|    explained_variance   | -0.0433       |
|    learning_rate        | 0.0003        |
|    loss                 | 110           |
|    n_updates            | 300           |
|    policy_gradient_loss | 3.91e-05      |
|    value_loss           | 449           |
-------------------------------------------
[Progress] 5.22% | 7,824/150,000 steps | 0.3407 steps/s | ETA 115h 55m 16s
[Progress] 5.23% | 7,849/150,000 steps | 0.3407 steps/s | ETA 115h 54m 41s
[Progress] 5.25% | 7,874/150,000 steps | 0.3407 steps/s | ETA 115h 51m 57s
[Progress] 5.27% | 7,899/150,000 steps | 0.3407 steps/s | ETA 115h 51m 54s
[Progress] 5.28% | 7,924/150,000 steps | 0.3407 steps/s | ETA 115h 50m 55s
-------------------------------------------
| progress/               |               |
|    percent              | 5.28          |
|    steps_per_second     | 0.341         |
| rollout/                |               |
|    ep_len_mean          | 13.3          |
|    ep_rew_mean          | 4.14          |
| time/                   |               |
|    fps                  | 0             |
|    iterations           | 62            |
|    time_elapsed         | 23295         |
|    total_timesteps      | 7936          |
| train/                  |               |
|    approx_kl            | 3.7588645e-05 |
|    clip_fraction        | 0             |
|    clip_range           | 0.2           |
|    entropy_loss         | -1.04         |
|    explained_variance   | 0.0523        |
|    learning_rate        | 0.0003        |
|    loss                 | 81.1          |
|    n_updates            | 305           |
|    policy_gradient_loss | 5.73e-05      |
|    value_loss           | 427           |
-------------------------------------------
[Progress] 5.30% | 7,949/150,000 steps | 0.3407 steps/s | ETA 115h 49m 6s
[Progress] 5.32% | 7,974/150,000 steps | 0.3408 steps/s | ETA 115h 46m 34s
[Progress] 5.33% | 7,999/150,000 steps | 0.3406 steps/s | ETA 115h 49m 8s
Step 8,000 | Mean reward: 4.519 | Resolution: 51.9% | Escalation: 16.8%
[Progress] 5.35% | 8,024/150,000 steps | 0.3406 steps/s | ETA 115h 48m 5s
[Progress] 5.37% | 8,049/150,000 steps | 0.3406 steps/s | ETA 115h 46m 0s
----------------------------------------------
| custom/                      |             |
|    dropout_rate              | 0.314       |
|    escalation_rate           | 0.168       |
|    mean_episode_length_100ep | 13.4        |
|    mean_reward_100ep         | 4.52        |
|    resolution_rate           | 0.519       |
|    timeout_rate              | 0           |
| progress/                    |             |
|    percent                   | 5.37        |
|    steps_per_second          | 0.341       |
| rollout/                     |             |
|    ep_len_mean               | 13.6        |
|    ep_rew_mean               | 2.76        |
| time/                        |             |
|    fps                       | 0           |
|    iterations                | 63          |
|    time_elapsed              | 23670       |
|    total_timesteps           | 8064        |
| train/                       |             |
|    approx_kl                 | 0.002430569 |
|    clip_fraction             | 0           |
|    clip_range                | 0.2         |
|    entropy_loss              | -1.04       |
|    explained_variance        | -0.113      |
|    learning_rate             | 0.0003      |
|    loss                      | 54          |
|    n_updates                 | 310         |
|    policy_gradient_loss      | -0.00389    |
|    value_loss                | 343         |
----------------------------------------------
[Progress] 5.38% | 8,074/150,000 steps | 0.3407 steps/s | ETA 115h 42m 43s
[Progress] 5.40% | 8,099/150,000 steps | 0.3407 steps/s | ETA 115h 41m 33s
[Progress] 5.42% | 8,124/150,000 steps | 0.3408 steps/s | ETA 115h 38m 55s
[Progress] 5.43% | 8,149/150,000 steps | 0.3407 steps/s | ETA 115h 39m 54s
[Progress] 5.45% | 8,174/150,000 steps | 0.3407 steps/s | ETA 115h 38m 34s
------------------------------------------
| progress/               |              |
|    percent              | 5.45         |
|    steps_per_second     | 0.341        |
| rollout/                |              |
|    ep_len_mean          | 13.5         |
|    ep_rew_mean          | 0.847        |
| time/                   |              |
|    fps                  | 0            |
|    iterations           | 64           |
|    time_elapsed         | 24054        |
|    total_timesteps      | 8192         |
| train/                  |              |
|    approx_kl            | 0.0017281789 |
|    clip_fraction        | 0            |
|    clip_range           | 0.2          |
|    entropy_loss         | -1.03        |
|    explained_variance   | -0.023       |
|    learning_rate        | 0.0003       |
|    loss                 | 85.1         |
|    n_updates            | 315          |
|    policy_gradient_loss | 0.000839     |
|    value_loss           | 380          |
------------------------------------------
[Progress] 5.47% | 8,199/150,000 steps | 0.3405 steps/s | ETA 115h 40m 20s
[Progress] 5.48% | 8,224/150,000 steps | 0.3405 steps/s | ETA 115h 39m 11s
[Progress] 5.50% | 8,249/150,000 steps | 0.3406 steps/s | ETA 115h 35m 21s
[Progress] 5.52% | 8,274/150,000 steps | 0.3406 steps/s | ETA 115h 34m 37s
[Progress] 5.53% | 8,299/150,000 steps | 0.3406 steps/s | ETA 115h 33m 4s
-------------------------------------------
| progress/               |               |
|    percent              | 5.53          |
|    steps_per_second     | 0.341         |
| rollout/                |               |
|    ep_len_mean          | 12.8          |
|    ep_rew_mean          | 2.44          |
| time/                   |               |
|    fps                  | 0             |
|    iterations           | 65            |
|    time_elapsed         | 24421         |
|    total_timesteps      | 8320          |
| train/                  |               |
|    approx_kl            | 0.00039158575 |
|    clip_fraction        | 0             |
|    clip_range           | 0.2           |
|    entropy_loss         | -1.02         |
|    explained_variance   | 0.0196        |
|    learning_rate        | 0.0003        |
|    loss                 | 137           |
|    n_updates            | 320           |
|    policy_gradient_loss | -0.00113      |
|    value_loss           | 667           |
-------------------------------------------
[Progress] 5.55% | 8,324/150,000 steps | 0.3407 steps/s | ETA 115h 30m 26s
[Progress] 5.57% | 8,349/150,000 steps | 0.3408 steps/s | ETA 115h 27m 7s
[Progress] 5.58% | 8,374/150,000 steps | 0.3409 steps/s | ETA 115h 23m 53s
[Progress] 5.60% | 8,399/150,000 steps | 0.3409 steps/s | ETA 115h 22m 51s
[Progress] 5.62% | 8,424/150,000 steps | 0.3408 steps/s | ETA 115h 24m 29s
-----------------------------------------
| progress/               |             |
|    percent              | 5.62        |
|    steps_per_second     | 0.341       |
| rollout/                |             |
|    ep_len_mean          | 13.2        |
|    ep_rew_mean          | 0.767       |
| time/                   |             |
|    fps                  | 0           |
|    iterations           | 66          |
|    time_elapsed         | 24782       |
|    total_timesteps      | 8448        |
| train/                  |             |
|    approx_kl            | 0.014340412 |
|    clip_fraction        | 0.0516      |
|    clip_range           | 0.2         |
|    entropy_loss         | -0.993      |
|    explained_variance   | 0.00379     |
|    learning_rate        | 0.0003      |
|    loss                 | 104         |
|    n_updates            | 325         |
|    policy_gradient_loss | -0.0102     |
|    value_loss           | 501         |
-----------------------------------------
[Progress] 5.63% | 8,449/150,000 steps | 0.3409 steps/s | ETA 115h 20m 33s
[Progress] 5.65% | 8,474/150,000 steps | 0.3410 steps/s | ETA 115h 16m 43s
[Progress] 5.67% | 8,499/150,000 steps | 0.3411 steps/s | ETA 115h 13m 32s
Step 8,500 | Mean reward: 0.759 | Resolution: 52.1% | Escalation: 15.7%
[Progress] 5.68% | 8,524/150,000 steps | 0.3412 steps/s | ETA 115h 11m 27s
[Progress] 5.70% | 8,549/150,000 steps | 0.3413 steps/s | ETA 115h 8m 23s
[Progress] 5.72% | 8,574/150,000 steps | 0.3414 steps/s | ETA 115h 5m 3s
-----------------------------------------------
| custom/                      |              |
|    dropout_rate              | 0.322        |
|    escalation_rate           | 0.157        |
|    mean_episode_length_100ep | 13           |
|    mean_reward_100ep         | 0.759        |
|    resolution_rate           | 0.521        |
|    timeout_rate              | 0            |
| progress/                    |              |
|    percent                   | 5.72         |
|    steps_per_second          | 0.341        |
| rollout/                     |              |
|    ep_len_mean               | 12.6         |
|    ep_rew_mean               | 1.97         |
| time/                        |              |
|    fps                       | 0            |
|    iterations                | 67           |
|    time_elapsed              | 25121        |
|    total_timesteps           | 8576         |
| train/                       |              |
|    approx_kl                 | 0.0055458196 |
|    clip_fraction             | 0            |
|    clip_range                | 0.2          |
|    entropy_loss              | -0.927       |
|    explained_variance        | -0.0134      |
|    learning_rate             | 0.0003       |
|    loss                      | 94           |
|    n_updates                 | 330          |
|    policy_gradient_loss      | -0.00958     |
|    value_loss                | 372          |
-----------------------------------------------
[Progress] 5.73% | 8,599/150,000 steps | 0.3415 steps/s | ETA 115h 0m 50s
[Progress] 5.75% | 8,624/150,000 steps | 0.3415 steps/s | ETA 114h 59m 33s
[Progress] 5.77% | 8,649/150,000 steps | 0.3415 steps/s | ETA 114h 57m 31s
[Progress] 5.78% | 8,674/150,000 steps | 0.3416 steps/s | ETA 114h 54m 39s
[Progress] 5.80% | 8,699/150,000 steps | 0.3417 steps/s | ETA 114h 52m 15s
-------------------------------------------
| progress/               |               |
|    percent              | 5.8           |
|    steps_per_second     | 0.342         |
| rollout/                |               |
|    ep_len_mean          | 12            |
|    ep_rew_mean          | 3.54          |
| time/                   |               |
|    fps                  | 0             |
|    iterations           | 68            |
|    time_elapsed         | 25472         |
|    total_timesteps      | 8704          |
| train/                  |               |
|    approx_kl            | 0.00031782594 |
|    clip_fraction        | 0             |
|    clip_range           | 0.2           |
|    entropy_loss         | -0.901        |
|    explained_variance   | 0.017         |
|    learning_rate        | 0.0003        |
|    loss                 | 110           |
|    n_updates            | 335           |
|    policy_gradient_loss | -0.000404     |
|    value_loss           | 449           |
-------------------------------------------
[Progress] 5.82% | 8,724/150,000 steps | 0.3417 steps/s | ETA 114h 50m 1s
[Progress] 5.83% | 8,749/150,000 steps | 0.3419 steps/s | ETA 114h 46m 18s
[Progress] 5.85% | 8,774/150,000 steps | 0.3419 steps/s | ETA 114h 44m 52s
[Progress] 5.87% | 8,799/150,000 steps | 0.3419 steps/s | ETA 114h 42m 56s
[Progress] 5.88% | 8,824/150,000 steps | 0.3420 steps/s | ETA 114h 40m 53s
------------------------------------------
| progress/               |              |
|    percent              | 5.88         |
|    steps_per_second     | 0.342        |
| rollout/                |              |
|    ep_len_mean          | 12.1         |
|    ep_rew_mean          | 1.17         |
| time/                   |              |
|    fps                  | 0            |
|    iterations           | 69           |
|    time_elapsed         | 25825        |
|    total_timesteps      | 8832         |
| train/                  |              |
|    approx_kl            | 0.0054424265 |
|    clip_fraction        | 0.0234       |
|    clip_range           | 0.2          |
|    entropy_loss         | -0.917       |
|    explained_variance   | -0.0121      |
|    learning_rate        | 0.0003       |
|    loss                 | 91.2         |
|    n_updates            | 340          |
|    policy_gradient_loss | -0.00703     |
|    value_loss           | 432          |
------------------------------------------
[Progress] 5.90% | 8,849/150,000 steps | 0.3421 steps/s | ETA 114h 37m 31s
[Progress] 5.92% | 8,874/150,000 steps | 0.3421 steps/s | ETA 114h 35m 0s
[Progress] 5.93% | 8,899/150,000 steps | 0.3422 steps/s | ETA 114h 31m 54s
[Progress] 5.95% | 8,924/150,000 steps | 0.3423 steps/s | ETA 114h 29m 40s
[Progress] 5.97% | 8,949/150,000 steps | 0.3423 steps/s | ETA 114h 28m 25s
------------------------------------------
| progress/               |              |
|    percent              | 5.97         |
|    steps_per_second     | 0.342        |
| rollout/                |              |
|    ep_len_mean          | 12.6         |
|    ep_rew_mean          | -0.379       |
| time/                   |              |
|    fps                  | 0            |
|    iterations           | 70           |
|    time_elapsed         | 26180        |
|    total_timesteps      | 8960         |
| train/                  |              |
|    approx_kl            | 0.0024831034 |
|    clip_fraction        | 0            |
|    clip_range           | 0.2          |
|    entropy_loss         | -0.973       |
|    explained_variance   | 0.00585      |
|    learning_rate        | 0.0003       |
|    loss                 | 113          |
|    n_updates            | 345          |
|    policy_gradient_loss | -0.00479     |
|    value_loss           | 493          |
------------------------------------------
[Progress] 5.98% | 8,974/150,000 steps | 0.3422 steps/s | ETA 114h 27m 43s
[Progress] 6.00% | 8,999/150,000 steps | 0.3422 steps/s | ETA 114h 26m 32s
Step 9,000 | Mean reward: -0.825 | Resolution: 52.2% | Escalation: 14.8%
[Progress] 6.02% | 9,024/150,000 steps | 0.3423 steps/s | ETA 114h 23m 31s
[Progress] 6.03% | 9,049/150,000 steps | 0.3424 steps/s | ETA 114h 21m 35s
[Progress] 6.05% | 9,074/150,000 steps | 0.3424 steps/s | ETA 114h 19m 19s
-----------------------------------------------
| custom/                      |              |
|    dropout_rate              | 0.33         |
|    escalation_rate           | 0.148        |
|    mean_episode_length_100ep | 12.5         |
|    mean_reward_100ep         | -0.825       |
|    resolution_rate           | 0.522        |
|    timeout_rate              | 0            |
| progress/                    |              |
|    percent                   | 6.05         |
|    steps_per_second          | 0.342        |
| rollout/                     |              |
|    ep_len_mean               | 12.4         |
|    ep_rew_mean               | -3.83        |
| time/                        |              |
|    fps                       | 0            |
|    iterations                | 71           |
|    time_elapsed              | 26536        |
|    total_timesteps           | 9088         |
| train/                       |              |
|    approx_kl                 | 0.0018734853 |
|    clip_fraction             | 0            |
|    clip_range                | 0.2          |
|    entropy_loss              | -1.02        |
|    explained_variance        | -0.00522     |
|    learning_rate             | 0.0003       |
|    loss                      | 119          |
|    n_updates                 | 350          |
|    policy_gradient_loss      | 0.000887     |
|    value_loss                | 496          |
-----------------------------------------------
[Progress] 6.07% | 9,099/150,000 steps | 0.3425 steps/s | ETA 114h 16m 38s
[Progress] 6.08% | 9,124/150,000 steps | 0.3424 steps/s | ETA 114h 16m 56s
[Progress] 6.10% | 9,149/150,000 steps | 0.3425 steps/s | ETA 114h 14m 51s
[Progress] 6.12% | 9,174/150,000 steps | 0.3425 steps/s | ETA 114h 12m 52s
[Progress] 6.13% | 9,199/150,000 steps | 0.3425 steps/s | ETA 114h 11m 53s
------------------------------------------
| progress/               |              |
|    percent              | 6.13         |
|    steps_per_second     | 0.342        |
| rollout/                |              |
|    ep_len_mean          | 12.2         |
|    ep_rew_mean          | -4.25        |
| time/                   |              |
|    fps                  | 0            |
|    iterations           | 72           |
|    time_elapsed         | 26905        |
|    total_timesteps      | 9216         |
| train/                  |              |
|    approx_kl            | 7.085223e-05 |
|    clip_fraction        | 0            |
|    clip_range           | 0.2          |
|    entropy_loss         | -1.03        |
|    explained_variance   | 0.0482       |
|    learning_rate        | 0.0003       |
|    loss                 | 139          |
|    n_updates            | 355          |
|    policy_gradient_loss | -0.000237    |
|    value_loss           | 525          |
------------------------------------------
[Progress] 6.15% | 9,224/150,000 steps | 0.3425 steps/s | ETA 114h 9m 27s
[Progress] 6.17% | 9,249/150,000 steps | 0.3425 steps/s | ETA 114h 8m 39s
[Progress] 6.18% | 9,274/150,000 steps | 0.3426 steps/s | ETA 114h 5m 35s
[Progress] 6.20% | 9,299/150,000 steps | 0.3426 steps/s | ETA 114h 4m 59s
[Progress] 6.22% | 9,324/150,000 steps | 0.3426 steps/s | ETA 114h 2m 43s
-------------------------------------------
| progress/               |               |
|    percent              | 6.22          |
|    steps_per_second     | 0.343         |
| rollout/                |               |
|    ep_len_mean          | 11.9          |
|    ep_rew_mean          | -2.44         |
| time/                   |               |
|    fps                  | 0             |
|    iterations           | 73            |
|    time_elapsed         | 27265         |
|    total_timesteps      | 9344          |
| train/                  |               |
|    approx_kl            | 0.00031718193 |
|    clip_fraction        | 0             |
|    clip_range           | 0.2           |
|    entropy_loss         | -1.02         |
|    explained_variance   | 0.0091        |
|    learning_rate        | 0.0003        |
|    loss                 | 98.1          |
|    n_updates            | 360           |
|    policy_gradient_loss | -0.000411     |
|    value_loss           | 421           |
-------------------------------------------
[Progress] 6.23% | 9,349/150,000 steps | 0.3427 steps/s | ETA 114h 0m 21s
[Progress] 6.25% | 9,374/150,000 steps | 0.3427 steps/s | ETA 113h 58m 32s
[Progress] 6.27% | 9,399/150,000 steps | 0.3428 steps/s | ETA 113h 56m 50s
[Progress] 6.28% | 9,424/150,000 steps | 0.3429 steps/s | ETA 113h 53m 22s
[Progress] 6.30% | 9,449/150,000 steps | 0.3429 steps/s | ETA 113h 52m 7s
-------------------------------------------
| progress/               |               |
|    percent              | 6.3           |
|    steps_per_second     | 0.343         |
| rollout/                |               |
|    ep_len_mean          | 12            |
|    ep_rew_mean          | -2.06         |
| time/                   |               |
|    fps                  | 0             |
|    iterations           | 74            |
|    time_elapsed         | 27626         |
|    total_timesteps      | 9472          |
| train/                  |               |
|    approx_kl            | 0.00015584985 |
|    clip_fraction        | 0             |
|    clip_range           | 0.2           |
|    entropy_loss         | -1.04         |
|    explained_variance   | 0.0334        |
|    learning_rate        | 0.0003        |
|    loss                 | 96.2          |
|    n_updates            | 365           |
|    policy_gradient_loss | 0.00116       |
|    value_loss           | 393           |
-------------------------------------------
[Progress] 6.32% | 9,474/150,000 steps | 0.3429 steps/s | ETA 113h 50m 56s
[Progress] 6.33% | 9,499/150,000 steps | 0.3430 steps/s | ETA 113h 47m 46s
Step 9,500 | Mean reward: -2.058 | Resolution: 52.7% | Escalation: 13.9%
[Progress] 6.35% | 9,524/150,000 steps | 0.3430 steps/s | ETA 113h 46m 42s
[Progress] 6.37% | 9,549/150,000 steps | 0.3431 steps/s | ETA 113h 43m 20s
[Progress] 6.38% | 9,574/150,000 steps | 0.3431 steps/s | ETA 113h 41m 48s
[Progress] 6.40% | 9,599/150,000 steps | 0.3430 steps/s | ETA 113h 42m 14s
------------------------------------------------
| custom/                      |               |
|    dropout_rate              | 0.334         |
|    escalation_rate           | 0.139         |
|    mean_episode_length_100ep | 12.1          |
|    mean_reward_100ep         | -2.06         |
|    resolution_rate           | 0.527         |
|    timeout_rate              | 0             |
| progress/                    |               |
|    percent                   | 6.4           |
|    steps_per_second          | 0.343         |
| rollout/                     |               |
|    ep_len_mean               | 12.3          |
|    ep_rew_mean               | -0.833        |
| time/                        |               |
|    fps                       | 0             |
|    iterations                | 75            |
|    time_elapsed              | 27989         |
|    total_timesteps           | 9600          |
| train/                       |               |
|    approx_kl                 | 0.00027500978 |
|    clip_fraction             | 0             |
|    clip_range                | 0.2           |
|    entropy_loss              | -1.04         |
|    explained_variance        | 0.00639       |
|    learning_rate             | 0.0003        |
|    loss                      | 117           |
|    n_updates                 | 370           |
|    policy_gradient_loss      | -0.000306     |
|    value_loss                | 384           |
------------------------------------------------
[Progress] 6.42% | 9,624/150,000 steps | 0.3429 steps/s | ETA 113h 42m 10s
[Progress] 6.43% | 9,649/150,000 steps | 0.3429 steps/s | ETA 113h 41m 22s
[Progress] 6.45% | 9,674/150,000 steps | 0.3429 steps/s | ETA 113h 40m 40s
[Progress] 6.47% | 9,699/150,000 steps | 0.3429 steps/s | ETA 113h 40m 9s
[Progress] 6.48% | 9,724/150,000 steps | 0.3429 steps/s | ETA 113h 37m 50s
-----------------------------------------
| progress/               |             |
|    percent              | 6.48        |
|    steps_per_second     | 0.343       |
| rollout/                |             |
|    ep_len_mean          | 12.5        |
|    ep_rew_mean          | -0.545      |
| time/                   |             |
|    fps                  | 0           |
|    iterations           | 76          |
|    time_elapsed         | 28368       |
|    total_timesteps      | 9728        |
| train/                  |             |
|    approx_kl            | 0.009215999 |
|    clip_fraction        | 0.0172      |
|    clip_range           | 0.2         |
|    entropy_loss         | -1.07       |
|    explained_variance   | -0.00421    |
|    learning_rate        | 0.0003      |
|    loss                 | 120         |
|    n_updates            | 375         |
|    policy_gradient_loss | -0.00766    |
|    value_loss           | 434         |
-----------------------------------------
[Progress] 6.50% | 9,749/150,000 steps | 0.3429 steps/s | ETA 113h 37m 20s
[Progress] 6.52% | 9,774/150,000 steps | 0.3428 steps/s | ETA 113h 37m 3s
[Progress] 6.53% | 9,799/150,000 steps | 0.3427 steps/s | ETA 113h 38m 3s
[Progress] 6.55% | 9,824/150,000 steps | 0.3426 steps/s | ETA 113h 38m 53s
[Progress] 6.57% | 9,849/150,000 steps | 0.3427 steps/s | ETA 113h 36m 0s
------------------------------------------
| progress/               |              |
|    percent              | 6.57         |
|    steps_per_second     | 0.343        |
| rollout/                |              |
|    ep_len_mean          | 12.9         |
|    ep_rew_mean          | -0.9         |
| time/                   |              |
|    fps                  | 0            |
|    iterations           | 77           |
|    time_elapsed         | 28758        |
|    total_timesteps      | 9856         |
| train/                  |              |
|    approx_kl            | 0.0032781232 |
|    clip_fraction        | 0            |
|    clip_range           | 0.2          |
|    entropy_loss         | -1.09        |
|    explained_variance   | 0.0588       |
|    learning_rate        | 0.0003       |
|    loss                 | 191          |
|    n_updates            | 380          |
|    policy_gradient_loss | -0.000322    |
|    value_loss           | 763          |
------------------------------------------
[Progress] 6.58% | 9,874/150,000 steps | 0.3427 steps/s | ETA 113h 34m 25s
[Progress] 6.60% | 9,899/150,000 steps | 0.3427 steps/s | ETA 113h 34m 10s
[Progress] 6.62% | 9,924/150,000 steps | 0.3425 steps/s | ETA 113h 35m 57s
[Progress] 6.63% | 9,949/150,000 steps | 0.3426 steps/s | ETA 113h 33m 40s
[Progress] 6.65% | 9,974/150,000 steps | 0.3426 steps/s | ETA 113h 32m 0s
-----------------------------------------
| progress/               |             |
|    percent              | 6.65        |
|    steps_per_second     | 0.343       |
| rollout/                |             |
|    ep_len_mean          | 13.4        |
|    ep_rew_mean          | -0.204      |
| time/                   |             |
|    fps                  | 0           |
|    iterations           | 78          |
|    time_elapsed         | 29143       |
|    total_timesteps      | 9984        |
| train/                  |             |
|    approx_kl            | 0.003856731 |
|    clip_fraction        | 0           |
|    clip_range           | 0.2         |
|    entropy_loss         | -1.09       |
|    explained_variance   | 0.066       |
|    learning_rate        | 0.0003      |
|    loss                 | 106         |
|    n_updates            | 385         |
|    policy_gradient_loss | -0.00464    |
|    value_loss           | 414         |
-----------------------------------------
[Progress] 6.67% | 9,999/150,000 steps | 0.3426 steps/s | ETA 113h 30m 2s
Step 10,000 | Mean reward: -0.612 | Resolution: 53.3% | Escalation: 13.2%
[Progress] 6.68% | 10,024/150,000 steps | 0.3240 steps/s | ETA 120h 0m 50s
[Progress] 6.70% | 10,049/150,000 steps | 0.3241 steps/s | ETA 119h 57m 5s
[Progress] 6.72% | 10,074/150,000 steps | 0.3242 steps/s | ETA 119h 54m 22s
[Progress] 6.73% | 10,099/150,000 steps | 0.3243 steps/s | ETA 119h 50m 25s
-----------------------------------------------
| custom/                      |              |
|    dropout_rate              | 0.334        |
|    escalation_rate           | 0.132        |
|    mean_episode_length_100ep | 13.3         |
|    mean_reward_100ep         | -0.612       |
|    resolution_rate           | 0.533        |
|    timeout_rate              | 0            |
| eval/                        |              |
|    escalation_rate           | 0            |
|    mean_reward               | -154         |
|    resolution_rate           | 0            |
| progress/                    |              |
|    percent                   | 6.73         |
|    steps_per_second          | 0.324        |
| rollout/                     |              |
|    ep_len_mean               | 13.2         |
|    ep_rew_mean               | -0.253       |
| time/                        |              |
|    fps                       | 0            |
|    iterations                | 79           |
|    time_elapsed              | 31179        |
|    total_timesteps           | 10112        |
| train/                       |              |
|    approx_kl                 | 0.0035187998 |
|    clip_fraction             | 0            |
|    clip_range                | 0.2          |
|    entropy_loss              | -1.06        |
|    explained_variance        | 0.0238       |
|    learning_rate             | 0.0003       |
|    loss                      | 97           |
|    n_updates                 | 390          |
|    policy_gradient_loss      | -0.00252     |
|    value_loss                | 409          |
-----------------------------------------------
[Progress] 6.75% | 10,124/150,000 steps | 0.3243 steps/s | ETA 119h 48m 1s
[Progress] 6.77% | 10,149/150,000 steps | 0.3244 steps/s | ETA 119h 44m 48s
[Progress] 6.78% | 10,174/150,000 steps | 0.3245 steps/s | ETA 119h 41m 48s
[Progress] 6.80% | 10,199/150,000 steps | 0.3245 steps/s | ETA 119h 39m 18s
[Progress] 6.82% | 10,224/150,000 steps | 0.3246 steps/s | ETA 119h 37m 38s
------------------------------------------
| progress/               |              |
|    percent              | 6.82         |
|    steps_per_second     | 0.325        |
| rollout/                |              |
|    ep_len_mean          | 13.4         |
|    ep_rew_mean          | 1.2          |
| time/                   |              |
|    fps                  | 0            |
|    iterations           | 80           |
|    time_elapsed         | 31545        |
|    total_timesteps      | 10240        |
| train/                  |              |
|    approx_kl            | 0.0011308333 |
|    clip_fraction        | 0            |
|    clip_range           | 0.2          |
|    entropy_loss         | -1.04        |
|    explained_variance   | 0.0157       |
|    learning_rate        | 0.0003       |
|    loss                 | 91.2         |
|    n_updates            | 395          |
|    policy_gradient_loss | -0.000272    |
|    value_loss           | 392          |
------------------------------------------
[Progress] 6.83% | 10,249/150,000 steps | 0.3246 steps/s | ETA 119h 34m 32s
[Progress] 6.85% | 10,274/150,000 steps | 0.3247 steps/s | ETA 119h 31m 17s
[Progress] 6.87% | 10,299/150,000 steps | 0.3248 steps/s | ETA 119h 28m 12s
[Progress] 6.88% | 10,324/150,000 steps | 0.3249 steps/s | ETA 119h 25m 5s
[Progress] 6.90% | 10,349/150,000 steps | 0.3250 steps/s | ETA 119h 21m 49s
------------------------------------------
| progress/               |              |
|    percent              | 6.9          |
|    steps_per_second     | 0.325        |
| rollout/                |              |
|    ep_len_mean          | 14           |
|    ep_rew_mean          | 1.02         |
| time/                   |              |
|    fps                  | 0            |
|    iterations           | 81           |
|    time_elapsed         | 31902        |
|    total_timesteps      | 10368        |
| train/                  |              |
|    approx_kl            | 0.0014230879 |
|    clip_fraction        | 0            |
|    clip_range           | 0.2          |
|    entropy_loss         | -1.05        |
|    explained_variance   | -0.137       |
|    learning_rate        | 0.0003       |
|    loss                 | 79           |
|    n_updates            | 400          |
|    policy_gradient_loss | -0.00233     |
|    value_loss           | 297          |
------------------------------------------
[Progress] 6.92% | 10,374/150,000 steps | 0.3250 steps/s | ETA 119h 20m 2s
[Progress] 6.93% | 10,399/150,000 steps | 0.3250 steps/s | ETA 119h 18m 0s
[Progress] 6.95% | 10,424/150,000 steps | 0.3251 steps/s | ETA 119h 16m 27s
[Progress] 6.97% | 10,449/150,000 steps | 0.3251 steps/s | ETA 119h 13m 57s
[Progress] 6.98% | 10,474/150,000 steps | 0.3252 steps/s | ETA 119h 10m 44s
------------------------------------------
| progress/               |              |
|    percent              | 6.98         |
|    steps_per_second     | 0.325        |
| rollout/                |              |
|    ep_len_mean          | 14.2         |
|    ep_rew_mean          | 1.15         |
| time/                   |              |
|    fps                  | 0            |
|    iterations           | 82           |
|    time_elapsed         | 32269        |
|    total_timesteps      | 10496        |
| train/                  |              |
|    approx_kl            | 0.0007970808 |
|    clip_fraction        | 0            |
|    clip_range           | 0.2          |
|    entropy_loss         | -1.06        |
|    explained_variance   | 0.0548       |
|    learning_rate        | 0.0003       |
|    loss                 | 120          |
|    n_updates            | 405          |
|    policy_gradient_loss | -0.00104     |
|    value_loss           | 512          |
------------------------------------------
[Progress] 7.00% | 10,499/150,000 steps | 0.3253 steps/s | ETA 119h 7m 45s
Step 10,500 | Mean reward: 1.151 | Resolution: 54.1% | Escalation: 12.8%
[Progress] 7.02% | 10,524/150,000 steps | 0.3254 steps/s | ETA 119h 3m 36s
[Progress] 7.03% | 10,549/150,000 steps | 0.3255 steps/s | ETA 118h 59m 33s
[Progress] 7.05% | 10,574/150,000 steps | 0.3256 steps/s | ETA 118h 56m 57s
[Progress] 7.07% | 10,599/150,000 steps | 0.3257 steps/s | ETA 118h 53m 37s
[Progress] 7.08% | 10,624/150,000 steps | 0.3258 steps/s | ETA 118h 50m 31s
----------------------------------------------
| custom/                      |             |
|    dropout_rate              | 0.331       |
|    escalation_rate           | 0.128       |
|    mean_episode_length_100ep | 14.2        |
|    mean_reward_100ep         | 1.15        |
|    resolution_rate           | 0.541       |
|    timeout_rate              | 0           |
| progress/                    |             |
|    percent                   | 7.08        |
|    steps_per_second          | 0.326       |
| rollout/                     |             |
|    ep_len_mean               | 14.5        |
|    ep_rew_mean               | 0.892       |
| time/                        |             |
|    fps                       | 0           |
|    iterations                | 83          |
|    time_elapsed              | 32611       |
|    total_timesteps           | 10624       |
| train/                       |             |
|    approx_kl                 | 0.000753907 |
|    clip_fraction             | 0           |
|    clip_range                | 0.2         |
|    entropy_loss              | -1.07       |
|    explained_variance        | 0.00841     |
|    learning_rate             | 0.0003      |
|    loss                      | 95.3        |
|    n_updates                 | 410         |
|    policy_gradient_loss      | -0.00117    |
|    value_loss                | 387         |
----------------------------------------------
[Progress] 7.10% | 10,649/150,000 steps | 0.3258 steps/s | ETA 118h 47m 42s
[Progress] 7.12% | 10,674/150,000 steps | 0.3260 steps/s | ETA 118h 43m 59s
[Progress] 7.13% | 10,699/150,000 steps | 0.3260 steps/s | ETA 118h 42m 36s
[Progress] 7.15% | 10,724/150,000 steps | 0.3260 steps/s | ETA 118h 39m 28s
[Progress] 7.17% | 10,749/150,000 steps | 0.3261 steps/s | ETA 118h 37m 11s
-------------------------------------------
| progress/               |               |
|    percent              | 7.17          |
|    steps_per_second     | 0.326         |
| rollout/                |               |
|    ep_len_mean          | 14.7          |
|    ep_rew_mean          | 2.97          |
| time/                   |               |
|    fps                  | 0             |
|    iterations           | 84            |
|    time_elapsed         | 32971         |
|    total_timesteps      | 10752         |
| train/                  |               |
|    approx_kl            | 0.00087928725 |
|    clip_fraction        | 0             |
|    clip_range           | 0.2           |
|    entropy_loss         | -1.06         |
|    explained_variance   | -0.0202       |
|    learning_rate        | 0.0003        |
|    loss                 | 90.8          |
|    n_updates            | 415           |
|    policy_gradient_loss | -0.000476     |
|    value_loss           | 430           |
-------------------------------------------
[Progress] 7.18% | 10,774/150,000 steps | 0.3262 steps/s | ETA 118h 33m 35s
[Progress] 7.20% | 10,799/150,000 steps | 0.3262 steps/s | ETA 118h 31m 50s
[Progress] 7.22% | 10,824/150,000 steps | 0.3261 steps/s | ETA 118h 32m 11s
[Progress] 7.23% | 10,849/150,000 steps | 0.3262 steps/s | ETA 118h 30m 1s
[Progress] 7.25% | 10,874/150,000 steps | 0.3263 steps/s | ETA 118h 27m 8s
------------------------------------------
| progress/               |              |
|    percent              | 7.25         |
|    steps_per_second     | 0.326        |
| rollout/                |              |
|    ep_len_mean          | 14.7         |
|    ep_rew_mean          | 1.39         |
| time/                   |              |
|    fps                  | 0            |
|    iterations           | 85           |
|    time_elapsed         | 33347        |
|    total_timesteps      | 10880        |
| train/                  |              |
|    approx_kl            | 0.0019965721 |
|    clip_fraction        | 0            |
|    clip_range           | 0.2          |
|    entropy_loss         | -1.07        |
|    explained_variance   | -0.0394      |
|    learning_rate        | 0.0003       |
|    loss                 | 99.3         |
|    n_updates            | 420          |
|    policy_gradient_loss | -0.00222     |
|    value_loss           | 426          |
------------------------------------------
[Progress] 7.27% | 10,899/150,000 steps | 0.3263 steps/s | ETA 118h 24m 24s
[Progress] 7.28% | 10,924/150,000 steps | 0.3264 steps/s | ETA 118h 21m 55s
[Progress] 7.30% | 10,949/150,000 steps | 0.3263 steps/s | ETA 118h 21m 37s
[Progress] 7.32% | 10,974/150,000 steps | 0.3264 steps/s | ETA 118h 19m 22s
[Progress] 7.33% | 10,999/150,000 steps | 0.3264 steps/s | ETA 118h 16m 53s
Step 11,000 | Mean reward: -1.023 | Resolution: 54.1% | Escalation: 12.1%
-----------------------------------------------
| custom/                      |              |
|    dropout_rate              | 0.337        |
|    escalation_rate           | 0.121        |
|    mean_episode_length_100ep | 14.6         |
|    mean_reward_100ep         | -1.02        |
|    resolution_rate           | 0.541        |
|    timeout_rate              | 0            |
| progress/                    |              |
|    percent                   | 7.33         |
|    steps_per_second          | 0.326        |
| rollout/                     |              |
|    ep_len_mean               | 14.6         |
|    ep_rew_mean               | -1.02        |
| time/                        |              |
|    fps                       | 0            |
|    iterations                | 86           |
|    time_elapsed              | 33717        |
|    total_timesteps           | 11008        |
| train/                       |              |
|    approx_kl                 | 0.0025996557 |
|    clip_fraction             | 0            |
|    clip_range                | 0.2          |
|    entropy_loss              | -1.07        |
|    explained_variance        | 0.0683       |
|    learning_rate             | 0.0003       |
|    loss                      | 113          |
|    n_updates                 | 425          |
|    policy_gradient_loss      | -0.00616     |
|    value_loss                | 515          |
-----------------------------------------------
[Progress] 7.35% | 11,024/150,000 steps | 0.3265 steps/s | ETA 118h 14m 59s
[Progress] 7.37% | 11,049/150,000 steps | 0.3265 steps/s | ETA 118h 12m 17s
[Progress] 7.38% | 11,074/150,000 steps | 0.3266 steps/s | ETA 118h 9m 17s
[Progress] 7.40% | 11,099/150,000 steps | 0.3267 steps/s | ETA 118h 5m 43s
[Progress] 7.42% | 11,124/150,000 steps | 0.3268 steps/s | ETA 118h 3m 22s
-------------------------------------------
| progress/               |               |
|    percent              | 7.42          |
|    steps_per_second     | 0.327         |
| rollout/                |               |
|    ep_len_mean          | 14.9          |
|    ep_rew_mean          | -2.96         |
| time/                   |               |
|    fps                  | 0             |
|    iterations           | 87            |
|    time_elapsed         | 34074         |
|    total_timesteps      | 11136         |
| train/                  |               |
|    approx_kl            | 0.00023126137 |
|    clip_fraction        | 0             |
|    clip_range           | 0.2           |
|    entropy_loss         | -1.06         |
|    explained_variance   | -0.0039       |
|    learning_rate        | 0.0003        |
|    loss                 | 93            |
|    n_updates            | 430           |
|    policy_gradient_loss | 0.00183       |
|    value_loss           | 499           |
-------------------------------------------
[Progress] 7.43% | 11,149/150,000 steps | 0.3268 steps/s | ETA 118h 1m 26s
[Progress] 7.45% | 11,174/150,000 steps | 0.3268 steps/s | ETA 118h 0m 15s
[Progress] 7.47% | 11,199/150,000 steps | 0.3268 steps/s | ETA 117h 57m 48s
[Progress] 7.48% | 11,224/150,000 steps | 0.3270 steps/s | ETA 117h 53m 56s
[Progress] 7.50% | 11,249/150,000 steps | 0.3270 steps/s | ETA 117h 52m 7s
------------------------------------------
| progress/               |              |
|    percent              | 7.5          |
|    steps_per_second     | 0.327        |
| rollout/                |              |
|    ep_len_mean          | 14.7         |
|    ep_rew_mean          | -2.87        |
| time/                   |              |
|    fps                  | 0            |
|    iterations           | 88           |
|    time_elapsed         | 34443        |
|    total_timesteps      | 11264        |
| train/                  |              |
|    approx_kl            | 0.0007940247 |
|    clip_fraction        | 0            |
|    clip_range           | 0.2          |
|    entropy_loss         | -1.07        |
|    explained_variance   | 0.0761       |
|    learning_rate        | 0.0003       |
|    loss                 | 121          |
|    n_updates            | 435          |
|    policy_gradient_loss | -0.00284     |
|    value_loss           | 589          |
------------------------------------------
[Progress] 7.52% | 11,274/150,000 steps | 0.3270 steps/s | ETA 117h 50m 37s
[Progress] 7.53% | 11,299/150,000 steps | 0.3271 steps/s | ETA 117h 47m 13s
[Progress] 7.55% | 11,324/150,000 steps | 0.3272 steps/s | ETA 117h 44m 6s
[Progress] 7.57% | 11,349/150,000 steps | 0.3272 steps/s | ETA 117h 42m 19s
[Progress] 7.58% | 11,374/150,000 steps | 0.3272 steps/s | ETA 117h 40m 20s
------------------------------------------
| progress/               |              |
|    percent              | 7.58         |
|    steps_per_second     | 0.327        |
| rollout/                |              |
|    ep_len_mean          | 14.9         |
|    ep_rew_mean          | -3.76        |
| time/                   |              |
|    fps                  | 0            |
|    iterations           | 89           |
|    time_elapsed         | 34803        |
|    total_timesteps      | 11392        |
| train/                  |              |
|    approx_kl            | 0.0005835644 |
|    clip_fraction        | 0            |
|    clip_range           | 0.2          |
|    entropy_loss         | -1.08        |
|    explained_variance   | 0.0317       |
|    learning_rate        | 0.0003       |
|    loss                 | 124          |
|    n_updates            | 440          |
|    policy_gradient_loss | -0.000134    |
|    value_loss           | 640          |
------------------------------------------
[Progress] 7.60% | 11,399/150,000 steps | 0.3273 steps/s | ETA 117h 36m 59s
[Progress] 7.62% | 11,424/150,000 steps | 0.3271 steps/s | ETA 117h 40m 22s
[Progress] 7.63% | 11,449/150,000 steps | 0.3271 steps/s | ETA 117h 38m 34s
[Progress] 7.65% | 11,474/150,000 steps | 0.3271 steps/s | ETA 117h 37m 15s
[Progress] 7.67% | 11,499/150,000 steps | 0.3272 steps/s | ETA 117h 34m 46s
Step 11,500 | Mean reward: -3.228 | Resolution: 54.5% | Escalation: 11.6%
-----------------------------------------------
| custom/                      |              |
|    dropout_rate              | 0.339        |
|    escalation_rate           | 0.116        |
|    mean_episode_length_100ep | 15           |
|    mean_reward_100ep         | -3.23        |
|    resolution_rate           | 0.545        |
|    timeout_rate              | 0            |
| progress/                    |              |
|    percent                   | 7.67         |
|    steps_per_second          | 0.327        |
| rollout/                     |              |
|    ep_len_mean               | 14.8         |
|    ep_rew_mean               | -2.11        |
| time/                        |              |
|    fps                       | 0            |
|    iterations                | 90           |
|    time_elapsed              | 35216        |
|    total_timesteps           | 11520        |
| train/                       |              |
|    approx_kl                 | 0.0008031591 |
|    clip_fraction             | 0            |
|    clip_range                | 0.2          |
|    entropy_loss              | -1.06        |
|    explained_variance        | -0.0242      |
|    learning_rate             | 0.0003       |
|    loss                      | 92.7         |
|    n_updates                 | 445          |
|    policy_gradient_loss      | -0.000755    |
|    value_loss                | 413          |
-----------------------------------------------
[Progress] 7.68% | 11,524/150,000 steps | 0.3271 steps/s | ETA 117h 35m 41s
[Progress] 7.70% | 11,549/150,000 steps | 0.3271 steps/s | ETA 117h 33m 33s
[Progress] 7.72% | 11,574/150,000 steps | 0.3271 steps/s | ETA 117h 32m 14s
[Progress] 7.73% | 11,599/150,000 steps | 0.3271 steps/s | ETA 117h 30m 59s
[Progress] 7.75% | 11,624/150,000 steps | 0.3272 steps/s | ETA 117h 29m 26s
-------------------------------------------
| progress/               |               |
|    percent              | 7.75          |
|    steps_per_second     | 0.327         |
| rollout/                |               |
|    ep_len_mean          | 14.7          |
|    ep_rew_mean          | -2.35         |
| time/                   |               |
|    fps                  | 0             |
|    iterations           | 91            |
|    time_elapsed         | 35599         |
|    total_timesteps      | 11648         |
| train/                  |               |
|    approx_kl            | 0.00010104757 |
|    clip_fraction        | 0             |
|    clip_range           | 0.2           |
|    entropy_loss         | -1.07         |
|    explained_variance   | 0.0413        |
|    learning_rate        | 0.0003        |
|    loss                 | 113           |
|    n_updates            | 450           |
|    policy_gradient_loss | 0.00122       |
|    value_loss           | 536           |
-------------------------------------------
[Progress] 7.77% | 11,649/150,000 steps | 0.3272 steps/s | ETA 117h 27m 20s
[Progress] 7.78% | 11,674/150,000 steps | 0.3272 steps/s | ETA 117h 25m 45s
[Progress] 7.80% | 11,699/150,000 steps | 0.3272 steps/s | ETA 117h 25m 6s
[Progress] 7.82% | 11,724/150,000 steps | 0.3272 steps/s | ETA 117h 23m 49s
[Progress] 7.83% | 11,749/150,000 steps | 0.3273 steps/s | ETA 117h 20m 24s
[Progress] 7.85% | 11,774/150,000 steps | 0.3274 steps/s | ETA 117h 17m 31s
-------------------------------------------
| progress/               |               |
|    percent              | 7.85          |
|    steps_per_second     | 0.327         |
| rollout/                |               |
|    ep_len_mean          | 14.3          |
|    ep_rew_mean          | -1.03         |
| time/                   |               |
|    fps                  | 0             |
|    iterations           | 92            |
|    time_elapsed         | 35974         |
|    total_timesteps      | 11776         |
| train/                  |               |
|    approx_kl            | 3.1315722e-06 |
|    clip_fraction        | 0             |
|    clip_range           | 0.2           |
|    entropy_loss         | -1.07         |
|    explained_variance   | -0.0665       |
|    learning_rate        | 0.0003        |
|    loss                 | 87.6          |
|    n_updates            | 455           |
|    policy_gradient_loss | 0.000117      |
|    value_loss           | 403           |
-------------------------------------------
[Progress] 7.87% | 11,799/150,000 steps | 0.3274 steps/s | ETA 117h 16m 9s
[Progress] 7.88% | 11,824/150,000 steps | 0.3273 steps/s | ETA 117h 15m 47s
[Progress] 7.90% | 11,849/150,000 steps | 0.3274 steps/s | ETA 117h 13m 23s
[Progress] 7.92% | 11,874/150,000 steps | 0.3274 steps/s | ETA 117h 10m 31s
[Progress] 7.93% | 11,899/150,000 steps | 0.3275 steps/s | ETA 117h 8m 20s
------------------------------------------
| progress/               |              |
|    percent              | 7.93         |
|    steps_per_second     | 0.327        |
| rollout/                |              |
|    ep_len_mean          | 14.5         |
|    ep_rew_mean          | -0.773       |
| time/                   |              |
|    fps                  | 0            |
|    iterations           | 93           |
|    time_elapsed         | 36346        |
|    total_timesteps      | 11904        |
| train/                  |              |
|    approx_kl            | 0.0018359446 |
|    clip_fraction        | 0            |
|    clip_range           | 0.2          |
|    entropy_loss         | -1.07        |
|    explained_variance   | 0.0214       |
|    learning_rate        | 0.0003       |
|    loss                 | 118          |
|    n_updates            | 460          |
|    policy_gradient_loss | -0.00309     |
|    value_loss           | 481          |
------------------------------------------
[Progress] 7.95% | 11,924/150,000 steps | 0.3275 steps/s | ETA 117h 5m 45s
[Progress] 7.97% | 11,949/150,000 steps | 0.3276 steps/s | ETA 117h 2m 43s
[Progress] 7.98% | 11,974/150,000 steps | 0.3277 steps/s | ETA 116h 59m 2s
[Progress] 8.00% | 11,999/150,000 steps | 0.3278 steps/s | ETA 116h 56m 35s
Step 12,000 | Mean reward: 0.630 | Resolution: 55.2% | Escalation: 11.1%
[Progress] 8.02% | 12,024/150,000 steps | 0.3278 steps/s | ETA 116h 54m 58s
-----------------------------------------------
| custom/                      |              |
|    dropout_rate              | 0.337        |
|    escalation_rate           | 0.111        |
|    mean_episode_length_100ep | 14           |
|    mean_reward_100ep         | 0.63         |
|    resolution_rate           | 0.552        |
|    timeout_rate              | 0            |
| progress/                    |              |
|    percent                   | 8.02         |
|    steps_per_second          | 0.328        |
| rollout/                     |              |
|    ep_len_mean               | 13.9         |
|    ep_rew_mean               | 0.52         |
| time/                        |              |
|    fps                       | 0            |
|    iterations                | 94           |
|    time_elapsed              | 36699        |
|    total_timesteps           | 12032        |
| train/                       |              |
|    approx_kl                 | 0.0047478355 |
|    clip_fraction             | 0            |
|    clip_range                | 0.2          |
|    entropy_loss              | -1.05        |
|    explained_variance        | 0.0164       |
|    learning_rate             | 0.0003       |
|    loss                      | 89.8         |
|    n_updates                 | 465          |
|    policy_gradient_loss      | -0.00511     |
|    value_loss                | 317          |
-----------------------------------------------
[Progress] 8.03% | 12,049/150,000 steps | 0.3279 steps/s | ETA 116h 51m 23s
[Progress] 8.05% | 12,074/150,000 steps | 0.3280 steps/s | ETA 116h 48m 3s
[Progress] 8.07% | 12,099/150,000 steps | 0.3281 steps/s | ETA 116h 45m 8s
[Progress] 8.08% | 12,124/150,000 steps | 0.3281 steps/s | ETA 116h 43m 26s
[Progress] 8.10% | 12,149/150,000 steps | 0.3282 steps/s | ETA 116h 39m 56s
------------------------------------------
| progress/               |              |
|    percent              | 8.1          |
|    steps_per_second     | 0.328        |
| rollout/                |              |
|    ep_len_mean          | 13.5         |
|    ep_rew_mean          | -0.191       |
| time/                   |              |
|    fps                  | 0            |
|    iterations           | 95           |
|    time_elapsed         | 37047        |
|    total_timesteps      | 12160        |
| train/                  |              |
|    approx_kl            | 0.0027759802 |
|    clip_fraction        | 0            |
|    clip_range           | 0.2          |
|    entropy_loss         | -1.02        |
|    explained_variance   | 0.042        |
|    learning_rate        | 0.0003       |
|    loss                 | 127          |
|    n_updates            | 470          |
|    policy_gradient_loss | -0.00523     |
|    value_loss           | 480          |
------------------------------------------
[Progress] 8.12% | 12,174/150,000 steps | 0.3283 steps/s | ETA 116h 37m 46s
[Progress] 8.13% | 12,199/150,000 steps | 0.3282 steps/s | ETA 116h 36m 52s
[Progress] 8.15% | 12,224/150,000 steps | 0.3282 steps/s | ETA 116h 36m 46s
[Progress] 8.17% | 12,249/150,000 steps | 0.3281 steps/s | ETA 116h 36m 36s
[Progress] 8.18% | 12,274/150,000 steps | 0.3282 steps/s | ETA 116h 34m 15s
------------------------------------------
| progress/               |              |
|    percent              | 8.18         |
|    steps_per_second     | 0.328        |
| rollout/                |              |
|    ep_len_mean          | 13.6         |
|    ep_rew_mean          | 0.658        |
| time/                   |              |
|    fps                  | 0            |
|    iterations           | 96           |
|    time_elapsed         | 37434        |
|    total_timesteps      | 12288        |
| train/                  |              |
|    approx_kl            | 0.0041607553 |
|    clip_fraction        | 0            |
|    clip_range           | 0.2          |
|    entropy_loss         | -0.981       |
|    explained_variance   | -0.0517      |
|    learning_rate        | 0.0003       |
|    loss                 | 119          |
|    n_updates            | 475          |
|    policy_gradient_loss | -0.00287     |
|    value_loss           | 417          |
------------------------------------------
[Progress] 8.20% | 12,299/150,000 steps | 0.3283 steps/s | ETA 116h 31m 13s
[Progress] 8.22% | 12,324/150,000 steps | 0.3283 steps/s | ETA 116h 29m 41s
[Progress] 8.23% | 12,349/150,000 steps | 0.3284 steps/s | ETA 116h 26m 19s
[Progress] 8.25% | 12,374/150,000 steps | 0.3284 steps/s | ETA 116h 24m 33s
[Progress] 8.27% | 12,399/150,000 steps | 0.3285 steps/s | ETA 116h 21m 53s
------------------------------------------
| progress/               |              |
|    percent              | 8.27         |
|    steps_per_second     | 0.328        |
| rollout/                |              |
|    ep_len_mean          | 13.4         |
|    ep_rew_mean          | 2.29         |
| time/                   |              |
|    fps                  | 0            |
|    iterations           | 97           |
|    time_elapsed         | 37795        |
|    total_timesteps      | 12416        |
| train/                  |              |
|    approx_kl            | 0.0003148727 |
|    clip_fraction        | 0            |
|    clip_range           | 0.2          |
|    entropy_loss         | -0.963       |
|    explained_variance   | 0.0287       |
|    learning_rate        | 0.0003       |
|    loss                 | 108          |
|    n_updates            | 480          |
|    policy_gradient_loss | -0.000293    |
|    value_loss           | 493          |
------------------------------------------
[Progress] 8.28% | 12,424/150,000 steps | 0.3285 steps/s | ETA 116h 19m 5s
[Progress] 8.30% | 12,449/150,000 steps | 0.3286 steps/s | ETA 116h 16m 4s
[Progress] 8.32% | 12,474/150,000 steps | 0.3286 steps/s | ETA 116h 15m 23s
[Progress] 8.33% | 12,499/150,000 steps | 0.3286 steps/s | ETA 116h 13m 38s
Step 12,500 | Mean reward: 3.666 | Resolution: 55.3% | Escalation: 10.5%
[Progress] 8.35% | 12,524/150,000 steps | 0.3287 steps/s | ETA 116h 11m 36s
----------------------------------------------
| custom/                      |             |
|    dropout_rate              | 0.341       |
|    escalation_rate           | 0.105       |
|    mean_episode_length_100ep | 13.1        |
|    mean_reward_100ep         | 3.67        |
|    resolution_rate           | 0.553       |
|    timeout_rate              | 0           |
| progress/                    |             |
|    percent                   | 8.35        |
|    steps_per_second          | 0.329       |
| rollout/                     |             |
|    ep_len_mean               | 13          |
|    ep_rew_mean               | 3.48        |
| time/                        |             |
|    fps                       | 0           |
|    iterations                | 98          |
|    time_elapsed              | 38162       |
|    total_timesteps           | 12544       |
| train/                       |             |
|    approx_kl                 | 0.006675977 |
|    clip_fraction             | 0           |
|    clip_range                | 0.2         |
|    entropy_loss              | -0.937      |
|    explained_variance        | -0.0527     |
|    learning_rate             | 0.0003      |
|    loss                      | 71.6        |
|    n_updates                 | 485         |
|    policy_gradient_loss      | -0.00706    |
|    value_loss                | 280         |
----------------------------------------------
[Progress] 8.37% | 12,549/150,000 steps | 0.3287 steps/s | ETA 116h 9m 17s
[Progress] 8.38% | 12,574/150,000 steps | 0.3287 steps/s | ETA 116h 7m 32s
[Progress] 8.40% | 12,599/150,000 steps | 0.3288 steps/s | ETA 116h 4m 48s
[Progress] 8.42% | 12,624/150,000 steps | 0.3289 steps/s | ETA 116h 1m 10s
[Progress] 8.43% | 12,649/150,000 steps | 0.3290 steps/s | ETA 115h 57m 21s
------------------------------------------
| progress/               |              |
|    percent              | 8.43         |
|    steps_per_second     | 0.329        |
| rollout/                |              |
|    ep_len_mean          | 12.7         |
|    ep_rew_mean          | 3.67         |
| time/                   |              |
|    fps                  | 0            |
|    iterations           | 99           |
|    time_elapsed         | 38514        |
|    total_timesteps      | 12672        |
| train/                  |              |
|    approx_kl            | 0.0048012417 |
|    clip_fraction        | 0            |
|    clip_range           | 0.2          |
|    entropy_loss         | -0.873       |
|    explained_variance   | 0.0513       |
|    learning_rate        | 0.0003       |
|    loss                 | 103          |
|    n_updates            | 490          |
|    policy_gradient_loss | 0.00052      |
|    value_loss           | 474          |
------------------------------------------
[Progress] 8.45% | 12,674/150,000 steps | 0.3290 steps/s | ETA 115h 56m 40s
[Progress] 8.47% | 12,699/150,000 steps | 0.3290 steps/s | ETA 115h 54m 48s
[Progress] 8.48% | 12,724/150,000 steps | 0.3290 steps/s | ETA 115h 53m 22s
[Progress] 8.50% | 12,749/150,000 steps | 0.3291 steps/s | ETA 115h 51m 46s
[Progress] 8.52% | 12,774/150,000 steps | 0.3290 steps/s | ETA 115h 50m 43s
[Progress] 8.53% | 12,799/150,000 steps | 0.3291 steps/s | ETA 115h 48m 43s
------------------------------------------
| progress/               |              |
|    percent              | 8.53         |
|    steps_per_second     | 0.329        |
| rollout/                |              |
|    ep_len_mean          | 12.5         |
|    ep_rew_mean          | 1.06         |
| time/                   |              |
|    fps                  | 0            |
|    iterations           | 100          |
|    time_elapsed         | 38896        |
|    total_timesteps      | 12800        |
| train/                  |              |
|    approx_kl            | 0.0019660108 |
|    clip_fraction        | 0            |
|    clip_range           | 0.2          |
|    entropy_loss         | -0.833       |
|    explained_variance   | 0.0385       |
|    learning_rate        | 0.0003       |
|    loss                 | 101          |
|    n_updates            | 495          |
|    policy_gradient_loss | -0.0011      |
|    value_loss           | 412          |
------------------------------------------
[Progress] 8.55% | 12,824/150,000 steps | 0.3291 steps/s | ETA 115h 46m 52s
[Progress] 8.57% | 12,849/150,000 steps | 0.3291 steps/s | ETA 115h 45m 27s
[Progress] 8.58% | 12,874/150,000 steps | 0.3291 steps/s | ETA 115h 43m 54s
[Progress] 8.60% | 12,899/150,000 steps | 0.3291 steps/s | ETA 115h 42m 13s
[Progress] 8.62% | 12,924/150,000 steps | 0.3292 steps/s | ETA 115h 39m 4s
-------------------------------------------
| progress/               |               |
|    percent              | 8.62          |
|    steps_per_second     | 0.329         |
| rollout/                |               |
|    ep_len_mean          | 12.4          |
|    ep_rew_mean          | -1.05         |
| time/                   |               |
|    fps                  | 0             |
|    iterations           | 101           |
|    time_elapsed         | 39265         |
|    total_timesteps      | 12928         |
| train/                  |               |
|    approx_kl            | 0.00036745518 |
|    clip_fraction        | 0             |
|    clip_range           | 0.2           |
|    entropy_loss         | -0.809        |
|    explained_variance   | 0.06          |
|    learning_rate        | 0.0003        |
|    loss                 | 131           |
|    n_updates            | 500           |
|    policy_gradient_loss | 0.000953      |
|    value_loss           | 548           |
-------------------------------------------
[Progress] 8.63% | 12,949/150,000 steps | 0.3293 steps/s | ETA 115h 35m 45s
[Progress] 8.65% | 12,974/150,000 steps | 0.3295 steps/s | ETA 115h 32m 1s
[Progress] 8.67% | 12,999/150,000 steps | 0.3295 steps/s | ETA 115h 30m 37s
Step 13,000 | Mean reward: -2.481 | Resolution: 55.2% | Escalation: 10.1%
[Progress] 8.68% | 13,024/150,000 steps | 0.3294 steps/s | ETA 115h 30m 2s
[Progress] 8.70% | 13,049/150,000 steps | 0.3295 steps/s | ETA 115h 27m 46s
------------------------------------------------
| custom/                      |               |
|    dropout_rate              | 0.347         |
|    escalation_rate           | 0.101         |
|    mean_episode_length_100ep | 12.2          |
|    mean_reward_100ep         | -2.48         |
|    resolution_rate           | 0.552         |
|    timeout_rate              | 0             |
| progress/                    |               |
|    percent                   | 8.7           |
|    steps_per_second          | 0.329         |
| rollout/                     |               |
|    ep_len_mean               | 12            |
|    ep_rew_mean               | -2.01         |
| time/                        |               |
|    fps                       | 0             |
|    iterations                | 102           |
|    time_elapsed              | 39623         |
|    total_timesteps           | 13056         |
| train/                       |               |
|    approx_kl                 | 0.00044139195 |
|    clip_fraction             | 0             |
|    clip_range                | 0.2           |
|    entropy_loss              | -0.807        |
|    explained_variance        | 0.0169        |
|    learning_rate             | 0.0003        |
|    loss                      | 152           |
|    n_updates                 | 505           |
|    policy_gradient_loss      | -0.00123      |
|    value_loss                | 556           |
------------------------------------------------
[Progress] 8.72% | 13,074/150,000 steps | 0.3295 steps/s | ETA 115h 25m 14s
[Progress] 8.73% | 13,099/150,000 steps | 0.3295 steps/s | ETA 115h 24m 9s
[Progress] 8.75% | 13,124/150,000 steps | 0.3296 steps/s | ETA 115h 22m 10s
[Progress] 8.77% | 13,149/150,000 steps | 0.3296 steps/s | ETA 115h 21m 1s
[Progress] 8.78% | 13,174/150,000 steps | 0.3295 steps/s | ETA 115h 20m 18s
------------------------------------------
| progress/               |              |
|    percent              | 8.78         |
|    steps_per_second     | 0.33         |
| rollout/                |              |
|    ep_len_mean          | 11.9         |
|    ep_rew_mean          | -4.52        |
| time/                   |              |
|    fps                  | 0            |
|    iterations           | 103          |
|    time_elapsed         | 40005        |
|    total_timesteps      | 13184        |
| train/                  |              |
|    approx_kl            | 0.0014496269 |
|    clip_fraction        | 0            |
|    clip_range           | 0.2          |
|    entropy_loss         | -0.834       |
|    explained_variance   | 0.0533       |
|    learning_rate        | 0.0003       |
|    loss                 | 145          |
|    n_updates            | 510          |
|    policy_gradient_loss | -0.00169     |
|    value_loss           | 540          |
------------------------------------------
[Progress] 8.80% | 13,199/150,000 steps | 0.3296 steps/s | ETA 115h 17m 45s
[Progress] 8.82% | 13,224/150,000 steps | 0.3296 steps/s | ETA 115h 15m 27s
[Progress] 8.83% | 13,249/150,000 steps | 0.3296 steps/s | ETA 115h 14m 29s
[Progress] 8.85% | 13,274/150,000 steps | 0.3297 steps/s | ETA 115h 12m 17s
[Progress] 8.87% | 13,299/150,000 steps | 0.3296 steps/s | ETA 115h 11m 43s
------------------------------------------
| progress/               |              |
|    percent              | 8.87         |
|    steps_per_second     | 0.33         |
| rollout/                |              |
|    ep_len_mean          | 11.9         |
|    ep_rew_mean          | -4.76        |
| time/                   |              |
|    fps                  | 0            |
|    iterations           | 104          |
|    time_elapsed         | 40381        |
|    total_timesteps      | 13312        |
| train/                  |              |
|    approx_kl            | 0.0054899077 |
|    clip_fraction        | 0.00469      |
|    clip_range           | 0.2          |
|    entropy_loss         | -0.871       |
|    explained_variance   | 0.0356       |
|    learning_rate        | 0.0003       |
|    loss                 | 127          |
|    n_updates            | 515          |
|    policy_gradient_loss | -0.0105      |
|    value_loss           | 584          |
------------------------------------------
[Progress] 8.88% | 13,324/150,000 steps | 0.3297 steps/s | ETA 115h 9m 50s
[Progress] 8.90% | 13,349/150,000 steps | 0.3297 steps/s | ETA 115h 8m 11s
[Progress] 8.92% | 13,374/150,000 steps | 0.3297 steps/s | ETA 115h 7m 12s
[Progress] 8.93% | 13,399/150,000 steps | 0.3297 steps/s | ETA 115h 4m 53s
[Progress] 8.95% | 13,424/150,000 steps | 0.3298 steps/s | ETA 115h 2m 53s
------------------------------------------
| progress/               |              |
|    percent              | 8.95         |
|    steps_per_second     | 0.33         |
| rollout/                |              |
|    ep_len_mean          | 12.4         |
|    ep_rew_mean          | -4.4         |
| time/                   |              |
|    fps                  | 0            |
|    iterations           | 105          |
|    time_elapsed         | 40758        |
|    total_timesteps      | 13440        |
| train/                  |              |
|    approx_kl            | 0.0029618856 |
|    clip_fraction        | 0            |
|    clip_range           | 0.2          |
|    entropy_loss         | -0.921       |
|    explained_variance   | 0.096        |
|    learning_rate        | 0.0003       |
|    loss                 | 143          |
|    n_updates            | 520          |
|    policy_gradient_loss | -0.00309     |
|    value_loss           | 538          |
------------------------------------------
[Progress] 8.97% | 13,449/150,000 steps | 0.3298 steps/s | ETA 115h 1m 0s
[Progress] 8.98% | 13,474/150,000 steps | 0.3298 steps/s | ETA 114h 59m 9s
[Progress] 9.00% | 13,499/150,000 steps | 0.3298 steps/s | ETA 114h 57m 17s
Step 13,500 | Mean reward: -4.846 | Resolution: 55.3% | Escalation: 9.6%
[Progress] 9.02% | 13,524/150,000 steps | 0.3299 steps/s | ETA 114h 55m 36s
[Progress] 9.03% | 13,549/150,000 steps | 0.3299 steps/s | ETA 114h 54m 0s
-----------------------------------------------
| custom/                      |              |
|    dropout_rate              | 0.351        |
|    escalation_rate           | 0.0962       |
|    mean_episode_length_100ep | 12.4         |
|    mean_reward_100ep         | -4.85        |
|    resolution_rate           | 0.553        |
|    timeout_rate              | 0            |
| progress/                    |              |
|    percent                   | 9.03         |
|    steps_per_second          | 0.33         |
| rollout/                     |              |
|    ep_len_mean               | 12.1         |
|    ep_rew_mean               | -3.13        |
| time/                        |              |
|    fps                       | 0            |
|    iterations                | 106          |
|    time_elapsed              | 41125        |
|    total_timesteps           | 13568        |
| train/                       |              |
|    approx_kl                 | 0.0023807744 |
|    clip_fraction             | 0            |
|    clip_range                | 0.2          |
|    entropy_loss              | -0.945       |
|    explained_variance        | -0.0399      |
|    learning_rate             | 0.0003       |
|    loss                      | 84.5         |
|    n_updates                 | 525          |
|    policy_gradient_loss      | -0.00399     |
|    value_loss                | 392          |
-----------------------------------------------
[Progress] 9.05% | 13,574/150,000 steps | 0.3299 steps/s | ETA 114h 51m 46s
[Progress] 9.07% | 13,599/150,000 steps | 0.3300 steps/s | ETA 114h 49m 58s
[Progress] 9.08% | 13,624/150,000 steps | 0.3299 steps/s | ETA 114h 49m 13s
[Progress] 9.10% | 13,649/150,000 steps | 0.3300 steps/s | ETA 114h 45m 49s
[Progress] 9.12% | 13,674/150,000 steps | 0.3300 steps/s | ETA 114h 44m 20s
------------------------------------------
| progress/               |              |
|    percent              | 9.12         |
|    steps_per_second     | 0.33         |
| rollout/                |              |
|    ep_len_mean          | 12.1         |
|    ep_rew_mean          | -4.07        |
| time/                   |              |
|    fps                  | 0            |
|    iterations           | 107          |
|    time_elapsed         | 41494        |
|    total_timesteps      | 13696        |
| train/                  |              |
|    approx_kl            | 0.0026032128 |
|    clip_fraction        | 0            |
|    clip_range           | 0.2          |
|    entropy_loss         | -0.959       |
|    explained_variance   | 0.0839       |
|    learning_rate        | 0.0003       |
|    loss                 | 158          |
|    n_updates            | 530          |
|    policy_gradient_loss | -0.00435     |
|    value_loss           | 636          |
------------------------------------------
[Progress] 9.13% | 13,699/150,000 steps | 0.3301 steps/s | ETA 114h 42m 35s
[Progress] 9.15% | 13,724/150,000 steps | 0.3301 steps/s | ETA 114h 40m 12s
[Progress] 9.17% | 13,749/150,000 steps | 0.3302 steps/s | ETA 114h 38m 9s
[Progress] 9.18% | 13,774/150,000 steps | 0.3302 steps/s | ETA 114h 36m 49s
[Progress] 9.20% | 13,799/150,000 steps | 0.3302 steps/s | ETA 114h 34m 20s
[Progress] 9.22% | 13,824/150,000 steps | 0.3303 steps/s | ETA 114h 31m 45s
-------------------------------------------
| progress/               |               |
|    percent              | 9.22          |
|    steps_per_second     | 0.33          |
| rollout/                |               |
|    ep_len_mean          | 11.8          |
|    ep_rew_mean          | -3.52         |
| time/                   |               |
|    fps                  | 0             |
|    iterations           | 108           |
|    time_elapsed         | 41855         |
|    total_timesteps      | 13824         |
| train/                  |               |
|    approx_kl            | 0.00020736828 |
|    clip_fraction        | 0             |
|    clip_range           | 0.2           |
|    entropy_loss         | -0.965        |
|    explained_variance   | 0.017         |
|    learning_rate        | 0.0003        |
|    loss                 | 128           |
|    n_updates            | 535           |
|    policy_gradient_loss | 0.000721      |
|    value_loss           | 520           |
-------------------------------------------
[Progress] 9.23% | 13,849/150,000 steps | 0.3303 steps/s | ETA 114h 29m 17s
[Progress] 9.25% | 13,874/150,000 steps | 0.3304 steps/s | ETA 114h 27m 17s
[Progress] 9.27% | 13,899/150,000 steps | 0.3304 steps/s | ETA 114h 24m 51s
[Progress] 9.28% | 13,924/150,000 steps | 0.3305 steps/s | ETA 114h 22m 40s
[Progress] 9.30% | 13,949/150,000 steps | 0.3304 steps/s | ETA 114h 22m 0s
------------------------------------------
| progress/               |              |
|    percent              | 9.3          |
|    steps_per_second     | 0.33         |
| rollout/                |              |
|    ep_len_mean          | 11.8         |
|    ep_rew_mean          | -2.17        |
| time/                   |              |
|    fps                  | 0            |
|    iterations           | 109          |
|    time_elapsed         | 42221        |
|    total_timesteps      | 13952        |
| train/                  |              |
|    approx_kl            | 0.0063784593 |
|    clip_fraction        | 0            |
|    clip_range           | 0.2          |
|    entropy_loss         | -0.962       |
|    explained_variance   | 0.00861      |
|    learning_rate        | 0.0003       |
|    loss                 | 131          |
|    n_updates            | 540          |
|    policy_gradient_loss | -0.00707     |
|    value_loss           | 527          |
------------------------------------------
[Progress] 9.32% | 13,974/150,000 steps | 0.3304 steps/s | ETA 114h 22m 33s
[Progress] 9.33% | 13,999/150,000 steps | 0.3304 steps/s | ETA 114h 21m 10s
Step 14,000 | Mean reward: -1.347 | Resolution: 55.5% | Escalation: 9.2%
[Progress] 9.35% | 14,024/150,000 steps | 0.3304 steps/s | ETA 114h 18m 59s
[Progress] 9.37% | 14,049/150,000 steps | 0.3304 steps/s | ETA 114h 16m 56s
[Progress] 9.38% | 14,074/150,000 steps | 0.3305 steps/s | ETA 114h 14m 5s
----------------------------------------------
| custom/                      |             |
|    dropout_rate              | 0.353       |
|    escalation_rate           | 0.0918      |
|    mean_episode_length_100ep | 11.9        |
|    mean_reward_100ep         | -1.35       |
|    resolution_rate           | 0.555       |
|    timeout_rate              | 0           |
| progress/                    |             |
|    percent                   | 9.38        |
|    steps_per_second          | 0.331       |
| rollout/                     |             |
|    ep_len_mean               | 12.1        |
|    ep_rew_mean               | -1.74       |
| time/                        |             |
|    fps                       | 0           |
|    iterations                | 110         |
|    time_elapsed              | 42597       |
|    total_timesteps           | 14080       |
| train/                       |             |
|    approx_kl                 | 0.006140693 |
|    clip_fraction             | 0           |
|    clip_range                | 0.2         |
|    entropy_loss              | -0.936      |
|    explained_variance        | 0.00468     |
|    learning_rate             | 0.0003      |
|    loss                      | 106         |
|    n_updates                 | 545         |
|    policy_gradient_loss      | -0.00613    |
|    value_loss                | 452         |
----------------------------------------------
[Progress] 9.40% | 14,099/150,000 steps | 0.3306 steps/s | ETA 114h 11m 44s
[Progress] 9.42% | 14,124/150,000 steps | 0.3306 steps/s | ETA 114h 10m 11s
[Progress] 9.43% | 14,149/150,000 steps | 0.3306 steps/s | ETA 114h 8m 9s
[Progress] 9.45% | 14,174/150,000 steps | 0.3307 steps/s | ETA 114h 6m 7s
[Progress] 9.47% | 14,199/150,000 steps | 0.3307 steps/s | ETA 114h 3m 46s
------------------------------------------
| progress/               |              |
|    percent              | 9.47         |
|    steps_per_second     | 0.331        |
| rollout/                |              |
|    ep_len_mean          | 12.1         |
|    ep_rew_mean          | -0.647       |
| time/                   |              |
|    fps                  | 0            |
|    iterations           | 111          |
|    time_elapsed         | 42957        |
|    total_timesteps      | 14208        |
| train/                  |              |
|    approx_kl            | 0.0013278662 |
|    clip_fraction        | 0            |
|    clip_range           | 0.2          |
|    entropy_loss         | -0.903       |
|    explained_variance   | 0.0959       |
|    learning_rate        | 0.0003       |
|    loss                 | 114          |
|    n_updates            | 550          |
|    policy_gradient_loss | -0.000491    |
|    value_loss           | 488          |
------------------------------------------
[Progress] 9.48% | 14,224/150,000 steps | 0.3308 steps/s | ETA 114h 1m 26s
[Progress] 9.50% | 14,249/150,000 steps | 0.3308 steps/s | ETA 113h 59m 56s
[Progress] 9.52% | 14,274/150,000 steps | 0.3308 steps/s | ETA 113h 57m 59s
[Progress] 9.53% | 14,299/150,000 steps | 0.3308 steps/s | ETA 113h 56m 15s
[Progress] 9.55% | 14,324/150,000 steps | 0.3309 steps/s | ETA 113h 53m 52s
------------------------------------------
| progress/               |              |
|    percent              | 9.55         |
|    steps_per_second     | 0.331        |
| rollout/                |              |
|    ep_len_mean          | 12.3         |
|    ep_rew_mean          | -1.88        |
| time/                   |              |
|    fps                  | 0            |
|    iterations           | 112          |
|    time_elapsed         | 43319        |
|    total_timesteps      | 14336        |
| train/                  |              |
|    approx_kl            | 0.0024582967 |
|    clip_fraction        | 0            |
|    clip_range           | 0.2          |
|    entropy_loss         | -0.929       |
|    explained_variance   | 0.135        |
|    learning_rate        | 0.0003       |
|    loss                 | 158          |
|    n_updates            | 555          |
|    policy_gradient_loss | -0.0012      |
|    value_loss           | 574          |
------------------------------------------
[Progress] 9.57% | 14,349/150,000 steps | 0.3310 steps/s | ETA 113h 50m 53s
[Progress] 9.58% | 14,374/150,000 steps | 0.3311 steps/s | ETA 113h 47m 30s
[Progress] 9.60% | 14,399/150,000 steps | 0.3311 steps/s | ETA 113h 45m 28s
[Progress] 9.62% | 14,424/150,000 steps | 0.3311 steps/s | ETA 113h 44m 20s
[Progress] 9.63% | 14,449/150,000 steps | 0.3311 steps/s | ETA 113h 42m 32s
-------------------------------------------
| progress/               |               |
|    percent              | 9.63          |
|    steps_per_second     | 0.331         |
| rollout/                |               |
|    ep_len_mean          | 12.6          |
|    ep_rew_mean          | -0.456        |
| time/                   |               |
|    fps                  | 0             |
|    iterations           | 113           |
|    time_elapsed         | 43675         |
|    total_timesteps      | 14464         |
| train/                  |               |
|    approx_kl            | 0.00056839036 |
|    clip_fraction        | 0             |
|    clip_range           | 0.2           |
|    entropy_loss         | -0.942        |
|    explained_variance   | 0.0599        |
|    learning_rate        | 0.0003        |
|    loss                 | 100           |
|    n_updates            | 560           |
|    policy_gradient_loss | -0.00164      |
|    value_loss           | 517           |
-------------------------------------------
[Progress] 9.65% | 14,474/150,000 steps | 0.3312 steps/s | ETA 113h 40m 18s
[Progress] 9.67% | 14,499/150,000 steps | 0.3311 steps/s | ETA 113h 39m 50s
Step 14,500 | Mean reward: -0.463 | Resolution: 55.7% | Escalation: 8.8%
[Progress] 9.68% | 14,524/150,000 steps | 0.3312 steps/s | ETA 113h 37m 1s
[Progress] 9.70% | 14,549/150,000 steps | 0.3313 steps/s | ETA 113h 34m 6s
[Progress] 9.72% | 14,574/150,000 steps | 0.3313 steps/s | ETA 113h 31m 55s
------------------------------------------------
| custom/                      |               |
|    dropout_rate              | 0.355         |
|    escalation_rate           | 0.0883        |
|    mean_episode_length_100ep | 12.6          |
|    mean_reward_100ep         | -0.463        |
|    resolution_rate           | 0.557         |
|    timeout_rate              | 0             |
| progress/                    |               |
|    percent                   | 9.72          |
|    steps_per_second          | 0.331         |
| rollout/                     |               |
|    ep_len_mean               | 12.4          |
|    ep_rew_mean               | 0.587         |
| time/                        |               |
|    fps                       | 0             |
|    iterations                | 114           |
|    time_elapsed              | 44035         |
|    total_timesteps           | 14592         |
| train/                       |               |
|    approx_kl                 | 9.1827475e-05 |
|    clip_fraction             | 0             |
|    clip_range                | 0.2           |
|    entropy_loss              | -0.944        |
|    explained_variance        | 0.0517        |
|    learning_rate             | 0.0003        |
|    loss                      | 110           |
|    n_updates                 | 565           |
|    policy_gradient_loss      | -0.000126     |
|    value_loss                | 520           |
------------------------------------------------
[Progress] 9.73% | 14,599/150,000 steps | 0.3313 steps/s | ETA 113h 31m 0s
[Progress] 9.75% | 14,624/150,000 steps | 0.3314 steps/s | ETA 113h 28m 48s
[Progress] 9.77% | 14,649/150,000 steps | 0.3314 steps/s | ETA 113h 26m 29s
[Progress] 9.78% | 14,674/150,000 steps | 0.3315 steps/s | ETA 113h 24m 4s
[Progress] 9.80% | 14,699/150,000 steps | 0.3315 steps/s | ETA 113h 22m 52s
------------------------------------------
| progress/               |              |
|    percent              | 9.8          |
|    steps_per_second     | 0.331        |
| rollout/                |              |
|    ep_len_mean          | 12.1         |
|    ep_rew_mean          | 1.48         |
| time/                   |              |
|    fps                  | 0            |
|    iterations           | 115          |
|    time_elapsed         | 44401        |
|    total_timesteps      | 14720        |
| train/                  |              |
|    approx_kl            | 6.717164e-06 |
|    clip_fraction        | 0            |
|    clip_range           | 0.2          |
|    entropy_loss         | -0.942       |
|    explained_variance   | -0.157       |
|    learning_rate        | 0.0003       |
|    loss                 | 88.3         |
|    n_updates            | 570          |
|    policy_gradient_loss | -0.000294    |
|    value_loss           | 381          |
------------------------------------------
[Progress] 9.82% | 14,724/150,000 steps | 0.3315 steps/s | ETA 113h 20m 42s
[Progress] 9.83% | 14,749/150,000 steps | 0.3316 steps/s | ETA 113h 18m 21s
[Progress] 9.85% | 14,774/150,000 steps | 0.3316 steps/s | ETA 113h 16m 8s
[Progress] 9.87% | 14,799/150,000 steps | 0.3314 steps/s | ETA 113h 19m 47s
[Progress] 9.88% | 14,824/150,000 steps | 0.3314 steps/s | ETA 113h 18m 21s
-------------------------------------------
| progress/               |               |
|    percent              | 9.88          |
|    steps_per_second     | 0.331         |
| rollout/                |               |
|    ep_len_mean          | 12.1          |
|    ep_rew_mean          | 1.53          |
| time/                   |               |
|    fps                  | 0             |
|    iterations           | 116           |
|    time_elapsed         | 44800         |
|    total_timesteps      | 14848         |
| train/                  |               |
|    approx_kl            | 3.1691976e-05 |
|    clip_fraction        | 0             |
|    clip_range           | 0.2           |
|    entropy_loss         | -0.941        |
|    explained_variance   | 0.0515        |
|    learning_rate        | 0.0003        |
|    loss                 | 115           |
|    n_updates            | 575           |
|    policy_gradient_loss | -1.2e-05      |
|    value_loss           | 461           |
-------------------------------------------
[Progress] 9.90% | 14,849/150,000 steps | 0.3314 steps/s | ETA 113h 16m 26s
[Progress] 9.92% | 14,874/150,000 steps | 0.3309 steps/s | ETA 113h 26m 3s
[Progress] 9.93% | 14,899/150,000 steps | 0.3310 steps/s | ETA 113h 23m 21s
[Progress] 9.95% | 14,924/150,000 steps | 0.3310 steps/s | ETA 113h 22m 8s
[Progress] 9.97% | 14,949/150,000 steps | 0.3310 steps/s | ETA 113h 20m 36s
[Progress] 9.98% | 14,974/150,000 steps | 0.3310 steps/s | ETA 113h 18m 10s
------------------------------------------
| progress/               |              |
|    percent              | 9.98         |
|    steps_per_second     | 0.331        |
| rollout/                |              |
|    ep_len_mean          | 12           |
|    ep_rew_mean          | 2.84         |
| time/                   |              |
|    fps                  | 0            |
|    iterations           | 117          |
|    time_elapsed         | 45239        |
|    total_timesteps      | 14976        |
| train/                  |              |
|    approx_kl            | 9.917142e-05 |
|    clip_fraction        | 0            |
|    clip_range           | 0.2          |
|    entropy_loss         | -0.939       |
|    explained_variance   | 0.00437      |
|    learning_rate        | 0.0003       |
|    loss                 | 110          |
|    n_updates            | 580          |
|    policy_gradient_loss | -0.000437    |
|    value_loss           | 472          |
------------------------------------------
[Progress] 10.00% | 14,999/150,000 steps | 0.3311 steps/s | ETA 113h 15m 58s
Step 15,000 | Mean reward: 2.731 | Resolution: 56.3% | Escalation: 8.5%
[Progress] 10.02% | 15,024/150,000 steps | 0.3195 steps/s | ETA 117h 19m 58s
[Progress] 10.03% | 15,049/150,000 steps | 0.3197 steps/s | ETA 117h 16m 22s
[Progress] 10.05% | 15,074/150,000 steps | 0.3197 steps/s | ETA 117h 14m 11s
[Progress] 10.07% | 15,099/150,000 steps | 0.3198 steps/s | ETA 117h 11m 6s
----------------------------------------------
| custom/                      |             |
|    dropout_rate              | 0.351       |
|    escalation_rate           | 0.0854      |
|    mean_episode_length_100ep | 12          |
|    mean_reward_100ep         | 2.73        |
|    resolution_rate           | 0.563       |
|    timeout_rate              | 0           |
| eval/                        |             |
|    escalation_rate           | 0           |
|    mean_reward               | -154        |
|    resolution_rate           | 0           |
| progress/                    |             |
|    percent                   | 10.1        |
|    steps_per_second          | 0.32        |
| rollout/                     |             |
|    ep_len_mean               | 12.1        |
|    ep_rew_mean               | 3.77        |
| time/                        |             |
|    fps                       | 0           |
|    iterations                | 118         |
|    time_elapsed              | 47234       |
|    total_timesteps           | 15104       |
| train/                       |             |
|    approx_kl                 | 0.009908751 |
|    clip_fraction             | 0           |
|    clip_range                | 0.2         |
|    entropy_loss              | -0.941      |
|    explained_variance        | -0.0193     |
|    learning_rate             | 0.0003      |
|    loss                      | 130         |
|    n_updates                 | 585         |
|    policy_gradient_loss      | -0.00997    |
|    value_loss                | 505         |
----------------------------------------------
[Progress] 10.08% | 15,124/150,000 steps | 0.3198 steps/s | ETA 117h 8m 44s
[Progress] 10.10% | 15,149/150,000 steps | 0.3199 steps/s | ETA 117h 5m 48s
[Progress] 10.12% | 15,174/150,000 steps | 0.3200 steps/s | ETA 117h 2m 11s
[Progress] 10.13% | 15,199/150,000 steps | 0.3200 steps/s | ETA 117h 0m 43s
[Progress] 10.15% | 15,224/150,000 steps | 0.3201 steps/s | ETA 116h 57m 24s
------------------------------------------
| progress/               |              |
|    percent              | 10.1         |
|    steps_per_second     | 0.32         |
| rollout/                |              |
|    ep_len_mean          | 12.2         |
|    ep_rew_mean          | 4.33         |
| time/                   |              |
|    fps                  | 0            |
|    iterations           | 119          |
|    time_elapsed         | 47581        |
|    total_timesteps      | 15232        |
| train/                  |              |
|    approx_kl            | 0.0044758166 |
|    clip_fraction        | 0            |
|    clip_range           | 0.2          |
|    entropy_loss         | -0.932       |
|    explained_variance   | 0.0863       |
|    learning_rate        | 0.0003       |
|    loss                 | 122          |
|    n_updates            | 590          |
|    policy_gradient_loss | -0.000654    |
|    value_loss           | 499          |
------------------------------------------
[Progress] 10.17% | 15,249/150,000 steps | 0.3202 steps/s | ETA 116h 54m 17s
[Progress] 10.18% | 15,274/150,000 steps | 0.3202 steps/s | ETA 116h 52m 10s
[Progress] 10.20% | 15,299/150,000 steps | 0.3203 steps/s | ETA 116h 49m 3s
[Progress] 10.22% | 15,324/150,000 steps | 0.3204 steps/s | ETA 116h 46m 31s
[Progress] 10.23% | 15,349/150,000 steps | 0.3204 steps/s | ETA 116h 43m 19s
-----------------------------------------
| progress/               |             |
|    percent              | 10.2        |
|    steps_per_second     | 0.32        |
| rollout/                |             |
|    ep_len_mean          | 11.9        |
|    ep_rew_mean          | 2.4         |
| time/                   |             |
|    fps                  | 0           |
|    iterations           | 120         |
|    time_elapsed         | 47929       |
|    total_timesteps      | 15360       |
| train/                  |             |
|    approx_kl            | 0.007696176 |
|    clip_fraction        | 0           |
|    clip_range           | 0.2         |
|    entropy_loss         | -0.937      |
|    explained_variance   | -0.0705     |
|    learning_rate        | 0.0003      |
|    loss                 | 72          |
|    n_updates            | 595         |
|    policy_gradient_loss | -0.0111     |
|    value_loss           | 372         |
-----------------------------------------
[Progress] 10.25% | 15,374/150,000 steps | 0.3205 steps/s | ETA 116h 41m 20s
[Progress] 10.27% | 15,399/150,000 steps | 0.3205 steps/s | ETA 116h 40m 15s
[Progress] 10.28% | 15,424/150,000 steps | 0.3206 steps/s | ETA 116h 36m 44s
[Progress] 10.30% | 15,449/150,000 steps | 0.3206 steps/s | ETA 116h 34m 31s
[Progress] 10.32% | 15,474/150,000 steps | 0.3207 steps/s | ETA 116h 32m 16s
------------------------------------------
| progress/               |              |
|    percent              | 10.3         |
|    steps_per_second     | 0.321        |
| rollout/                |              |
|    ep_len_mean          | 12.2         |
|    ep_rew_mean          | 3.32         |
| time/                   |              |
|    fps                  | 0            |
|    iterations           | 121          |
|    time_elapsed         | 48297        |
|    total_timesteps      | 15488        |
| train/                  |              |
|    approx_kl            | 0.0010542641 |
|    clip_fraction        | 0            |
|    clip_range           | 0.2          |
|    entropy_loss         | -0.937       |
|    explained_variance   | -0.00822     |
|    learning_rate        | 0.0003       |
|    loss                 | 171          |
|    n_updates            | 600          |
|    policy_gradient_loss | 0.00758      |
|    value_loss           | 839          |
------------------------------------------
[Progress] 10.33% | 15,499/150,000 steps | 0.3207 steps/s | ETA 116h 30m 8s
Step 15,500 | Mean reward: 3.887 | Resolution: 56.7% | Escalation: 8.2%
[Progress] 10.35% | 15,524/150,000 steps | 0.3207 steps/s | ETA 116h 28m 8s
[Progress] 10.37% | 15,549/150,000 steps | 0.3207 steps/s | ETA 116h 26m 19s
[Progress] 10.38% | 15,574/150,000 steps | 0.3208 steps/s | ETA 116h 23m 47s
[Progress] 10.40% | 15,599/150,000 steps | 0.3209 steps/s | ETA 116h 21m 5s
------------------------------------------------
| custom/                      |               |
|    dropout_rate              | 0.35          |
|    escalation_rate           | 0.0825        |
|    mean_episode_length_100ep | 12.2          |
|    mean_reward_100ep         | 3.89          |
|    resolution_rate           | 0.567         |
|    timeout_rate              | 0             |
| progress/                    |               |
|    percent                   | 10.4          |
|    steps_per_second          | 0.321         |
| rollout/                     |               |
|    ep_len_mean               | 12.1          |
|    ep_rew_mean               | 5.62          |
| time/                        |               |
|    fps                       | 0             |
|    iterations                | 122           |
|    time_elapsed              | 48663         |
|    total_timesteps           | 15616         |
| train/                       |               |
|    approx_kl                 | 0.00033940608 |
|    clip_fraction             | 0             |
|    clip_range                | 0.2           |
|    entropy_loss              | -0.935        |
|    explained_variance        | -0.0965       |
|    learning_rate             | 0.0003        |
|    loss                      | 74.4          |
|    n_updates                 | 605           |
|    policy_gradient_loss      | -0.000896     |
|    value_loss                | 252           |
------------------------------------------------
[Progress] 10.42% | 15,624/150,000 steps | 0.3209 steps/s | ETA 116h 18m 59s
[Progress] 10.43% | 15,649/150,000 steps | 0.3209 steps/s | ETA 116h 17m 2s
[Progress] 10.45% | 15,674/150,000 steps | 0.3210 steps/s | ETA 116h 15m 2s
[Progress] 10.47% | 15,699/150,000 steps | 0.3210 steps/s | ETA 116h 13m 4s
[Progress] 10.48% | 15,724/150,000 steps | 0.3210 steps/s | ETA 116h 10m 48s
-------------------------------------------
| progress/               |               |
|    percent              | 10.5          |
|    steps_per_second     | 0.321         |
| rollout/                |               |
|    ep_len_mean          | 12            |
|    ep_rew_mean          | 5.4           |
| time/                   |               |
|    fps                  | 0             |
|    iterations           | 123           |
|    time_elapsed         | 49043         |
|    total_timesteps      | 15744         |
| train/                  |               |
|    approx_kl            | 0.00030732714 |
|    clip_fraction        | 0             |
|    clip_range           | 0.2           |
|    entropy_loss         | -0.931        |
|    explained_variance   | -0.0215       |
|    learning_rate        | 0.0003        |
|    loss                 | 93            |
|    n_updates            | 610           |
|    policy_gradient_loss | 0.000178      |
|    value_loss           | 410           |
-------------------------------------------
[Progress] 10.50% | 15,749/150,000 steps | 0.3210 steps/s | ETA 116h 9m 44s
[Progress] 10.52% | 15,774/150,000 steps | 0.3211 steps/s | ETA 116h 7m 37s
[Progress] 10.53% | 15,799/150,000 steps | 0.3211 steps/s | ETA 116h 5m 8s
[Progress] 10.55% | 15,824/150,000 steps | 0.3211 steps/s | ETA 116h 3m 20s
[Progress] 10.57% | 15,849/150,000 steps | 0.3212 steps/s | ETA 116h 1m 35s
------------------------------------------
| progress/               |              |
|    percent              | 10.6         |
|    steps_per_second     | 0.321        |
| rollout/                |              |
|    ep_len_mean          | 12.5         |
|    ep_rew_mean          | 2.55         |
| time/                   |              |
|    fps                  | 0            |
|    iterations           | 124          |
|    time_elapsed         | 49411        |
|    total_timesteps      | 15872        |
| train/                  |              |
|    approx_kl            | 0.0047290903 |
|    clip_fraction        | 0.0109       |
|    clip_range           | 0.2          |
|    entropy_loss         | -0.944       |
|    explained_variance   | -0.0109      |
|    learning_rate        | 0.0003       |
|    loss                 | 71.4         |
|    n_updates            | 615          |
|    policy_gradient_loss | -0.00656     |
|    value_loss           | 324          |
------------------------------------------
[Progress] 10.58% | 15,874/150,000 steps | 0.3212 steps/s | ETA 115h 59m 7s
[Progress] 10.60% | 15,899/150,000 steps | 0.3213 steps/s | ETA 115h 56m 48s
[Progress] 10.62% | 15,924/150,000 steps | 0.3213 steps/s | ETA 115h 55m 16s
[Progress] 10.63% | 15,949/150,000 steps | 0.3213 steps/s | ETA 115h 53m 18s
[Progress] 10.65% | 15,974/150,000 steps | 0.3213 steps/s | ETA 115h 52m 9s
[Progress] 10.67% | 15,999/150,000 steps | 0.3213 steps/s | ETA 115h 51m 56s
Step 16,000 | Mean reward: 4.192 | Resolution: 57.1% | Escalation: 8.0%
-----------------------------------------------
| custom/                      |              |
|    dropout_rate              | 0.35         |
|    escalation_rate           | 0.0796       |
|    mean_episode_length_100ep | 12.4         |
|    mean_reward_100ep         | 4.19         |
|    resolution_rate           | 0.571        |
|    timeout_rate              | 0            |
| progress/                    |              |
|    percent                   | 10.7         |
|    steps_per_second          | 0.321        |
| rollout/                     |              |
|    ep_len_mean               | 12.4         |
|    ep_rew_mean               | 4.19         |
| time/                        |              |
|    fps                       | 0            |
|    iterations                | 125          |
|    time_elapsed              | 49804        |
|    total_timesteps           | 16000        |
| train/                       |              |
|    approx_kl                 | 0.0024333224 |
|    clip_fraction             | 0            |
|    clip_range                | 0.2          |
|    entropy_loss              | -0.98        |
|    explained_variance        | 0.0142       |
|    learning_rate             | 0.0003       |
|    loss                      | 155          |
|    n_updates                 | 620          |
|    policy_gradient_loss      | -0.00332     |
|    value_loss                | 605          |
-----------------------------------------------
[Progress] 10.68% | 16,024/150,000 steps | 0.3213 steps/s | ETA 115h 50m 12s
[Progress] 10.70% | 16,049/150,000 steps | 0.3213 steps/s | ETA 115h 47m 59s
[Progress] 10.72% | 16,074/150,000 steps | 0.3214 steps/s | ETA 115h 45m 47s
[Progress] 10.73% | 16,099/150,000 steps | 0.3214 steps/s | ETA 115h 43m 59s
[Progress] 10.75% | 16,124/150,000 steps | 0.3214 steps/s | ETA 115h 41m 28s
-----------------------------------------
| progress/               |             |
|    percent              | 10.7        |
|    steps_per_second     | 0.321       |
| rollout/                |             |
|    ep_len_mean          | 12.7        |
|    ep_rew_mean          | 1.11        |
| time/                   |             |
|    fps                  | 0           |
|    iterations           | 126         |
|    time_elapsed         | 50173       |
|    total_timesteps      | 16128       |
| train/                  |             |
|    approx_kl            | 0.008797949 |
|    clip_fraction        | 0           |
|    clip_range           | 0.2         |
|    entropy_loss         | -0.979      |
|    explained_variance   | 0.0274      |
|    learning_rate        | 0.0003      |
|    loss                 | 140         |
|    n_updates            | 625         |
|    policy_gradient_loss | -0.00767    |
|    value_loss           | 572         |
-----------------------------------------
[Progress] 10.77% | 16,149/150,000 steps | 0.3215 steps/s | ETA 115h 39m 8s
[Progress] 10.78% | 16,174/150,000 steps | 0.3215 steps/s | ETA 115h 36m 46s
[Progress] 10.80% | 16,199/150,000 steps | 0.3215 steps/s | ETA 115h 35m 41s
[Progress] 10.82% | 16,224/150,000 steps | 0.3216 steps/s | ETA 115h 33m 42s
[Progress] 10.83% | 16,249/150,000 steps | 0.3216 steps/s | ETA 115h 31m 37s
------------------------------------------
| progress/               |              |
|    percent              | 10.8         |
|    steps_per_second     | 0.322        |
| rollout/                |              |
|    ep_len_mean          | 12.9         |
|    ep_rew_mean          | 2.09         |
| time/                   |              |
|    fps                  | 0            |
|    iterations           | 127          |
|    time_elapsed         | 50547        |
|    total_timesteps      | 16256        |
| train/                  |              |
|    approx_kl            | 0.0005463795 |
|    clip_fraction        | 0            |
|    clip_range           | 0.2          |
|    entropy_loss         | -0.956       |
|    explained_variance   | 0.00342      |
|    learning_rate        | 0.0003       |
|    loss                 | 112          |
|    n_updates            | 630          |
|    policy_gradient_loss | 1.36e-05     |
|    value_loss           | 408          |
------------------------------------------
[Progress] 10.85% | 16,274/150,000 steps | 0.3216 steps/s | ETA 115h 30m 33s
[Progress] 10.87% | 16,299/150,000 steps | 0.3212 steps/s | ETA 115h 38m 7s
[Progress] 10.88% | 16,324/150,000 steps | 0.3212 steps/s | ETA 115h 36m 4s
[Progress] 10.90% | 16,349/150,000 steps | 0.3212 steps/s | ETA 115h 33m 56s
[Progress] 10.92% | 16,374/150,000 steps | 0.3213 steps/s | ETA 115h 31m 2s
-------------------------------------------
| progress/               |               |
|    percent              | 10.9          |
|    steps_per_second     | 0.321         |
| rollout/                |               |
|    ep_len_mean          | 12.9          |
|    ep_rew_mean          | 1.42          |
| time/                   |               |
|    fps                  | 0             |
|    iterations           | 128           |
|    time_elapsed         | 50982         |
|    total_timesteps      | 16384         |
| train/                  |               |
|    approx_kl            | 0.00052384613 |
|    clip_fraction        | 0             |
|    clip_range           | 0.2           |
|    entropy_loss         | -0.969        |
|    explained_variance   | -0.00647      |
|    learning_rate        | 0.0003        |
|    loss                 | 82.7          |
|    n_updates            | 635           |
|    policy_gradient_loss | 0.001         |
|    value_loss           | 386           |
-------------------------------------------
[Progress] 10.93% | 16,399/150,000 steps | 0.3214 steps/s | ETA 115h 28m 28s
[Progress] 10.95% | 16,424/150,000 steps | 0.3214 steps/s | ETA 115h 27m 12s
[Progress] 10.97% | 16,449/150,000 steps | 0.3214 steps/s | ETA 115h 25m 58s
[Progress] 10.98% | 16,474/150,000 steps | 0.3214 steps/s | ETA 115h 24m 23s
[Progress] 11.00% | 16,499/150,000 steps | 0.3215 steps/s | ETA 115h 21m 40s
Step 16,500 | Mean reward: 0.514 | Resolution: 57.1% | Escalation: 7.7%
-----------------------------------------------
| custom/                      |              |
|    dropout_rate              | 0.352        |
|    escalation_rate           | 0.0768       |
|    mean_episode_length_100ep | 12.7         |
|    mean_reward_100ep         | 0.514        |
|    resolution_rate           | 0.571        |
|    timeout_rate              | 0            |
| progress/                    |              |
|    percent                   | 11           |
|    steps_per_second          | 0.321        |
| rollout/                     |              |
|    ep_len_mean               | 12.7         |
|    ep_rew_mean               | 0.909        |
| time/                        |              |
|    fps                       | 0            |
|    iterations                | 129          |
|    time_elapsed              | 51364        |
|    total_timesteps           | 16512        |
| train/                       |              |
|    approx_kl                 | 0.0009926823 |
|    clip_fraction             | 0            |
|    clip_range                | 0.2          |
|    entropy_loss              | -0.973       |
|    explained_variance        | 0.0542       |
|    learning_rate             | 0.0003       |
|    loss                      | 117          |
|    n_updates                 | 640          |
|    policy_gradient_loss      | -0.00132     |
|    value_loss                | 380          |
-----------------------------------------------
[Progress] 11.02% | 16,524/150,000 steps | 0.3215 steps/s | ETA 115h 19m 19s
[Progress] 11.03% | 16,549/150,000 steps | 0.3216 steps/s | ETA 115h 15m 59s
[Progress] 11.05% | 16,574/150,000 steps | 0.3216 steps/s | ETA 115h 14m 35s
[Progress] 11.07% | 16,599/150,000 steps | 0.3217 steps/s | ETA 115h 12m 1s
[Progress] 11.08% | 16,624/150,000 steps | 0.3217 steps/s | ETA 115h 9m 45s
------------------------------------------
| progress/               |              |
|    percent              | 11.1         |
|    steps_per_second     | 0.322        |
| rollout/                |              |
|    ep_len_mean          | 12.7         |
|    ep_rew_mean          | 3.79         |
| time/                   |              |
|    fps                  | 0            |
|    iterations           | 130          |
|    time_elapsed         | 51717        |
|    total_timesteps      | 16640        |
| train/                  |              |
|    approx_kl            | 0.0011085491 |
|    clip_fraction        | 0            |
|    clip_range           | 0.2          |
|    entropy_loss         | -0.967       |
|    explained_variance   | -0.0171      |
|    learning_rate        | 0.0003       |
|    loss                 | 114          |
|    n_updates            | 645          |
|    policy_gradient_loss | -0.000373    |
|    value_loss           | 406          |
------------------------------------------
[Progress] 11.10% | 16,649/150,000 steps | 0.3218 steps/s | ETA 115h 7m 1s
[Progress] 11.12% | 16,674/150,000 steps | 0.3218 steps/s | ETA 115h 4m 25s
[Progress] 11.13% | 16,699/150,000 steps | 0.3219 steps/s | ETA 115h 1m 30s
[Progress] 11.15% | 16,724/150,000 steps | 0.3219 steps/s | ETA 114h 59m 49s
[Progress] 11.17% | 16,749/150,000 steps | 0.3219 steps/s | ETA 114h 58m 10s
------------------------------------------
| progress/               |              |
|    percent              | 11.2         |
|    steps_per_second     | 0.322        |
| rollout/                |              |
|    ep_len_mean          | 12.6         |
|    ep_rew_mean          | 3.52         |
| time/                   |              |
|    fps                  | 0            |
|    iterations           | 131          |
|    time_elapsed         | 52080        |
|    total_timesteps      | 16768        |
| train/                  |              |
|    approx_kl            | 0.0021529598 |
|    clip_fraction        | 0            |
|    clip_range           | 0.2          |
|    entropy_loss         | -0.965       |
|    explained_variance   | -0.0215      |
|    learning_rate        | 0.0003       |
|    loss                 | 111          |
|    n_updates            | 650          |
|    policy_gradient_loss | -0.00247     |
|    value_loss           | 423          |
------------------------------------------
[Progress] 11.18% | 16,774/150,000 steps | 0.3220 steps/s | ETA 114h 56m 13s
[Progress] 11.20% | 16,799/150,000 steps | 0.3220 steps/s | ETA 114h 54m 19s
[Progress] 11.22% | 16,824/150,000 steps | 0.3220 steps/s | ETA 114h 52m 7s
[Progress] 11.23% | 16,849/150,000 steps | 0.3221 steps/s | ETA 114h 49m 30s
[Progress] 11.25% | 16,874/150,000 steps | 0.3222 steps/s | ETA 114h 47m 12s
-----------------------------------------
| progress/               |             |
|    percent              | 11.2        |
|    steps_per_second     | 0.322       |
| rollout/                |             |
|    ep_len_mean          | 12.8        |
|    ep_rew_mean          | 4.32        |
| time/                   |             |
|    fps                  | 0           |
|    iterations           | 132         |
|    time_elapsed         | 52439       |
|    total_timesteps      | 16896       |
| train/                  |             |
|    approx_kl            | 0.004576918 |
|    clip_fraction        | 0           |
|    clip_range           | 0.2         |
|    entropy_loss         | -0.956      |
|    explained_variance   | 0.0524      |
|    learning_rate        | 0.0003      |
|    loss                 | 114         |
|    n_updates            | 655         |
|    policy_gradient_loss | -0.00413    |
|    value_loss           | 455         |
-----------------------------------------
[Progress] 11.27% | 16,899/150,000 steps | 0.3222 steps/s | ETA 114h 44m 49s
[Progress] 11.28% | 16,924/150,000 steps | 0.3223 steps/s | ETA 114h 41m 25s
[Progress] 11.30% | 16,949/150,000 steps | 0.3224 steps/s | ETA 114h 39m 6s
[Progress] 11.32% | 16,974/150,000 steps | 0.3224 steps/s | ETA 114h 36m 52s
[Progress] 11.33% | 16,999/150,000 steps | 0.3225 steps/s | ETA 114h 34m 5s
Step 17,000 | Mean reward: 3.955 | Resolution: 57.6% | Escalation: 7.4%
[Progress] 11.35% | 17,024/150,000 steps | 0.3224 steps/s | ETA 114h 33m 34s
------------------------------------------------
| custom/                      |               |
|    dropout_rate              | 0.349         |
|    escalation_rate           | 0.0742        |
|    mean_episode_length_100ep | 12.7          |
|    mean_reward_100ep         | 3.95          |
|    resolution_rate           | 0.576         |
|    timeout_rate              | 0             |
| progress/                    |               |
|    percent                   | 11.3          |
|    steps_per_second          | 0.322         |
| rollout/                     |               |
|    ep_len_mean               | 12.6          |
|    ep_rew_mean               | 5.03          |
| time/                        |               |
|    fps                       | 0             |
|    iterations                | 133           |
|    time_elapsed              | 52798         |
|    total_timesteps           | 17024         |
| train/                       |               |
|    approx_kl                 | 0.00041470584 |
|    clip_fraction             | 0             |
|    clip_range                | 0.2           |
|    entropy_loss              | -0.947        |
|    explained_variance        | 0.0449        |
|    learning_rate             | 0.0003        |
|    loss                      | 104           |
|    n_updates                 | 660           |
|    policy_gradient_loss      | -0.000314     |
|    value_loss                | 479           |
------------------------------------------------
[Progress] 11.37% | 17,049/150,000 steps | 0.3225 steps/s | ETA 114h 31m 21s
[Progress] 11.38% | 17,074/150,000 steps | 0.3225 steps/s | ETA 114h 30m 28s
[Progress] 11.40% | 17,099/150,000 steps | 0.3225 steps/s | ETA 114h 29m 15s
[Progress] 11.42% | 17,124/150,000 steps | 0.3225 steps/s | ETA 114h 27m 15s
[Progress] 11.43% | 17,149/150,000 steps | 0.3226 steps/s | ETA 114h 24m 3s
----------------------------------------
| progress/               |            |
|    percent              | 11.4       |
|    steps_per_second     | 0.323      |
| rollout/                |            |
|    ep_len_mean          | 12.2       |
|    ep_rew_mean          | 6.65       |
| time/                   |            |
|    fps                  | 0          |
|    iterations           | 134        |
|    time_elapsed         | 53169      |
|    total_timesteps      | 17152      |
| train/                  |            |
|    approx_kl            | 0.01431947 |
|    clip_fraction        | 0.0641     |
|    clip_range           | 0.2        |
|    entropy_loss         | -0.953     |
|    explained_variance   | -0.0313    |
|    learning_rate        | 0.0003     |
|    loss                 | 109        |
|    n_updates            | 665        |
|    policy_gradient_loss | -0.000714  |
|    value_loss           | 407        |
----------------------------------------
[Progress] 11.45% | 17,174/150,000 steps | 0.3226 steps/s | ETA 114h 22m 19s
[Progress] 11.47% | 17,199/150,000 steps | 0.3227 steps/s | ETA 114h 19m 52s
[Progress] 11.48% | 17,224/150,000 steps | 0.3227 steps/s | ETA 114h 17m 48s
[Progress] 11.50% | 17,249/150,000 steps | 0.3227 steps/s | ETA 114h 15m 39s
[Progress] 11.52% | 17,274/150,000 steps | 0.3228 steps/s | ETA 114h 13m 22s
------------------------------------------
| progress/               |              |
|    percent              | 11.5         |
|    steps_per_second     | 0.323        |
| rollout/                |              |
|    ep_len_mean          | 12.3         |
|    ep_rew_mean          | 7.47         |
| time/                   |              |
|    fps                  | 0            |
|    iterations           | 135          |
|    time_elapsed         | 53534        |
|    total_timesteps      | 17280        |
| train/                  |              |
|    approx_kl            | 0.0014124871 |
|    clip_fraction        | 0            |
|    clip_range           | 0.2          |
|    entropy_loss         | -0.969       |
|    explained_variance   | 0.0285       |
|    learning_rate        | 0.0003       |
|    loss                 | 90.6         |
|    n_updates            | 670          |
|    policy_gradient_loss | -0.00309     |
|    value_loss           | 334          |
------------------------------------------
[Progress] 11.53% | 17,299/150,000 steps | 0.3228 steps/s | ETA 114h 11m 15s
[Progress] 11.55% | 17,324/150,000 steps | 0.3229 steps/s | ETA 114h 9m 5s
[Progress] 11.57% | 17,349/150,000 steps | 0.3229 steps/s | ETA 114h 6m 3s
[Progress] 11.58% | 17,374/150,000 steps | 0.3230 steps/s | ETA 114h 3m 24s
[Progress] 11.60% | 17,399/150,000 steps | 0.3231 steps/s | ETA 114h 0m 51s
------------------------------------------
| progress/               |              |
|    percent              | 11.6         |
|    steps_per_second     | 0.323        |
| rollout/                |              |
|    ep_len_mean          | 12.4         |
|    ep_rew_mean          | 7.53         |
| time/                   |              |
|    fps                  | 0            |
|    iterations           | 136          |
|    time_elapsed         | 53880        |
|    total_timesteps      | 17408        |
| train/                  |              |
|    approx_kl            | 0.0018093772 |
|    clip_fraction        | 0            |
|    clip_range           | 0.2          |
|    entropy_loss         | -0.994       |
|    explained_variance   | 0.0911       |
|    learning_rate        | 0.0003       |
|    loss                 | 98.9         |
|    n_updates            | 675          |
|    policy_gradient_loss | -0.00327     |
|    value_loss           | 489          |
------------------------------------------
[Progress] 11.62% | 17,424/150,000 steps | 0.3231 steps/s | ETA 113h 59m 19s
[Progress] 11.63% | 17,449/150,000 steps | 0.3231 steps/s | ETA 113h 57m 24s
[Progress] 11.65% | 17,474/150,000 steps | 0.3232 steps/s | ETA 113h 54m 44s
[Progress] 11.67% | 17,499/150,000 steps | 0.3232 steps/s | ETA 113h 52m 26s
Step 17,500 | Mean reward: 7.111 | Resolution: 58.1% | Escalation: 7.2%
[Progress] 11.68% | 17,524/150,000 steps | 0.3232 steps/s | ETA 113h 50m 51s
-----------------------------------------------
| custom/                      |              |
|    dropout_rate              | 0.347        |
|    escalation_rate           | 0.0719       |
|    mean_episode_length_100ep | 12.4         |
|    mean_reward_100ep         | 7.11         |
|    resolution_rate           | 0.581        |
|    timeout_rate              | 0            |
| progress/                    |              |
|    percent                   | 11.7         |
|    steps_per_second          | 0.323        |
| rollout/                     |              |
|    ep_len_mean               | 12.7         |
|    ep_rew_mean               | 6.04         |
| time/                        |              |
|    fps                       | 0            |
|    iterations                | 137          |
|    time_elapsed              | 54248        |
|    total_timesteps           | 17536        |
| train/                       |              |
|    approx_kl                 | 0.0009776354 |
|    clip_fraction             | 0            |
|    clip_range                | 0.2          |
|    entropy_loss              | -1.01        |
|    explained_variance        | -0.0441      |
|    learning_rate             | 0.0003       |
|    loss                      | 92.9         |
|    n_updates                 | 680          |
|    policy_gradient_loss      | -0.0017      |
|    value_loss                | 407          |
-----------------------------------------------
[Progress] 11.70% | 17,549/150,000 steps | 0.3233 steps/s | ETA 113h 48m 58s
[Progress] 11.72% | 17,574/150,000 steps | 0.3233 steps/s | ETA 113h 46m 54s
[Progress] 11.73% | 17,599/150,000 steps | 0.3234 steps/s | ETA 113h 44m 23s
[Progress] 11.75% | 17,624/150,000 steps | 0.3234 steps/s | ETA 113h 41m 31s
[Progress] 11.77% | 17,649/150,000 steps | 0.3235 steps/s | ETA 113h 39m 22s
-----------------------------------------
| progress/               |             |
|    percent              | 11.8        |
|    steps_per_second     | 0.323       |
| rollout/                |             |
|    ep_len_mean          | 12.6        |
|    ep_rew_mean          | 6.32        |
| time/                   |             |
|    fps                  | 0           |
|    iterations           | 138         |
|    time_elapsed         | 54607       |
|    total_timesteps      | 17664       |
| train/                  |             |
|    approx_kl            | 0.001426213 |
|    clip_fraction        | 0           |
|    clip_range           | 0.2         |
|    entropy_loss         | -1.01       |
|    explained_variance   | 0.07        |
|    learning_rate        | 0.0003      |
|    loss                 | 113         |
|    n_updates            | 685         |
|    policy_gradient_loss | -0.00419    |
|    value_loss           | 485         |
-----------------------------------------
[Progress] 11.78% | 17,674/150,000 steps | 0.3235 steps/s | ETA 113h 37m 51s
[Progress] 11.80% | 17,699/150,000 steps | 0.3235 steps/s | ETA 113h 36m 22s
[Progress] 11.82% | 17,724/150,000 steps | 0.3235 steps/s | ETA 113h 34m 25s
[Progress] 11.83% | 17,749/150,000 steps | 0.3236 steps/s | ETA 113h 31m 52s
[Progress] 11.85% | 17,774/150,000 steps | 0.3236 steps/s | ETA 113h 29m 23s
-----------------------------------------
| progress/               |             |
|    percent              | 11.8        |
|    steps_per_second     | 0.324       |
| rollout/                |             |
|    ep_len_mean          | 12.9        |
|    ep_rew_mean          | 7.22        |
| time/                   |             |
|    fps                  | 0           |
|    iterations           | 139         |
|    time_elapsed         | 54970       |
|    total_timesteps      | 17792       |
| train/                  |             |
|    approx_kl            | 0.012041104 |
|    clip_fraction        | 0.0359      |
|    clip_range           | 0.2         |
|    entropy_loss         | -0.983      |
|    explained_variance   | 0.0798      |
|    learning_rate        | 0.0003      |
|    loss                 | 136         |
|    n_updates            | 690         |
|    policy_gradient_loss | -0.0103     |
|    value_loss           | 532         |
-----------------------------------------
[Progress] 11.87% | 17,799/150,000 steps | 0.3237 steps/s | ETA 113h 27m 26s
[Progress] 11.88% | 17,824/150,000 steps | 0.3237 steps/s | ETA 113h 25m 22s
[Progress] 11.90% | 17,849/150,000 steps | 0.3237 steps/s | ETA 113h 23m 34s
[Progress] 11.92% | 17,874/150,000 steps | 0.3237 steps/s | ETA 113h 22m 28s
[Progress] 11.93% | 17,899/150,000 steps | 0.3237 steps/s | ETA 113h 20m 58s
-----------------------------------------
| progress/               |             |
|    percent              | 11.9        |
|    steps_per_second     | 0.324       |
| rollout/                |             |
|    ep_len_mean          | 13.3        |
|    ep_rew_mean          | 5.96        |
| time/                   |             |
|    fps                  | 0           |
|    iterations           | 140         |
|    time_elapsed         | 55344       |
|    total_timesteps      | 17920       |
| train/                  |             |
|    approx_kl            | 0.000772357 |
|    clip_fraction        | 0           |
|    clip_range           | 0.2         |
|    entropy_loss         | -0.962      |
|    explained_variance   | 0.0564      |
|    learning_rate        | 0.0003      |
|    loss                 | 222         |
|    n_updates            | 695         |
|    policy_gradient_loss | 0.00304     |
|    value_loss           | 891         |
-----------------------------------------
[Progress] 11.95% | 17,924/150,000 steps | 0.3238 steps/s | ETA 113h 18m 21s
[Progress] 11.97% | 17,949/150,000 steps | 0.3238 steps/s | ETA 113h 17m 1s
[Progress] 11.98% | 17,974/150,000 steps | 0.3238 steps/s | ETA 113h 14m 53s
[Progress] 12.00% | 17,999/150,000 steps | 0.3238 steps/s | ETA 113h 14m 29s
Step 18,000 | Mean reward: 4.254 | Resolution: 58.2% | Escalation: 7.0%
[Progress] 12.02% | 18,024/150,000 steps | 0.3238 steps/s | ETA 113h 12m 5s
-----------------------------------------------
| custom/                      |              |
|    dropout_rate              | 0.348        |
|    escalation_rate           | 0.07         |
|    mean_episode_length_100ep | 13.4         |
|    mean_reward_100ep         | 4.25         |
|    resolution_rate           | 0.582        |
|    timeout_rate              | 0            |
| progress/                    |              |
|    percent                   | 12           |
|    steps_per_second          | 0.324        |
| rollout/                     |              |
|    ep_len_mean               | 13.6         |
|    ep_rew_mean               | 3.86         |
| time/                        |              |
|    fps                       | 0            |
|    iterations                | 141          |
|    time_elapsed              | 55726        |
|    total_timesteps           | 18048        |
| train/                       |              |
|    approx_kl                 | 0.0019090129 |
|    clip_fraction             | 0            |
|    clip_range                | 0.2          |
|    entropy_loss              | -0.959       |
|    explained_variance        | -0.163       |
|    learning_rate             | 0.0003       |
|    loss                      | 92.1         |
|    n_updates                 | 700          |
|    policy_gradient_loss      | -0.00199     |
|    value_loss                | 360          |
-----------------------------------------------
[Progress] 12.03% | 18,049/150,000 steps | 0.3239 steps/s | ETA 113h 10m 21s
[Progress] 12.05% | 18,074/150,000 steps | 0.3239 steps/s | ETA 113h 8m 23s
[Progress] 12.07% | 18,099/150,000 steps | 0.3239 steps/s | ETA 113h 6m 5s
[Progress] 12.08% | 18,124/150,000 steps | 0.3240 steps/s | ETA 113h 4m 3s
[Progress] 12.10% | 18,149/150,000 steps | 0.3240 steps/s | ETA 113h 1m 26s
[Progress] 12.12% | 18,174/150,000 steps | 0.3241 steps/s | ETA 112h 58m 42s
-----------------------------------------
| progress/               |             |
|    percent              | 12.1        |
|    steps_per_second     | 0.324       |
| rollout/                |             |
|    ep_len_mean          | 13.5        |
|    ep_rew_mean          | 2.79        |
| time/                   |             |
|    fps                  | 0           |
|    iterations           | 142         |
|    time_elapsed         | 56076       |
|    total_timesteps      | 18176       |
| train/                  |             |
|    approx_kl            | 0.007004413 |
|    clip_fraction        | 0           |
|    clip_range           | 0.2         |
|    entropy_loss         | -0.964      |
|    explained_variance   | 0.0637      |
|    learning_rate        | 0.0003      |
|    loss                 | 117         |
|    n_updates            | 705         |
|    policy_gradient_loss | -0.00766    |
|    value_loss           | 388         |
-----------------------------------------
[Progress] 12.13% | 18,199/150,000 steps | 0.3242 steps/s | ETA 112h 55m 44s
[Progress] 12.15% | 18,224/150,000 steps | 0.3242 steps/s | ETA 112h 53m 53s
[Progress] 12.17% | 18,249/150,000 steps | 0.3243 steps/s | ETA 112h 51m 54s
[Progress] 12.18% | 18,274/150,000 steps | 0.3243 steps/s | ETA 112h 50m 8s
[Progress] 12.20% | 18,299/150,000 steps | 0.3243 steps/s | ETA 112h 48m 33s
------------------------------------------
| progress/               |              |
|    percent              | 12.2         |
|    steps_per_second     | 0.324        |
| rollout/                |              |
|    ep_len_mean          | 13.2         |
|    ep_rew_mean          | 2.1          |
| time/                   |              |
|    fps                  | 0            |
|    iterations           | 143          |
|    time_elapsed         | 56441        |
|    total_timesteps      | 18304        |
| train/                  |              |
|    approx_kl            | 0.0012031104 |
|    clip_fraction        | 0            |
|    clip_range           | 0.2          |
|    entropy_loss         | -0.969       |
|    explained_variance   | 0.122        |
|    learning_rate        | 0.0003       |
|    loss                 | 92.2         |
|    n_updates            | 710          |
|    policy_gradient_loss | 0.000744     |
|    value_loss           | 462          |
------------------------------------------
[Progress] 12.22% | 18,324/150,000 steps | 0.3243 steps/s | ETA 112h 46m 47s
[Progress] 12.23% | 18,349/150,000 steps | 0.3244 steps/s | ETA 112h 44m 46s
[Progress] 12.25% | 18,374/150,000 steps | 0.3244 steps/s | ETA 112h 42m 33s
[Progress] 12.27% | 18,399/150,000 steps | 0.3244 steps/s | ETA 112h 41m 11s
[Progress] 12.28% | 18,424/150,000 steps | 0.3244 steps/s | ETA 112h 39m 52s
------------------------------------------
| progress/               |              |
|    percent              | 12.3         |
|    steps_per_second     | 0.324        |
| rollout/                |              |
|    ep_len_mean          | 13.6         |
|    ep_rew_mean          | -0.895       |
| time/                   |              |
|    fps                  | 0            |
|    iterations           | 144          |
|    time_elapsed         | 56813        |
|    total_timesteps      | 18432        |
| train/                  |              |
|    approx_kl            | 0.0015386981 |
|    clip_fraction        | 0            |
|    clip_range           | 0.2          |
|    entropy_loss         | -0.959       |
|    explained_variance   | -0.0235      |
|    learning_rate        | 0.0003       |
|    loss                 | 110          |
|    n_updates            | 715          |
|    policy_gradient_loss | -0.00328     |
|    value_loss           | 508          |
------------------------------------------
[Progress] 12.30% | 18,449/150,000 steps | 0.3244 steps/s | ETA 112h 37m 58s
[Progress] 12.32% | 18,474/150,000 steps | 0.3245 steps/s | ETA 112h 35m 46s
[Progress] 12.33% | 18,499/150,000 steps | 0.3245 steps/s | ETA 112h 33m 41s
Step 18,500 | Mean reward: 0.602 | Resolution: 58.4% | Escalation: 6.8%
[Progress] 12.35% | 18,524/150,000 steps | 0.3246 steps/s | ETA 112h 31m 11s
[Progress] 12.37% | 18,549/150,000 steps | 0.3246 steps/s | ETA 112h 29m 17s
-----------------------------------------------
| custom/                      |              |
|    dropout_rate              | 0.349        |
|    escalation_rate           | 0.0679       |
|    mean_episode_length_100ep | 13.5         |
|    mean_reward_100ep         | 0.602        |
|    resolution_rate           | 0.584        |
|    timeout_rate              | 0            |
| progress/                    |              |
|    percent                   | 12.4         |
|    steps_per_second          | 0.325        |
| rollout/                     |              |
|    ep_len_mean               | 13.5         |
|    ep_rew_mean               | 0.662        |
| time/                        |              |
|    fps                       | 0            |
|    iterations                | 145          |
|    time_elapsed              | 57174        |
|    total_timesteps           | 18560        |
| train/                       |              |
|    approx_kl                 | 0.0011062967 |
|    clip_fraction             | 0            |
|    clip_range                | 0.2          |
|    entropy_loss              | -0.928       |
|    explained_variance        | 0.0797       |
|    learning_rate             | 0.0003       |
|    loss                      | 202          |
|    n_updates                 | 720          |
|    policy_gradient_loss      | -0.00319     |
|    value_loss                | 1.02e+03     |
-----------------------------------------------
[Progress] 12.38% | 18,574/150,000 steps | 0.3246 steps/s | ETA 112h 28m 32s
[Progress] 12.40% | 18,599/150,000 steps | 0.3246 steps/s | ETA 112h 27m 16s
[Progress] 12.42% | 18,624/150,000 steps | 0.3246 steps/s | ETA 112h 25m 5s
[Progress] 12.43% | 18,649/150,000 steps | 0.3246 steps/s | ETA 112h 24m 25s
[Progress] 12.45% | 18,674/150,000 steps | 0.3246 steps/s | ETA 112h 23m 53s
-------------------------------------------
| progress/               |               |
|    percent              | 12.4          |
|    steps_per_second     | 0.325         |
| rollout/                |               |
|    ep_len_mean          | 13            |
|    ep_rew_mean          | -0.677        |
| time/                   |               |
|    fps                  | 0             |
|    iterations           | 146           |
|    time_elapsed         | 57579         |
|    total_timesteps      | 18688         |
| train/                  |               |
|    approx_kl            | 0.00015898468 |
|    clip_fraction        | 0             |
|    clip_range           | 0.2           |
|    entropy_loss         | -0.912        |
|    explained_variance   | -0.0833       |
|    learning_rate        | 0.0003        |
|    loss                 | 89.8          |
|    n_updates            | 725           |
|    policy_gradient_loss | -0.000655     |
|    value_loss           | 502           |
-------------------------------------------
[Progress] 12.47% | 18,699/150,000 steps | 0.3243 steps/s | ETA 112h 27m 53s
[Progress] 12.48% | 18,724/150,000 steps | 0.3244 steps/s | ETA 112h 25m 31s
[Progress] 12.50% | 18,749/150,000 steps | 0.3244 steps/s | ETA 112h 23m 27s
[Progress] 12.52% | 18,774/150,000 steps | 0.3244 steps/s | ETA 112h 21m 8s
[Progress] 12.53% | 18,799/150,000 steps | 0.3245 steps/s | ETA 112h 19m 36s
------------------------------------------
| progress/               |              |
|    percent              | 12.5         |
|    steps_per_second     | 0.324        |
| rollout/                |              |
|    ep_len_mean          | 12.5         |
|    ep_rew_mean          | -0.184       |
| time/                   |              |
|    fps                  | 0            |
|    iterations           | 147          |
|    time_elapsed         | 57988        |
|    total_timesteps      | 18816        |
| train/                  |              |
|    approx_kl            | 0.0012617656 |
|    clip_fraction        | 0            |
|    clip_range           | 0.2          |
|    entropy_loss         | -0.906       |
|    explained_variance   | 0.0933       |
|    learning_rate        | 0.0003       |
|    loss                 | 121          |
|    n_updates            | 730          |
|    policy_gradient_loss | -0.00132     |
|    value_loss           | 512          |
------------------------------------------
[Progress] 12.55% | 18,824/150,000 steps | 0.3245 steps/s | ETA 112h 17m 18s
[Progress] 12.57% | 18,849/150,000 steps | 0.3246 steps/s | ETA 112h 14m 52s
[Progress] 12.58% | 18,874/150,000 steps | 0.3246 steps/s | ETA 112h 12m 54s
[Progress] 12.60% | 18,899/150,000 steps | 0.3246 steps/s | ETA 112h 10m 47s
[Progress] 12.62% | 18,924/150,000 steps | 0.3247 steps/s | ETA 112h 8m 37s
-------------------------------------------
| progress/               |               |
|    percent              | 12.6          |
|    steps_per_second     | 0.325         |
| rollout/                |               |
|    ep_len_mean          | 12.8          |
|    ep_rew_mean          | -0.708        |
| time/                   |               |
|    fps                  | 0             |
|    iterations           | 148           |
|    time_elapsed         | 58344         |
|    total_timesteps      | 18944         |
| train/                  |               |
|    approx_kl            | 0.00023086043 |
|    clip_fraction        | 0             |
|    clip_range           | 0.2           |
|    entropy_loss         | -0.891        |
|    explained_variance   | 0.0578        |
|    learning_rate        | 0.0003        |
|    loss                 | 199           |
|    n_updates            | 735           |
|    policy_gradient_loss | -0.00105      |
|    value_loss           | 692           |
-------------------------------------------
[Progress] 12.63% | 18,949/150,000 steps | 0.3247 steps/s | ETA 112h 6m 57s
[Progress] 12.65% | 18,974/150,000 steps | 0.3247 steps/s | ETA 112h 4m 49s
[Progress] 12.67% | 18,999/150,000 steps | 0.3248 steps/s | ETA 112h 2m 49s
Step 19,000 | Mean reward: 1.379 | Resolution: 58.6% | Escalation: 6.6%
[Progress] 12.68% | 19,024/150,000 steps | 0.3248 steps/s | ETA 112h 0m 29s
[Progress] 12.70% | 19,049/150,000 steps | 0.3248 steps/s | ETA 111h 59m 1s
-----------------------------------------------
| custom/                      |              |
|    dropout_rate              | 0.348        |
|    escalation_rate           | 0.0656       |
|    mean_episode_length_100ep | 12.4         |
|    mean_reward_100ep         | 1.38         |
|    resolution_rate           | 0.586        |
|    timeout_rate              | 0            |
| progress/                    |              |
|    percent                   | 12.7         |
|    steps_per_second          | 0.325        |
| rollout/                     |              |
|    ep_len_mean               | 12.5         |
|    ep_rew_mean               | 0.522        |
| time/                        |              |
|    fps                       | 0            |
|    iterations                | 149          |
|    time_elapsed              | 58709        |
|    total_timesteps           | 19072        |
| train/                       |              |
|    approx_kl                 | 0.0014772178 |
|    clip_fraction             | 0            |
|    clip_range                | 0.2          |
|    entropy_loss              | -0.888       |
|    explained_variance        | -0.0605      |
|    learning_rate             | 0.0003       |
|    loss                      | 136          |
|    n_updates                 | 740          |
|    policy_gradient_loss      | -0.000203    |
|    value_loss                | 472          |
-----------------------------------------------
[Progress] 12.72% | 19,074/150,000 steps | 0.3249 steps/s | ETA 111h 57m 1s
[Progress] 12.73% | 19,099/150,000 steps | 0.3249 steps/s | ETA 111h 54m 24s
[Progress] 12.75% | 19,124/150,000 steps | 0.3249 steps/s | ETA 111h 52m 57s
[Progress] 12.77% | 19,149/150,000 steps | 0.3250 steps/s | ETA 111h 50m 51s
[Progress] 12.78% | 19,174/150,000 steps | 0.3250 steps/s | ETA 111h 49m 3s
[Progress] 12.80% | 19,199/150,000 steps | 0.3250 steps/s | ETA 111h 47m 32s
------------------------------------------
| progress/               |              |
|    percent              | 12.8         |
|    steps_per_second     | 0.325        |
| rollout/                |              |
|    ep_len_mean          | 12           |
|    ep_rew_mean          | 0.355        |
| time/                   |              |
|    fps                  | 0            |
|    iterations           | 150          |
|    time_elapsed         | 59074        |
|    total_timesteps      | 19200        |
| train/                  |              |
|    approx_kl            | 0.0011695097 |
|    clip_fraction        | 0            |
|    clip_range           | 0.2          |
|    entropy_loss         | -0.908       |
|    explained_variance   | -0.0366      |
|    learning_rate        | 0.0003       |
|    loss                 | 85.6         |
|    n_updates            | 745          |
|    policy_gradient_loss | -0.000872    |
|    value_loss           | 410          |
------------------------------------------
[Progress] 12.82% | 19,224/150,000 steps | 0.3251 steps/s | ETA 111h 45m 8s
[Progress] 12.83% | 19,249/150,000 steps | 0.3251 steps/s | ETA 111h 43m 27s
[Progress] 12.85% | 19,274/150,000 steps | 0.3251 steps/s | ETA 111h 42m 37s
[Progress] 12.87% | 19,299/150,000 steps | 0.3251 steps/s | ETA 111h 40m 30s
[Progress] 12.88% | 19,324/150,000 steps | 0.3251 steps/s | ETA 111h 38m 28s
------------------------------------------
| progress/               |              |
|    percent              | 12.9         |
|    steps_per_second     | 0.325        |
| rollout/                |              |
|    ep_len_mean          | 11.7         |
|    ep_rew_mean          | 0.361        |
| time/                   |              |
|    fps                  | 0            |
|    iterations           | 151          |
|    time_elapsed         | 59448        |
|    total_timesteps      | 19328        |
| train/                  |              |
|    approx_kl            | 0.0019387905 |
|    clip_fraction        | 0            |
|    clip_range           | 0.2          |
|    entropy_loss         | -0.921       |
|    explained_variance   | 0.0316       |
|    learning_rate        | 0.0003       |
|    loss                 | 82.4         |
|    n_updates            | 750          |
|    policy_gradient_loss | -0.0031      |
|    value_loss           | 430          |
------------------------------------------
[Progress] 12.90% | 19,349/150,000 steps | 0.3251 steps/s | ETA 111h 37m 36s
[Progress] 12.92% | 19,374/150,000 steps | 0.3251 steps/s | ETA 111h 36m 13s
[Progress] 12.93% | 19,399/150,000 steps | 0.3251 steps/s | ETA 111h 34m 42s
[Progress] 12.95% | 19,424/150,000 steps | 0.3252 steps/s | ETA 111h 32m 28s
[Progress] 12.97% | 19,449/150,000 steps | 0.3252 steps/s | ETA 111h 30m 51s
----------------------------------------
| progress/               |            |
|    percent              | 13         |
|    steps_per_second     | 0.325      |
| rollout/                |            |
|    ep_len_mean          | 11.5       |
|    ep_rew_mean          | 0.357      |
| time/                   |            |
|    fps                  | 0          |
|    iterations           | 152        |
|    time_elapsed         | 59823      |
|    total_timesteps      | 19456      |
| train/                  |            |
|    approx_kl            | 0.00109145 |
|    clip_fraction        | 0          |
|    clip_range           | 0.2        |
|    entropy_loss         | -0.942     |
|    explained_variance   | 0.0416     |
|    learning_rate        | 0.0003     |
|    loss                 | 113        |
|    n_updates            | 755        |
|    policy_gradient_loss | -0.000825  |
|    value_loss           | 473        |
----------------------------------------
[Progress] 12.98% | 19,474/150,000 steps | 0.3253 steps/s | ETA 111h 28m 12s
[Progress] 13.00% | 19,499/150,000 steps | 0.3253 steps/s | ETA 111h 25m 39s
Step 19,500 | Mean reward: 2.722 | Resolution: 58.4% | Escalation: 6.4%
[Progress] 13.02% | 19,524/150,000 steps | 0.3253 steps/s | ETA 111h 23m 56s
[Progress] 13.03% | 19,549/150,000 steps | 0.3254 steps/s | ETA 111h 21m 23s
[Progress] 13.05% | 19,574/150,000 steps | 0.3254 steps/s | ETA 111h 20m 2s
------------------------------------------------
| custom/                      |               |
|    dropout_rate              | 0.352         |
|    escalation_rate           | 0.0636        |
|    mean_episode_length_100ep | 11.2          |
|    mean_reward_100ep         | 2.72          |
|    resolution_rate           | 0.584         |
|    timeout_rate              | 0             |
| progress/                    |               |
|    percent                   | 13            |
|    steps_per_second          | 0.325         |
| rollout/                     |               |
|    ep_len_mean               | 11.1          |
|    ep_rew_mean               | 3.89          |
| time/                        |               |
|    fps                       | 0             |
|    iterations                | 153           |
|    time_elapsed              | 60176         |
|    total_timesteps           | 19584         |
| train/                       |               |
|    approx_kl                 | 0.00031612674 |
|    clip_fraction             | 0             |
|    clip_range                | 0.2           |
|    entropy_loss              | -0.947        |
|    explained_variance        | 0.0383        |
|    learning_rate             | 0.0003        |
|    loss                      | 104           |
|    n_updates                 | 760           |
|    policy_gradient_loss      | -0.000858     |
|    value_loss                | 448           |
------------------------------------------------
[Progress] 13.07% | 19,599/150,000 steps | 0.3254 steps/s | ETA 111h 18m 2s
[Progress] 13.08% | 19,624/150,000 steps | 0.3255 steps/s | ETA 111h 16m 14s
[Progress] 13.10% | 19,649/150,000 steps | 0.3255 steps/s | ETA 111h 14m 4s
[Progress] 13.12% | 19,674/150,000 steps | 0.3256 steps/s | ETA 111h 11m 50s
[Progress] 13.13% | 19,699/150,000 steps | 0.3256 steps/s | ETA 111h 9m 47s
-------------------------------------------
| progress/               |               |
|    percent              | 13.1          |
|    steps_per_second     | 0.326         |
| rollout/                |               |
|    ep_len_mean          | 11.3          |
|    ep_rew_mean          | 2.39          |
| time/                   |               |
|    fps                  | 0             |
|    iterations           | 154           |
|    time_elapsed         | 60536         |
|    total_timesteps      | 19712         |
| train/                  |               |
|    approx_kl            | 5.4456294e-05 |
|    clip_fraction        | 0             |
|    clip_range           | 0.2           |
|    entropy_loss         | -0.938        |
|    explained_variance   | 0.00323       |
|    learning_rate        | 0.0003        |
|    loss                 | 115           |
|    n_updates            | 765           |
|    policy_gradient_loss | 0.000483      |
|    value_loss           | 491           |
-------------------------------------------
[Progress] 13.15% | 19,724/150,000 steps | 0.3256 steps/s | ETA 111h 8m 1s
[Progress] 13.17% | 19,749/150,000 steps | 0.3256 steps/s | ETA 111h 6m 13s
[Progress] 13.18% | 19,774/150,000 steps | 0.3256 steps/s | ETA 111h 5m 29s
[Progress] 13.20% | 19,799/150,000 steps | 0.3257 steps/s | ETA 111h 3m 34s
[Progress] 13.22% | 19,824/150,000 steps | 0.3257 steps/s | ETA 111h 1m 37s
------------------------------------------
| progress/               |              |
|    percent              | 13.2         |
|    steps_per_second     | 0.326        |
| rollout/                |              |
|    ep_len_mean          | 11.7         |
|    ep_rew_mean          | 3.11         |
| time/                   |              |
|    fps                  | 0            |
|    iterations           | 155          |
|    time_elapsed         | 60907        |
|    total_timesteps      | 19840        |
| train/                  |              |
|    approx_kl            | 0.0054904707 |
|    clip_fraction        | 0            |
|    clip_range           | 0.2          |
|    entropy_loss         | -0.94        |
|    explained_variance   | -0.00805     |
|    learning_rate        | 0.0003       |
|    loss                 | 110          |
|    n_updates            | 770          |
|    policy_gradient_loss | -0.00577     |
|    value_loss           | 445          |
------------------------------------------
[Progress] 13.23% | 19,849/150,000 steps | 0.3258 steps/s | ETA 110h 58m 46s
[Progress] 13.25% | 19,874/150,000 steps | 0.3258 steps/s | ETA 110h 56m 47s
[Progress] 13.27% | 19,899/150,000 steps | 0.3259 steps/s | ETA 110h 54m 15s
[Progress] 13.28% | 19,924/150,000 steps | 0.3259 steps/s | ETA 110h 51m 49s
[Progress] 13.30% | 19,949/150,000 steps | 0.3260 steps/s | ETA 110h 49m 22s
----------------------------------------
| progress/               |            |
|    percent              | 13.3       |
|    steps_per_second     | 0.326      |
| rollout/                |            |
|    ep_len_mean          | 12.1       |
|    ep_rew_mean          | 4.93       |
| time/                   |            |
|    fps                  | 0          |
|    iterations           | 156        |
|    time_elapsed         | 61246      |
|    total_timesteps      | 19968      |
| train/                  |            |
|    approx_kl            | 0.01569058 |
|    clip_fraction        | 0.173      |
|    clip_range           | 0.2        |
|    entropy_loss         | -0.936     |
|    explained_variance   | -0.00471   |
|    learning_rate        | 0.0003     |
|    loss                 | 75.9       |
|    n_updates            | 775        |
|    policy_gradient_loss | -0.00669   |
|    value_loss           | 329        |
----------------------------------------
[Progress] 13.32% | 19,974/150,000 steps | 0.3260 steps/s | ETA 110h 46m 43s
[Progress] 13.33% | 19,999/150,000 steps | 0.3261 steps/s | ETA 110h 43m 46s
Step 20,000 | Mean reward: 4.631 | Resolution: 59.1% | Escalation: 6.2%
New best model saved: -13.828
[Progress] 13.35% | 20,024/150,000 steps | 0.3213 steps/s | ETA 112h 21m 19s
[Progress] 13.37% | 20,049/150,000 steps | 0.3214 steps/s | ETA 112h 18m 45s
[Progress] 13.38% | 20,074/150,000 steps | 0.3214 steps/s | ETA 112h 16m 59s
-----------------------------------------------
| custom/                      |              |
|    dropout_rate              | 0.347        |
|    escalation_rate           | 0.0619       |
|    mean_episode_length_100ep | 12.1         |
|    mean_reward_100ep         | 4.63         |
|    resolution_rate           | 0.591        |
|    timeout_rate              | 0            |
| eval/                        |              |
|    escalation_rate           | 0            |
|    mean_reward               | -13.8        |
|    resolution_rate           | 0.8          |
| progress/                    |              |
|    percent                   | 13.4         |
|    steps_per_second          | 0.321        |
| rollout/                     |              |
|    ep_len_mean               | 12.3         |
|    ep_rew_mean               | 6.07         |
| time/                        |              |
|    fps                       | 0            |
|    iterations                | 157          |
|    time_elapsed              | 62511        |
|    total_timesteps           | 20096        |
| train/                       |              |
|    approx_kl                 | 0.0061919154 |
|    clip_fraction             | 0            |
|    clip_range                | 0.2          |
|    entropy_loss              | -0.931       |
|    explained_variance        | -0.0276      |
|    learning_rate             | 0.0003       |
|    loss                      | 58.4         |
|    n_updates                 | 780          |
|    policy_gradient_loss      | -0.00507     |
|    value_loss                | 236          |
-----------------------------------------------
[Progress] 13.40% | 20,099/150,000 steps | 0.3215 steps/s | ETA 112h 14m 38s
[Progress] 13.42% | 20,124/150,000 steps | 0.3215 steps/s | ETA 112h 12m 21s
[Progress] 13.43% | 20,149/150,000 steps | 0.3216 steps/s | ETA 112h 9m 48s
[Progress] 13.45% | 20,174/150,000 steps | 0.3216 steps/s | ETA 112h 7m 41s
[Progress] 13.47% | 20,199/150,000 steps | 0.3217 steps/s | ETA 112h 5m 38s
[Progress] 13.48% | 20,224/150,000 steps | 0.3217 steps/s | ETA 112h 3m 38s
------------------------------------------
| progress/               |              |
|    percent              | 13.5         |
|    steps_per_second     | 0.322        |
| rollout/                |              |
|    ep_len_mean          | 12.4         |
|    ep_rew_mean          | 4.88         |
| time/                   |              |
|    fps                  | 0            |
|    iterations           | 158          |
|    time_elapsed         | 62867        |
|    total_timesteps      | 20224        |
| train/                  |              |
|    approx_kl            | 0.0063764732 |
|    clip_fraction        | 0            |
|    clip_range           | 0.2          |
|    entropy_loss         | -0.929       |
|    explained_variance   | -0.0123      |
|    learning_rate        | 0.0003       |
|    loss                 | 61.7         |
|    n_updates            | 785          |
|    policy_gradient_loss | 2.52e-05     |
|    value_loss           | 335          |
------------------------------------------
[Progress] 13.50% | 20,249/150,000 steps | 0.3218 steps/s | ETA 112h 1m 3s
[Progress] 13.52% | 20,274/150,000 steps | 0.3218 steps/s | ETA 111h 58m 19s
[Progress] 13.53% | 20,299/150,000 steps | 0.3219 steps/s | ETA 111h 56m 5s
[Progress] 13.55% | 20,324/150,000 steps | 0.3219 steps/s | ETA 111h 54m 30s
[Progress] 13.57% | 20,349/150,000 steps | 0.3219 steps/s | ETA 111h 52m 28s
-----------------------------------------
| progress/               |             |
|    percent              | 13.6        |
|    steps_per_second     | 0.322       |
| rollout/                |             |
|    ep_len_mean          | 12.3        |
|    ep_rew_mean          | 5.63        |
| time/                   |             |
|    fps                  | 0           |
|    iterations           | 159         |
|    time_elapsed         | 63221       |
|    total_timesteps      | 20352       |
| train/                  |             |
|    approx_kl            | 0.013258487 |
|    clip_fraction        | 0.0109      |
|    clip_range           | 0.2         |
|    entropy_loss         | -0.922      |
|    explained_variance   | 0.0171      |
|    learning_rate        | 0.0003      |
|    loss                 | 104         |
|    n_updates            | 790         |
|    policy_gradient_loss | -0.00833    |
|    value_loss           | 418         |
-----------------------------------------
[Progress] 13.58% | 20,374/150,000 steps | 0.3220 steps/s | ETA 111h 49m 40s
[Progress] 13.60% | 20,399/150,000 steps | 0.3220 steps/s | ETA 111h 47m 58s
[Progress] 13.62% | 20,424/150,000 steps | 0.3221 steps/s | ETA 111h 45m 39s
[Progress] 13.63% | 20,449/150,000 steps | 0.3221 steps/s | ETA 111h 43m 13s
[Progress] 13.65% | 20,474/150,000 steps | 0.3222 steps/s | ETA 111h 40m 46s
------------------------------------------
| progress/               |              |
|    percent              | 13.6         |
|    steps_per_second     | 0.322        |
| rollout/                |              |
|    ep_len_mean          | 12           |
|    ep_rew_mean          | 7.43         |
| time/                   |              |
|    fps                  | 0            |
|    iterations           | 160          |
|    time_elapsed         | 63567        |
|    total_timesteps      | 20480        |
| train/                  |              |
|    approx_kl            | 0.0022912323 |
|    clip_fraction        | 0            |
|    clip_range           | 0.2          |
|    entropy_loss         | -0.897       |
|    explained_variance   | 0.0123       |
|    learning_rate        | 0.0003       |
|    loss                 | 156          |
|    n_updates            | 795          |
|    policy_gradient_loss | 0.000418     |
|    value_loss           | 577          |
------------------------------------------
[Progress] 13.67% | 20,499/150,000 steps | 0.3222 steps/s | ETA 111h 38m 23s
Step 20,500 | Mean reward: 7.198 | Resolution: 59.4% | Escalation: 6.0%
[Progress] 13.68% | 20,524/150,000 steps | 0.3223 steps/s | ETA 111h 36m 19s
[Progress] 13.70% | 20,549/150,000 steps | 0.3223 steps/s | ETA 111h 33m 53s
[Progress] 13.72% | 20,574/150,000 steps | 0.3223 steps/s | ETA 111h 31m 57s
[Progress] 13.73% | 20,599/150,000 steps | 0.3224 steps/s | ETA 111h 28m 48s
-----------------------------------------------
| custom/                      |              |
|    dropout_rate              | 0.346        |
|    escalation_rate           | 0.0602       |
|    mean_episode_length_100ep | 12.2         |
|    mean_reward_100ep         | 7.2          |
|    resolution_rate           | 0.594        |
|    timeout_rate              | 0            |
| progress/                    |              |
|    percent                   | 13.7         |
|    steps_per_second          | 0.322        |
| rollout/                     |              |
|    ep_len_mean               | 12.1         |
|    ep_rew_mean               | 8.27         |
| time/                        |              |
|    fps                       | 0            |
|    iterations                | 161          |
|    time_elapsed              | 63909        |
|    total_timesteps           | 20608        |
| train/                       |              |
|    approx_kl                 | 0.0006904467 |
|    clip_fraction             | 0            |
|    clip_range                | 0.2          |
|    entropy_loss              | -0.895       |
|    explained_variance        | 0.0296       |
|    learning_rate             | 0.0003       |
|    loss                      | 83.9         |
|    n_updates                 | 800          |
|    policy_gradient_loss      | -1.67e-05    |
|    value_loss                | 420          |
-----------------------------------------------
[Progress] 13.75% | 20,624/150,000 steps | 0.3225 steps/s | ETA 111h 26m 11s
[Progress] 13.77% | 20,649/150,000 steps | 0.3226 steps/s | ETA 111h 23m 40s
[Progress] 13.78% | 20,674/150,000 steps | 0.3226 steps/s | ETA 111h 22m 10s
[Progress] 13.80% | 20,699/150,000 steps | 0.3226 steps/s | ETA 111h 20m 11s
[Progress] 13.82% | 20,724/150,000 steps | 0.3227 steps/s | ETA 111h 17m 47s
----------------------------------------
| progress/               |            |
|    percent              | 13.8       |
|    steps_per_second     | 0.323      |
| rollout/                |            |
|    ep_len_mean          | 12.5       |
|    ep_rew_mean          | 7.52       |
| time/                   |            |
|    fps                  | 0          |
|    iterations           | 162        |
|    time_elapsed         | 64266      |
|    total_timesteps      | 20736      |
| train/                  |            |
|    approx_kl            | 0.00458122 |
|    clip_fraction        | 0          |
|    clip_range           | 0.2        |
|    entropy_loss         | -0.882     |
|    explained_variance   | 0.0604     |
|    learning_rate        | 0.0003     |
|    loss                 | 126        |
|    n_updates            | 805        |
|    policy_gradient_loss | -0.0062    |
|    value_loss           | 501        |
----------------------------------------
[Progress] 13.83% | 20,749/150,000 steps | 0.3227 steps/s | ETA 111h 15m 50s
[Progress] 13.85% | 20,774/150,000 steps | 0.3227 steps/s | ETA 111h 13m 39s
[Progress] 13.87% | 20,799/150,000 steps | 0.3228 steps/s | ETA 111h 11m 41s
[Progress] 13.88% | 20,824/150,000 steps | 0.3228 steps/s | ETA 111h 9m 10s
[Progress] 13.90% | 20,849/150,000 steps | 0.3229 steps/s | ETA 111h 7m 0s
------------------------------------------
| progress/               |              |
|    percent              | 13.9         |
|    steps_per_second     | 0.323        |
| rollout/                |              |
|    ep_len_mean          | 12.7         |
|    ep_rew_mean          | 6.38         |
| time/                   |              |
|    fps                  | 0            |
|    iterations           | 163          |
|    time_elapsed         | 64620        |
|    total_timesteps      | 20864        |
| train/                  |              |
|    approx_kl            | 0.0009620548 |
|    clip_fraction        | 0            |
|    clip_range           | 0.2          |
|    entropy_loss         | -0.862       |
|    explained_variance   | 0.0221       |
|    learning_rate        | 0.0003       |
|    loss                 | 108          |
|    n_updates            | 810          |
|    policy_gradient_loss | -0.00165     |
|    value_loss           | 436          |
------------------------------------------
[Progress] 13.92% | 20,874/150,000 steps | 0.3229 steps/s | ETA 111h 5m 42s
[Progress] 13.93% | 20,899/150,000 steps | 0.3229 steps/s | ETA 111h 3m 17s
[Progress] 13.95% | 20,924/150,000 steps | 0.3229 steps/s | ETA 111h 1m 20s
[Progress] 13.97% | 20,949/150,000 steps | 0.3230 steps/s | ETA 110h 59m 46s
[Progress] 13.98% | 20,974/150,000 steps | 0.3230 steps/s | ETA 110h 58m 4s
------------------------------------------
| progress/               |              |
|    percent              | 14           |
|    steps_per_second     | 0.323        |
| rollout/                |              |
|    ep_len_mean          | 12           |
|    ep_rew_mean          | 6.25         |
| time/                   |              |
|    fps                  | 0            |
|    iterations           | 164          |
|    time_elapsed         | 64989        |
|    total_timesteps      | 20992        |
| train/                  |              |
|    approx_kl            | 0.0075910618 |
|    clip_fraction        | 0.0234       |
|    clip_range           | 0.2          |
|    entropy_loss         | -0.921       |
|    explained_variance   | 0.0399       |
|    learning_rate        | 0.0003       |
|    loss                 | 74.2         |
|    n_updates            | 815          |
|    policy_gradient_loss | -0.00872     |
|    value_loss           | 372          |
------------------------------------------
[Progress] 14.00% | 20,999/150,000 steps | 0.3230 steps/s | ETA 110h 56m 10s
Step 21,000 | Mean reward: 5.693 | Resolution: 59.6% | Escalation: 5.9%
[Progress] 14.02% | 21,024/150,000 steps | 0.3231 steps/s | ETA 110h 53m 48s
[Progress] 14.03% | 21,049/150,000 steps | 0.3231 steps/s | ETA 110h 51m 15s
[Progress] 14.05% | 21,074/150,000 steps | 0.3232 steps/s | ETA 110h 48m 46s
[Progress] 14.07% | 21,099/150,000 steps | 0.3232 steps/s | ETA 110h 46m 10s
-----------------------------------------------
| custom/                      |              |
|    dropout_rate              | 0.345        |
|    escalation_rate           | 0.0585       |
|    mean_episode_length_100ep | 12           |
|    mean_reward_100ep         | 5.69         |
|    resolution_rate           | 0.596        |
|    timeout_rate              | 0            |
| progress/                    |              |
|    percent                   | 14.1         |
|    steps_per_second          | 0.323        |
| rollout/                     |              |
|    ep_len_mean               | 11.9         |
|    ep_rew_mean               | 6.3          |
| time/                        |              |
|    fps                       | 0            |
|    iterations                | 165          |
|    time_elapsed              | 65327        |
|    total_timesteps           | 21120        |
| train/                       |              |
|    approx_kl                 | 0.0006609191 |
|    clip_fraction             | 0            |
|    clip_range                | 0.2          |
|    entropy_loss              | -0.972       |
|    explained_variance        | -0.0445      |
|    learning_rate             | 0.0003       |
|    loss                      | 128          |
|    n_updates                 | 820          |
|    policy_gradient_loss      | -0.00141     |
|    value_loss                | 449          |
-----------------------------------------------
[Progress] 14.08% | 21,124/150,000 steps | 0.3233 steps/s | ETA 110h 44m 1s
[Progress] 14.10% | 21,149/150,000 steps | 0.3233 steps/s | ETA 110h 41m 41s
[Progress] 14.12% | 21,174/150,000 steps | 0.3234 steps/s | ETA 110h 39m 36s
[Progress] 14.13% | 21,199/150,000 steps | 0.3234 steps/s | ETA 110h 37m 33s
[Progress] 14.15% | 21,224/150,000 steps | 0.3234 steps/s | ETA 110h 36m 19s
------------------------------------------
| progress/               |              |
|    percent              | 14.1         |
|    steps_per_second     | 0.323        |
| rollout/                |              |
|    ep_len_mean          | 11.4         |
|    ep_rew_mean          | 6.67         |
| time/                   |              |
|    fps                  | 0            |
|    iterations           | 166          |
|    time_elapsed         | 65691        |
|    total_timesteps      | 21248        |
| train/                  |              |
|    approx_kl            | 0.0014188467 |
|    clip_fraction        | 0            |
|    clip_range           | 0.2          |
|    entropy_loss         | -0.923       |
|    explained_variance   | 0.0482       |
|    learning_rate        | 0.0003       |
|    loss                 | 92.2         |
|    n_updates            | 825          |
|    policy_gradient_loss | 0.000414     |
|    value_loss           | 309          |
------------------------------------------
[Progress] 14.17% | 21,249/150,000 steps | 0.3234 steps/s | ETA 110h 34m 18s
[Progress] 14.18% | 21,274/150,000 steps | 0.3235 steps/s | ETA 110h 32m 23s
[Progress] 14.20% | 21,299/150,000 steps | 0.3235 steps/s | ETA 110h 30m 22s
[Progress] 14.22% | 21,324/150,000 steps | 0.3236 steps/s | ETA 110h 27m 58s
[Progress] 14.23% | 21,349/150,000 steps | 0.3236 steps/s | ETA 110h 26m 17s
[Progress] 14.25% | 21,374/150,000 steps | 0.3236 steps/s | ETA 110h 24m 45s
-----------------------------------------
| progress/               |             |
|    percent              | 14.2        |
|    steps_per_second     | 0.324       |
| rollout/                |             |
|    ep_len_mean          | 11.1        |
|    ep_rew_mean          | 6.35        |
| time/                   |             |
|    fps                  | 0           |
|    iterations           | 167         |
|    time_elapsed         | 66056       |
|    total_timesteps      | 21376       |
| train/                  |             |
|    approx_kl            | 0.001542551 |
|    clip_fraction        | 0           |
|    clip_range           | 0.2         |
|    entropy_loss         | -0.899      |
|    explained_variance   | 0.0823      |
|    learning_rate        | 0.0003      |
|    loss                 | 122         |
|    n_updates            | 830         |
|    policy_gradient_loss | -0.00523    |
|    value_loss           | 663         |
-----------------------------------------
[Progress] 14.27% | 21,399/150,000 steps | 0.3236 steps/s | ETA 110h 23m 7s
[Progress] 14.28% | 21,424/150,000 steps | 0.3235 steps/s | ETA 110h 23m 31s
[Progress] 14.30% | 21,449/150,000 steps | 0.3236 steps/s | ETA 110h 21m 12s
[Progress] 14.32% | 21,474/150,000 steps | 0.3236 steps/s | ETA 110h 19m 11s
[Progress] 14.33% | 21,499/150,000 steps | 0.3237 steps/s | ETA 110h 17m 9s
Step 21,500 | Mean reward: 6.344 | Resolution: 60.0% | Escalation: 5.7%
-----------------------------------------------
| custom/                      |              |
|    dropout_rate              | 0.344        |
|    escalation_rate           | 0.0567       |
|    mean_episode_length_100ep | 10.8         |
|    mean_reward_100ep         | 6.34         |
|    resolution_rate           | 0.6          |
|    timeout_rate              | 0            |
| progress/                    |              |
|    percent                   | 14.3         |
|    steps_per_second          | 0.324        |
| rollout/                     |              |
|    ep_len_mean               | 10.7         |
|    ep_rew_mean               | 5.07         |
| time/                        |              |
|    fps                       | 0            |
|    iterations                | 168          |
|    time_elapsed              | 66441        |
|    total_timesteps           | 21504        |
| train/                       |              |
|    approx_kl                 | 0.0022692364 |
|    clip_fraction             | 0            |
|    clip_range                | 0.2          |
|    entropy_loss              | -0.855       |
|    explained_variance        | 0.102        |
|    learning_rate             | 0.0003       |
|    loss                      | 118          |
|    n_updates                 | 835          |
|    policy_gradient_loss      | -0.00674     |
|    value_loss                | 461          |
-----------------------------------------------
[Progress] 14.35% | 21,524/150,000 steps | 0.3237 steps/s | ETA 110h 14m 48s
[Progress] 14.37% | 21,549/150,000 steps | 0.3238 steps/s | ETA 110h 12m 11s
[Progress] 14.38% | 21,574/150,000 steps | 0.3238 steps/s | ETA 110h 9m 37s
[Progress] 14.40% | 21,599/150,000 steps | 0.3239 steps/s | ETA 110h 7m 50s
[Progress] 14.42% | 21,624/150,000 steps | 0.3239 steps/s | ETA 110h 5m 43s
------------------------------------------
| progress/               |              |
|    percent              | 14.4         |
|    steps_per_second     | 0.324        |
| rollout/                |              |
|    ep_len_mean          | 10.4         |
|    ep_rew_mean          | 5.59         |
| time/                   |              |
|    fps                  | 0            |
|    iterations           | 169          |
|    time_elapsed         | 66783        |
|    total_timesteps      | 21632        |
| train/                  |              |
|    approx_kl            | 2.535712e-05 |
|    clip_fraction        | 0            |
|    clip_range           | 0.2          |
|    entropy_loss         | -0.828       |
|    explained_variance   | 0.0848       |
|    learning_rate        | 0.0003       |
|    loss                 | 158          |
|    n_updates            | 840          |
|    policy_gradient_loss | 0.000437     |
|    value_loss           | 612          |
------------------------------------------
[Progress] 14.43% | 21,649/150,000 steps | 0.3240 steps/s | ETA 110h 3m 15s
[Progress] 14.45% | 21,674/150,000 steps | 0.3240 steps/s | ETA 110h 0m 48s
[Progress] 14.47% | 21,699/150,000 steps | 0.3241 steps/s | ETA 109h 58m 42s
[Progress] 14.48% | 21,724/150,000 steps | 0.3241 steps/s | ETA 109h 56m 25s
[Progress] 14.50% | 21,749/150,000 steps | 0.3241 steps/s | ETA 109h 54m 18s
-------------------------------------------
| progress/               |               |
|    percent              | 14.5          |
|    steps_per_second     | 0.324         |
| rollout/                |               |
|    ep_len_mean          | 10.5          |
|    ep_rew_mean          | 5.07          |
| time/                   |               |
|    fps                  | 0             |
|    iterations           | 170           |
|    time_elapsed         | 67124         |
|    total_timesteps      | 21760         |
| train/                  |               |
|    approx_kl            | 0.00059737824 |
|    clip_fraction        | 0             |
|    clip_range           | 0.2           |
|    entropy_loss         | -0.826        |
|    explained_variance   | 0.0128        |
|    learning_rate        | 0.0003        |
|    loss                 | 89.6          |
|    n_updates            | 845           |
|    policy_gradient_loss | -0.00127      |
|    value_loss           | 371           |
-------------------------------------------
[Progress] 14.52% | 21,774/150,000 steps | 0.3242 steps/s | ETA 109h 52m 1s
[Progress] 14.53% | 21,799/150,000 steps | 0.3242 steps/s | ETA 109h 50m 15s
[Progress] 14.55% | 21,824/150,000 steps | 0.3243 steps/s | ETA 109h 48m 12s
[Progress] 14.57% | 21,849/150,000 steps | 0.3243 steps/s | ETA 109h 45m 49s
[Progress] 14.58% | 21,874/150,000 steps | 0.3243 steps/s | ETA 109h 45m 4s
------------------------------------------
| progress/               |              |
|    percent              | 14.6         |
|    steps_per_second     | 0.324        |
| rollout/                |              |
|    ep_len_mean          | 10.2         |
|    ep_rew_mean          | 3.06         |
| time/                   |              |
|    fps                  | 0            |
|    iterations           | 171          |
|    time_elapsed         | 67494        |
|    total_timesteps      | 21888        |
| train/                  |              |
|    approx_kl            | 0.0017642169 |
|    clip_fraction        | 0            |
|    clip_range           | 0.2          |
|    entropy_loss         | -0.79        |
|    explained_variance   | 0.0546       |
|    learning_rate        | 0.0003       |
|    loss                 | 112          |
|    n_updates            | 850          |
|    policy_gradient_loss | -0.000738    |
|    value_loss           | 453          |
------------------------------------------
[Progress] 14.60% | 21,899/150,000 steps | 0.3243 steps/s | ETA 109h 43m 32s
[Progress] 14.62% | 21,924/150,000 steps | 0.3243 steps/s | ETA 109h 41m 21s
[Progress] 14.63% | 21,949/150,000 steps | 0.3244 steps/s | ETA 109h 38m 54s
[Progress] 14.65% | 21,974/150,000 steps | 0.3244 steps/s | ETA 109h 36m 36s
[Progress] 14.67% | 21,999/150,000 steps | 0.3245 steps/s | ETA 109h 34m 35s
Step 22,000 | Mean reward: -0.233 | Resolution: 59.6% | Escalation: 5.5%
------------------------------------------------
| custom/                      |               |
|    dropout_rate              | 0.349         |
|    escalation_rate           | 0.0551        |
|    mean_episode_length_100ep | 10.5          |
|    mean_reward_100ep         | -0.233        |
|    resolution_rate           | 0.596         |
|    timeout_rate              | 0             |
| progress/                    |               |
|    percent                   | 14.7          |
|    steps_per_second          | 0.324         |
| rollout/                     |               |
|    ep_len_mean               | 10.6          |
|    ep_rew_mean               | -0.348        |
| time/                        |               |
|    fps                       | 0             |
|    iterations                | 172           |
|    time_elapsed              | 67842         |
|    total_timesteps           | 22016         |
| train/                       |               |
|    approx_kl                 | 0.00014414173 |
|    clip_fraction             | 0             |
|    clip_range                | 0.2           |
|    entropy_loss              | -0.78         |
|    explained_variance        | -0.0726       |
|    learning_rate             | 0.0003        |
|    loss                      | 126           |
|    n_updates                 | 855           |
|    policy_gradient_loss      | -0.000317     |
|    value_loss                | 527           |
------------------------------------------------
[Progress] 14.68% | 22,024/150,000 steps | 0.3245 steps/s | ETA 109h 32m 24s
[Progress] 14.70% | 22,049/150,000 steps | 0.3246 steps/s | ETA 109h 30m 7s
[Progress] 14.72% | 22,074/150,000 steps | 0.3246 steps/s | ETA 109h 27m 56s
[Progress] 14.73% | 22,099/150,000 steps | 0.3247 steps/s | ETA 109h 25m 53s
[Progress] 14.75% | 22,124/150,000 steps | 0.3247 steps/s | ETA 109h 23m 58s
------------------------------------------
| progress/               |              |
|    percent              | 14.7         |
|    steps_per_second     | 0.325        |
| rollout/                |              |
|    ep_len_mean          | 10.7         |
|    ep_rew_mean          | -2.75        |
| time/                   |              |
|    fps                  | 0            |
|    iterations           | 173          |
|    time_elapsed         | 68198        |
|    total_timesteps      | 22144        |
| train/                  |              |
|    approx_kl            | 0.0006290218 |
|    clip_fraction        | 0            |
|    clip_range           | 0.2          |
|    entropy_loss         | -0.789       |
|    explained_variance   | 0.0798       |
|    learning_rate        | 0.0003       |
|    loss                 | 124          |
|    n_updates            | 860          |
|    policy_gradient_loss | -0.00234     |
|    value_loss           | 540          |
------------------------------------------
[Progress] 14.77% | 22,149/150,000 steps | 0.3247 steps/s | ETA 109h 22m 20s
[Progress] 14.78% | 22,174/150,000 steps | 0.3247 steps/s | ETA 109h 20m 17s
[Progress] 14.80% | 22,199/150,000 steps | 0.3248 steps/s | ETA 109h 18m 15s
[Progress] 14.82% | 22,224/150,000 steps | 0.3247 steps/s | ETA 109h 18m 4s
[Progress] 14.83% | 22,249/150,000 steps | 0.3248 steps/s | ETA 109h 16m 4s
------------------------------------------
| progress/               |              |
|    percent              | 14.8         |
|    steps_per_second     | 0.325        |
| rollout/                |              |
|    ep_len_mean          | 10.8         |
|    ep_rew_mean          | -6.36        |
| time/                   |              |
|    fps                  | 0            |
|    iterations           | 174          |
|    time_elapsed         | 68570        |
|    total_timesteps      | 22272        |
| train/                  |              |
|    approx_kl            | 0.0045088716 |
|    clip_fraction        | 0.00625      |
|    clip_range           | 0.2          |
|    entropy_loss         | -0.818       |
|    explained_variance   | 0.0358       |
|    learning_rate        | 0.0003       |
|    loss                 | 115          |
|    n_updates            | 865          |
|    policy_gradient_loss | -0.00658     |
|    value_loss           | 461          |
------------------------------------------
[Progress] 14.85% | 22,274/150,000 steps | 0.3248 steps/s | ETA 109h 13m 56s
[Progress] 14.87% | 22,299/150,000 steps | 0.3247 steps/s | ETA 109h 13m 50s
[Progress] 14.88% | 22,324/150,000 steps | 0.3248 steps/s | ETA 109h 11m 15s
[Progress] 14.90% | 22,349/150,000 steps | 0.3249 steps/s | ETA 109h 9m 1s
[Progress] 14.92% | 22,374/150,000 steps | 0.3249 steps/s | ETA 109h 7m 41s
[Progress] 14.93% | 22,399/150,000 steps | 0.3249 steps/s | ETA 109h 5m 52s
----------------------------------------
| progress/               |            |
|    percent              | 14.9       |
|    steps_per_second     | 0.325      |
| rollout/                |            |
|    ep_len_mean          | 11.2       |
|    ep_rew_mean          | -9.12      |
| time/                   |            |
|    fps                  | 0          |
|    iterations           | 175        |
|    time_elapsed         | 68946      |
|    total_timesteps      | 22400      |
| train/                  |            |
|    approx_kl            | 0.01075302 |
|    clip_fraction        | 0.0547     |
|    clip_range           | 0.2        |
|    entropy_loss         | -0.882     |
|    explained_variance   | 0.0523     |
|    learning_rate        | 0.0003     |
|    loss                 | 153        |
|    n_updates            | 870        |
|    policy_gradient_loss | -0.00725   |
|    value_loss           | 684        |
----------------------------------------
[Progress] 14.95% | 22,424/150,000 steps | 0.3249 steps/s | ETA 109h 3m 59s
[Progress] 14.97% | 22,449/150,000 steps | 0.3249 steps/s | ETA 109h 2m 26s
[Progress] 14.98% | 22,474/150,000 steps | 0.3249 steps/s | ETA 109h 0m 58s
[Progress] 15.00% | 22,499/150,000 steps | 0.3250 steps/s | ETA 108h 58m 43s
Step 22,500 | Mean reward: -9.457 | Resolution: 59.2% | Escalation: 5.4%
[Progress] 15.02% | 22,524/150,000 steps | 0.3250 steps/s | ETA 108h 56m 34s
-----------------------------------------------
| custom/                      |              |
|    dropout_rate              | 0.354        |
|    escalation_rate           | 0.0538       |
|    mean_episode_length_100ep | 11.5         |
|    mean_reward_100ep         | -9.46        |
|    resolution_rate           | 0.592        |
|    timeout_rate              | 0            |
| progress/                    |              |
|    percent                   | 15           |
|    steps_per_second          | 0.325        |
| rollout/                     |              |
|    ep_len_mean               | 11.5         |
|    ep_rew_mean               | -8.94        |
| time/                        |              |
|    fps                       | 0            |
|    iterations                | 176          |
|    time_elapsed              | 69307        |
|    total_timesteps           | 22528        |
| train/                       |              |
|    approx_kl                 | 0.0013519265 |
|    clip_fraction             | 0            |
|    clip_range                | 0.2          |
|    entropy_loss              | -0.917       |
|    explained_variance        | 0.057        |
|    learning_rate             | 0.0003       |
|    loss                      | 122          |
|    n_updates                 | 875          |
|    policy_gradient_loss      | -0.00159     |
|    value_loss                | 439          |
-----------------------------------------------
[Progress] 15.03% | 22,549/150,000 steps | 0.3251 steps/s | ETA 108h 54m 20s
[Progress] 15.05% | 22,574/150,000 steps | 0.3247 steps/s | ETA 109h 0m 7s
[Progress] 15.07% | 22,599/150,000 steps | 0.3248 steps/s | ETA 108h 57m 31s
[Progress] 15.08% | 22,624/150,000 steps | 0.3248 steps/s | ETA 108h 55m 10s
[Progress] 15.10% | 22,649/150,000 steps | 0.3249 steps/s | ETA 108h 53m 42s
-----------------------------------------
| progress/               |             |
|    percent              | 15.1        |
|    steps_per_second     | 0.325       |
| rollout/                |             |
|    ep_len_mean          | 12.1        |
|    ep_rew_mean          | -10.2       |
| time/                   |             |
|    fps                  | 0           |
|    iterations           | 177         |
|    time_elapsed         | 69739       |
|    total_timesteps      | 22656       |
| train/                  |             |
|    approx_kl            | 0.005080077 |
|    clip_fraction        | 0           |
|    clip_range           | 0.2         |
|    entropy_loss         | -0.906      |
|    explained_variance   | 0.0349      |
|    learning_rate        | 0.0003      |
|    loss                 | 208         |
|    n_updates            | 880         |
|    policy_gradient_loss | -0.00646    |
|    value_loss           | 708         |
-----------------------------------------
[Progress] 15.12% | 22,674/150,000 steps | 0.3249 steps/s | ETA 108h 51m 21s
[Progress] 15.13% | 22,699/150,000 steps | 0.3250 steps/s | ETA 108h 49m 14s
[Progress] 15.15% | 22,724/150,000 steps | 0.3250 steps/s | ETA 108h 46m 35s
[Progress] 15.17% | 22,749/150,000 steps | 0.3251 steps/s | ETA 108h 44m 38s
[Progress] 15.18% | 22,774/150,000 steps | 0.3251 steps/s | ETA 108h 42m 54s
-------------------------------------------
| progress/               |               |
|    percent              | 15.2          |
|    steps_per_second     | 0.325         |
| rollout/                |               |
|    ep_len_mean          | 12.5          |
|    ep_rew_mean          | -11.7         |
| time/                   |               |
|    fps                  | 0             |
|    iterations           | 178           |
|    time_elapsed         | 70085         |
|    total_timesteps      | 22784         |
| train/                  |               |
|    approx_kl            | 0.00033629406 |
|    clip_fraction        | 0             |
|    clip_range           | 0.2           |
|    entropy_loss         | -0.875        |
|    explained_variance   | -0.0201       |
|    learning_rate        | 0.0003        |
|    loss                 | 116           |
|    n_updates            | 885           |
|    policy_gradient_loss | 0.000952      |
|    value_loss           | 469           |
-------------------------------------------
[Progress] 15.20% | 22,799/150,000 steps | 0.3251 steps/s | ETA 108h 40m 43s
[Progress] 15.22% | 22,824/150,000 steps | 0.3251 steps/s | ETA 108h 38m 52s
[Progress] 15.23% | 22,849/150,000 steps | 0.3252 steps/s | ETA 108h 37m 18s
[Progress] 15.25% | 22,874/150,000 steps | 0.3252 steps/s | ETA 108h 35m 19s
[Progress] 15.27% | 22,899/150,000 steps | 0.3253 steps/s | ETA 108h 32m 54s
----------------------------------------
| progress/               |            |
|    percent              | 15.3       |
|    steps_per_second     | 0.325      |
| rollout/                |            |
|    ep_len_mean          | 12.9       |
|    ep_rew_mean          | -12        |
| time/                   |            |
|    fps                  | 0          |
|    iterations           | 179        |
|    time_elapsed         | 70434      |
|    total_timesteps      | 22912      |
| train/                  |            |
|    approx_kl            | 0.00857086 |
|    clip_fraction        | 0.0109     |
|    clip_range           | 0.2        |
|    entropy_loss         | -0.902     |
|    explained_variance   | -0.0395    |
|    learning_rate        | 0.0003     |
|    loss                 | 112        |
|    n_updates            | 890        |
|    policy_gradient_loss | -0.00503   |
|    value_loss           | 431        |
----------------------------------------
[Progress] 15.28% | 22,924/150,000 steps | 0.3253 steps/s | ETA 108h 30m 49s
[Progress] 15.30% | 22,949/150,000 steps | 0.3253 steps/s | ETA 108h 28m 34s
[Progress] 15.32% | 22,974/150,000 steps | 0.3254 steps/s | ETA 108h 26m 43s
[Progress] 15.33% | 22,999/150,000 steps | 0.3254 steps/s | ETA 108h 25m 5s
Step 23,000 | Mean reward: -12.090 | Resolution: 59.1% | Escalation: 5.3%
[Progress] 15.35% | 23,024/150,000 steps | 0.3254 steps/s | ETA 108h 22m 46s
-----------------------------------------------
| custom/                      |              |
|    dropout_rate              | 0.356        |
|    escalation_rate           | 0.0527       |
|    mean_episode_length_100ep | 12.8         |
|    mean_reward_100ep         | -12.1        |
|    resolution_rate           | 0.591        |
|    timeout_rate              | 0            |
| progress/                    |              |
|    percent                   | 15.3         |
|    steps_per_second          | 0.325        |
| rollout/                     |              |
|    ep_len_mean               | 12.8         |
|    ep_rew_mean               | -12.9        |
| time/                        |              |
|    fps                       | 0            |
|    iterations                | 180          |
|    time_elapsed              | 70794        |
|    total_timesteps           | 23040        |
| train/                       |              |
|    approx_kl                 | 0.0023487215 |
|    clip_fraction             | 0.00625      |
|    clip_range                | 0.2          |
|    entropy_loss              | -0.936       |
|    explained_variance        | -0.044       |
|    learning_rate             | 0.0003       |
|    loss                      | 204          |
|    n_updates                 | 895          |
|    policy_gradient_loss      | -0.00299     |
|    value_loss                | 707          |
-----------------------------------------------
[Progress] 15.37% | 23,049/150,000 steps | 0.3255 steps/s | ETA 108h 21m 12s
[Progress] 15.38% | 23,074/150,000 steps | 0.3255 steps/s | ETA 108h 19m 9s
[Progress] 15.40% | 23,099/150,000 steps | 0.3255 steps/s | ETA 108h 16m 56s
[Progress] 15.42% | 23,124/150,000 steps | 0.3255 steps/s | ETA 108h 15m 30s
[Progress] 15.43% | 23,149/150,000 steps | 0.3256 steps/s | ETA 108h 13m 37s
------------------------------------------
| progress/               |              |
|    percent              | 15.4         |
|    steps_per_second     | 0.326        |
| rollout/                |              |
|    ep_len_mean          | 12.9         |
|    ep_rew_mean          | -9.43        |
| time/                   |              |
|    fps                  | 0            |
|    iterations           | 181          |
|    time_elapsed         | 71149        |
|    total_timesteps      | 23168        |
| train/                  |              |
|    approx_kl            | 0.0005841213 |
|    clip_fraction        | 0            |
|    clip_range           | 0.2          |
|    entropy_loss         | -0.952       |
|    explained_variance   | -0.0098      |
|    learning_rate        | 0.0003       |
|    loss                 | 62.2         |
|    n_updates            | 900          |
|    policy_gradient_loss | 0.000202     |
|    value_loss           | 357          |
------------------------------------------
[Progress] 15.45% | 23,174/150,000 steps | 0.3256 steps/s | ETA 108h 11m 3s
[Progress] 15.47% | 23,199/150,000 steps | 0.3257 steps/s | ETA 108h 8m 39s
[Progress] 15.48% | 23,224/150,000 steps | 0.3257 steps/s | ETA 108h 7m 11s
[Progress] 15.50% | 23,249/150,000 steps | 0.3257 steps/s | ETA 108h 5m 27s
[Progress] 15.52% | 23,274/150,000 steps | 0.3258 steps/s | ETA 108h 3m 8s
------------------------------------------
| progress/               |              |
|    percent              | 15.5         |
|    steps_per_second     | 0.326        |
| rollout/                |              |
|    ep_len_mean          | 12.9         |
|    ep_rew_mean          | -5.65        |
| time/                   |              |
|    fps                  | 0            |
|    iterations           | 182          |
|    time_elapsed         | 71499        |
|    total_timesteps      | 23296        |
| train/                  |              |
|    approx_kl            | 0.0028057275 |
|    clip_fraction        | 0            |
|    clip_range           | 0.2          |
|    entropy_loss         | -0.969       |
|    explained_variance   | 0.0235       |
|    learning_rate        | 0.0003       |
|    loss                 | 148          |
|    n_updates            | 905          |
|    policy_gradient_loss | 0.00283      |
|    value_loss           | 596          |
------------------------------------------
[Progress] 15.53% | 23,299/150,000 steps | 0.3258 steps/s | ETA 108h 1m 37s
[Progress] 15.55% | 23,324/150,000 steps | 0.3258 steps/s | ETA 107h 59m 33s
[Progress] 15.57% | 23,349/150,000 steps | 0.3259 steps/s | ETA 107h 57m 30s
[Progress] 15.58% | 23,374/150,000 steps | 0.3259 steps/s | ETA 107h 55m 30s
[Progress] 15.60% | 23,399/150,000 steps | 0.3259 steps/s | ETA 107h 53m 29s
[Progress] 15.62% | 23,424/150,000 steps | 0.3260 steps/s | ETA 107h 51m 56s
------------------------------------------
| progress/               |              |
|    percent              | 15.6         |
|    steps_per_second     | 0.326        |
| rollout/                |              |
|    ep_len_mean          | 12.7         |
|    ep_rew_mean          | -4.68        |
| time/                   |              |
|    fps                  | 0            |
|    iterations           | 183          |
|    time_elapsed         | 71861        |
|    total_timesteps      | 23424        |
| train/                  |              |
|    approx_kl            | 0.0012450814 |
|    clip_fraction        | 0            |
|    clip_range           | 0.2          |
|    entropy_loss         | -0.968       |
|    explained_variance   | 0.0153       |
|    learning_rate        | 0.0003       |
|    loss                 | 157          |
|    n_updates            | 910          |
|    policy_gradient_loss | -0.0027      |
|    value_loss           | 575          |
------------------------------------------
[Progress] 15.63% | 23,449/150,000 steps | 0.3260 steps/s | ETA 107h 49m 38s
[Progress] 15.65% | 23,474/150,000 steps | 0.3261 steps/s | ETA 107h 47m 11s
[Progress] 15.67% | 23,499/150,000 steps | 0.3261 steps/s | ETA 107h 46m 3s
Step 23,500 | Mean reward: -2.729 | Resolution: 59.2% | Escalation: 5.1%
[Progress] 15.68% | 23,524/150,000 steps | 0.3260 steps/s | ETA 107h 45m 41s
[Progress] 15.70% | 23,549/150,000 steps | 0.3261 steps/s | ETA 107h 43m 19s
----------------------------------------------
| custom/                      |             |
|    dropout_rate              | 0.356       |
|    escalation_rate           | 0.0514      |
|    mean_episode_length_100ep | 12.9        |
|    mean_reward_100ep         | -2.73       |
|    resolution_rate           | 0.592       |
|    timeout_rate              | 0           |
| progress/                    |             |
|    percent                   | 15.7        |
|    steps_per_second          | 0.326       |
| rollout/                     |             |
|    ep_len_mean               | 12.8        |
|    ep_rew_mean               | -2.14       |
| time/                        |             |
|    fps                       | 0           |
|    iterations                | 184         |
|    time_elapsed              | 72228       |
|    total_timesteps           | 23552       |
| train/                       |             |
|    approx_kl                 | 0.003634484 |
|    clip_fraction             | 0           |
|    clip_range                | 0.2         |
|    entropy_loss              | -0.957      |
|    explained_variance        | 0.00458     |
|    learning_rate             | 0.0003      |
|    loss                      | 81.3        |
|    n_updates                 | 915         |
|    policy_gradient_loss      | -0.004      |
|    value_loss                | 429         |
----------------------------------------------
[Progress] 15.72% | 23,574/150,000 steps | 0.3261 steps/s | ETA 107h 41m 39s
[Progress] 15.73% | 23,599/150,000 steps | 0.3261 steps/s | ETA 107h 39m 32s
[Progress] 15.75% | 23,624/150,000 steps | 0.3262 steps/s | ETA 107h 37m 34s
[Progress] 15.77% | 23,649/150,000 steps | 0.3262 steps/s | ETA 107h 35m 1s
[Progress] 15.78% | 23,674/150,000 steps | 0.3263 steps/s | ETA 107h 32m 37s
-----------------------------------------
| progress/               |             |
|    percent              | 15.8        |
|    steps_per_second     | 0.326       |
| rollout/                |             |
|    ep_len_mean          | 12.7        |
|    ep_rew_mean          | -0.438      |
| time/                   |             |
|    fps                  | 0           |
|    iterations           | 185         |
|    time_elapsed         | 72569       |
|    total_timesteps      | 23680       |
| train/                  |             |
|    approx_kl            | 0.005204984 |
|    clip_fraction        | 0           |
|    clip_range           | 0.2         |
|    entropy_loss         | -0.935      |
|    explained_variance   | 0.0097      |
|    learning_rate        | 0.0003      |
|    loss                 | 138         |
|    n_updates            | 920         |
|    policy_gradient_loss | -0.00112    |
|    value_loss           | 494         |
-----------------------------------------
[Progress] 15.80% | 23,699/150,000 steps | 0.3263 steps/s | ETA 107h 30m 28s
[Progress] 15.82% | 23,724/150,000 steps | 0.3264 steps/s | ETA 107h 28m 12s
[Progress] 15.83% | 23,749/150,000 steps | 0.3264 steps/s | ETA 107h 26m 27s
[Progress] 15.85% | 23,774/150,000 steps | 0.3265 steps/s | ETA 107h 24m 15s
[Progress] 15.87% | 23,799/150,000 steps | 0.3265 steps/s | ETA 107h 22m 45s
------------------------------------------
| progress/               |              |
|    percent              | 15.9         |
|    steps_per_second     | 0.326        |
| rollout/                |              |
|    ep_len_mean          | 12.2         |
|    ep_rew_mean          | 2.82         |
| time/                   |              |
|    fps                  | 0            |
|    iterations           | 186          |
|    time_elapsed         | 72921        |
|    total_timesteps      | 23808        |
| train/                  |              |
|    approx_kl            | 0.0022418601 |
|    clip_fraction        | 0            |
|    clip_range           | 0.2          |
|    entropy_loss         | -0.921       |
|    explained_variance   | 0.0121       |
|    learning_rate        | 0.0003       |
|    loss                 | 104          |
|    n_updates            | 925          |
|    policy_gradient_loss | -0.00181     |
|    value_loss           | 476          |
------------------------------------------
[Progress] 15.88% | 23,824/150,000 steps | 0.3265 steps/s | ETA 107h 20m 13s
[Progress] 15.90% | 23,849/150,000 steps | 0.3266 steps/s | ETA 107h 17m 50s
[Progress] 15.92% | 23,874/150,000 steps | 0.3266 steps/s | ETA 107h 16m 10s
[Progress] 15.93% | 23,899/150,000 steps | 0.3266 steps/s | ETA 107h 14m 29s
[Progress] 15.95% | 23,924/150,000 steps | 0.3267 steps/s | ETA 107h 11m 48s
------------------------------------------
| progress/               |              |
|    percent              | 15.9         |
|    steps_per_second     | 0.327        |
| rollout/                |              |
|    ep_len_mean          | 12.2         |
|    ep_rew_mean          | 3.64         |
| time/                   |              |
|    fps                  | 0            |
|    iterations           | 187          |
|    time_elapsed         | 73260        |
|    total_timesteps      | 23936        |
| train/                  |              |
|    approx_kl            | 0.0044676797 |
|    clip_fraction        | 0            |
|    clip_range           | 0.2          |
|    entropy_loss         | -0.937       |
|    explained_variance   | -0.0605      |
|    learning_rate        | 0.0003       |
|    loss                 | 79.1         |
|    n_updates            | 930          |
|    policy_gradient_loss | -0.00573     |
|    value_loss           | 415          |
------------------------------------------
[Progress] 15.97% | 23,949/150,000 steps | 0.3268 steps/s | ETA 107h 9m 24s
[Progress] 15.98% | 23,974/150,000 steps | 0.3268 steps/s | ETA 107h 7m 24s
[Progress] 16.00% | 23,999/150,000 steps | 0.3269 steps/s | ETA 107h 4m 52s
Step 24,000 | Mean reward: 4.043 | Resolution: 59.6% | Escalation: 5.0%
[Progress] 16.02% | 24,024/150,000 steps | 0.3268 steps/s | ETA 107h 3m 59s
[Progress] 16.03% | 24,049/150,000 steps | 0.3269 steps/s | ETA 107h 2m 26s
----------------------------------------------
| custom/                      |             |
|    dropout_rate              | 0.354       |
|    escalation_rate           | 0.0502      |
|    mean_episode_length_100ep | 12.1        |
|    mean_reward_100ep         | 4.04        |
|    resolution_rate           | 0.596       |
|    timeout_rate              | 0           |
| progress/                    |             |
|    percent                   | 16          |
|    steps_per_second          | 0.327       |
| rollout/                     |             |
|    ep_len_mean               | 11.7        |
|    ep_rew_mean               | 5.23        |
| time/                        |             |
|    fps                       | 0           |
|    iterations                | 188         |
|    time_elapsed              | 73616       |
|    total_timesteps           | 24064       |
| train/                       |             |
|    approx_kl                 | 0.009185635 |
|    clip_fraction             | 0.00313     |
|    clip_range                | 0.2         |
|    entropy_loss              | -0.933      |
|    explained_variance        | 0.0187      |
|    learning_rate             | 0.0003      |
|    loss                      | 136         |
|    n_updates                 | 935         |
|    policy_gradient_loss      | -0.00604    |
|    value_loss                | 436         |
----------------------------------------------
[Progress] 16.05% | 24,074/150,000 steps | 0.3269 steps/s | ETA 107h 0m 27s
[Progress] 16.07% | 24,099/150,000 steps | 0.3269 steps/s | ETA 106h 58m 33s
[Progress] 16.08% | 24,124/150,000 steps | 0.3269 steps/s | ETA 106h 56m 55s
[Progress] 16.10% | 24,149/150,000 steps | 0.3270 steps/s | ETA 106h 54m 41s
[Progress] 16.12% | 24,174/150,000 steps | 0.3270 steps/s | ETA 106h 52m 24s
------------------------------------------
| progress/               |              |
|    percent              | 16.1         |
|    steps_per_second     | 0.327        |
| rollout/                |              |
|    ep_len_mean          | 11.6         |
|    ep_rew_mean          | 6.73         |
| time/                   |              |
|    fps                  | 0            |
|    iterations           | 189          |
|    time_elapsed         | 73964        |
|    total_timesteps      | 24192        |
| train/                  |              |
|    approx_kl            | 0.0001364029 |
|    clip_fraction        | 0            |
|    clip_range           | 0.2          |
|    entropy_loss         | -0.941       |
|    explained_variance   | 0.048        |
|    learning_rate        | 0.0003       |
|    loss                 | 101          |
|    n_updates            | 940          |
|    policy_gradient_loss | 0.000973     |
|    value_loss           | 504          |
------------------------------------------
[Progress] 16.13% | 24,199/150,000 steps | 0.3271 steps/s | ETA 106h 50m 16s
[Progress] 16.15% | 24,224/150,000 steps | 0.3271 steps/s | ETA 106h 49m 1s
[Progress] 16.17% | 24,249/150,000 steps | 0.3271 steps/s | ETA 106h 46m 51s
[Progress] 16.18% | 24,274/150,000 steps | 0.3272 steps/s | ETA 106h 44m 31s
[Progress] 16.20% | 24,299/150,000 steps | 0.3272 steps/s | ETA 106h 42m 20s
-----------------------------------------
| progress/               |             |
|    percent              | 16.2        |
|    steps_per_second     | 0.327       |
| rollout/                |             |
|    ep_len_mean          | 11.3        |
|    ep_rew_mean          | 6.54        |
| time/                   |             |
|    fps                  | 0           |
|    iterations           | 190         |
|    time_elapsed         | 74308       |
|    total_timesteps      | 24320       |
| train/                  |             |
|    approx_kl            | 0.016770765 |
|    clip_fraction        | 0.0969      |
|    clip_range           | 0.2         |
|    entropy_loss         | -0.937      |
|    explained_variance   | 0.0434      |
|    learning_rate        | 0.0003      |
|    loss                 | 113         |
|    n_updates            | 945         |
|    policy_gradient_loss | -0.012      |
|    value_loss           | 423         |
-----------------------------------------
[Progress] 16.22% | 24,324/150,000 steps | 0.3273 steps/s | ETA 106h 39m 50s
[Progress] 16.23% | 24,349/150,000 steps | 0.3273 steps/s | ETA 106h 37m 46s
[Progress] 16.25% | 24,374/150,000 steps | 0.3273 steps/s | ETA 106h 36m 23s
[Progress] 16.27% | 24,399/150,000 steps | 0.3274 steps/s | ETA 106h 34m 8s
[Progress] 16.28% | 24,424/150,000 steps | 0.3274 steps/s | ETA 106h 32m 1s
-----------------------------------------
| progress/               |             |
|    percent              | 16.3        |
|    steps_per_second     | 0.327       |
| rollout/                |             |
|    ep_len_mean          | 11.5        |
|    ep_rew_mean          | 4.27        |
| time/                   |             |
|    fps                  | 0           |
|    iterations           | 191         |
|    time_elapsed         | 74660       |
|    total_timesteps      | 24448       |
| train/                  |             |
|    approx_kl            | 0.018810764 |
|    clip_fraction        | 0.0859      |
|    clip_range           | 0.2         |
|    entropy_loss         | -0.952      |
|    explained_variance   | 0.0438      |
|    learning_rate        | 0.0003      |
|    loss                 | 144         |
|    n_updates            | 950         |
|    policy_gradient_loss | -0.0169     |
|    value_loss           | 520         |
-----------------------------------------
[Progress] 16.30% | 24,449/150,000 steps | 0.3275 steps/s | ETA 106h 30m 15s
[Progress] 16.32% | 24,474/150,000 steps | 0.3275 steps/s | ETA 106h 28m 11s
[Progress] 16.33% | 24,499/150,000 steps | 0.3275 steps/s | ETA 106h 26m 26s
Step 24,500 | Mean reward: 4.539 | Resolution: 59.6% | Escalation: 4.9%
[Progress] 16.35% | 24,524/150,000 steps | 0.3276 steps/s | ETA 106h 24m 12s
[Progress] 16.37% | 24,549/150,000 steps | 0.3276 steps/s | ETA 106h 22m 20s
[Progress] 16.38% | 24,574/150,000 steps | 0.3276 steps/s | ETA 106h 20m 37s
----------------------------------------------
| custom/                      |             |
|    dropout_rate              | 0.354       |
|    escalation_rate           | 0.0491      |
|    mean_episode_length_100ep | 11.7        |
|    mean_reward_100ep         | 4.54        |
|    resolution_rate           | 0.596       |
|    timeout_rate              | 0           |
| progress/                    |             |
|    percent                   | 16.4        |
|    steps_per_second          | 0.328       |
| rollout/                     |             |
|    ep_len_mean               | 11.7        |
|    ep_rew_mean               | 4.51        |
| time/                        |             |
|    fps                       | 0           |
|    iterations                | 192         |
|    time_elapsed              | 75012       |
|    total_timesteps           | 24576       |
| train/                       |             |
|    approx_kl                 | 0.002486806 |
|    clip_fraction             | 0           |
|    clip_range                | 0.2         |
|    entropy_loss              | -0.965      |
|    explained_variance        | 0.0422      |
|    learning_rate             | 0.0003      |
|    loss                      | 192         |
|    n_updates                 | 955         |
|    policy_gradient_loss      | -0.00376    |
|    value_loss                | 670         |
----------------------------------------------
[Progress] 16.40% | 24,599/150,000 steps | 0.3277 steps/s | ETA 106h 18m 19s
[Progress] 16.42% | 24,624/150,000 steps | 0.3277 steps/s | ETA 106h 17m 6s
[Progress] 16.43% | 24,649/150,000 steps | 0.3277 steps/s | ETA 106h 14m 58s
[Progress] 16.45% | 24,674/150,000 steps | 0.3277 steps/s | ETA 106h 13m 18s
[Progress] 16.47% | 24,699/150,000 steps | 0.3278 steps/s | ETA 106h 10m 56s
-----------------------------------------
| progress/               |             |
|    percent              | 16.5        |
|    steps_per_second     | 0.328       |
| rollout/                |             |
|    ep_len_mean          | 11.5        |
|    ep_rew_mean          | 4.31        |
| time/                   |             |
|    fps                  | 0           |
|    iterations           | 193         |
|    time_elapsed         | 75361       |
|    total_timesteps      | 24704       |
| train/                  |             |
|    approx_kl            | 6.42566e-05 |
|    clip_fraction        | 0           |
|    clip_range           | 0.2         |
|    entropy_loss         | -0.978      |
|    explained_variance   | 0.076       |
|    learning_rate        | 0.0003      |
|    loss                 | 135         |
|    n_updates            | 960         |
|    policy_gradient_loss | 0.000562    |
|    value_loss           | 546         |
-----------------------------------------
[Progress] 16.48% | 24,724/150,000 steps | 0.3278 steps/s | ETA 106h 9m 5s
[Progress] 16.50% | 24,749/150,000 steps | 0.3278 steps/s | ETA 106h 8m 59s
[Progress] 16.52% | 24,774/150,000 steps | 0.3278 steps/s | ETA 106h 7m 12s
[Progress] 16.53% | 24,799/150,000 steps | 0.3278 steps/s | ETA 106h 5m 0s
[Progress] 16.55% | 24,824/150,000 steps | 0.3279 steps/s | ETA 106h 2m 55s
------------------------------------------
| progress/               |              |
|    percent              | 16.5         |
|    steps_per_second     | 0.328        |
| rollout/                |              |
|    ep_len_mean          | 11.6         |
|    ep_rew_mean          | 4.53         |
| time/                   |              |
|    fps                  | 0            |
|    iterations           | 194          |
|    time_elapsed         | 75732        |
|    total_timesteps      | 24832        |
| train/                  |              |
|    approx_kl            | 0.0014954712 |
|    clip_fraction        | 0            |
|    clip_range           | 0.2          |
|    entropy_loss         | -0.972       |
|    explained_variance   | -0.0381      |
|    learning_rate        | 0.0003       |
|    loss                 | 123          |
|    n_updates            | 965          |
|    policy_gradient_loss | -0.00207     |
|    value_loss           | 450          |
------------------------------------------
[Progress] 16.57% | 24,849/150,000 steps | 0.3279 steps/s | ETA 106h 1m 20s
[Progress] 16.58% | 24,874/150,000 steps | 0.3279 steps/s | ETA 105h 59m 47s
[Progress] 16.60% | 24,899/150,000 steps | 0.3279 steps/s | ETA 105h 57m 54s
[Progress] 16.62% | 24,924/150,000 steps | 0.3280 steps/s | ETA 105h 55m 40s
[Progress] 16.63% | 24,949/150,000 steps | 0.3280 steps/s | ETA 105h 54m 1s
------------------------------------------
| progress/               |              |
|    percent              | 16.6         |
|    steps_per_second     | 0.328        |
| rollout/                |              |
|    ep_len_mean          | 11.6         |
|    ep_rew_mean          | 1.89         |
| time/                   |              |
|    fps                  | 0            |
|    iterations           | 195          |
|    time_elapsed         | 76094        |
|    total_timesteps      | 24960        |
| train/                  |              |
|    approx_kl            | 0.0066175503 |
|    clip_fraction        | 0.0141       |
|    clip_range           | 0.2          |
|    entropy_loss         | -0.935       |
|    explained_variance   | 0.0402       |
|    learning_rate        | 0.0003       |
|    loss                 | 118          |
|    n_updates            | 970          |
|    policy_gradient_loss | -0.00559     |
|    value_loss           | 424          |
------------------------------------------
[Progress] 16.65% | 24,974/150,000 steps | 0.3280 steps/s | ETA 105h 52m 15s
[Progress] 16.67% | 24,999/150,000 steps | 0.3281 steps/s | ETA 105h 50m 36s
Step 25,000 | Mean reward: 1.494 | Resolution: 59.6% | Escalation: 4.9%
[Progress] 16.68% | 25,024/150,000 steps | 0.3253 steps/s | ETA 106h 42m 26s
[Progress] 16.70% | 25,049/150,000 steps | 0.3254 steps/s | ETA 106h 40m 15s
[Progress] 16.72% | 25,074/150,000 steps | 0.3254 steps/s | ETA 106h 38m 9s
-----------------------------------------------
| custom/                      |              |
|    dropout_rate              | 0.355        |
|    escalation_rate           | 0.0485       |
|    mean_episode_length_100ep | 11.8         |
|    mean_reward_100ep         | 1.49         |
|    resolution_rate           | 0.596        |
|    timeout_rate              | 0            |
| eval/                        |              |
|    escalation_rate           | 0            |
|    mean_reward               | -44          |
|    resolution_rate           | 0.05         |
| progress/                    |              |
|    percent                   | 16.7         |
|    steps_per_second          | 0.325        |
| rollout/                     |              |
|    ep_len_mean               | 12.2         |
|    ep_rew_mean               | 2.12         |
| time/                        |              |
|    fps                       | 0            |
|    iterations                | 196          |
|    time_elapsed              | 77087        |
|    total_timesteps           | 25088        |
| train/                       |              |
|    approx_kl                 | 0.0017285636 |
|    clip_fraction             | 0            |
|    clip_range                | 0.2          |
|    entropy_loss              | -0.891       |
|    explained_variance        | 0.0412       |
|    learning_rate             | 0.0003       |
|    loss                      | 121          |
|    n_updates                 | 975          |
|    policy_gradient_loss      | -0.00104     |
|    value_loss                | 489          |
-----------------------------------------------
[Progress] 16.73% | 25,099/150,000 steps | 0.3255 steps/s | ETA 106h 36m 16s
[Progress] 16.75% | 25,124/150,000 steps | 0.3255 steps/s | ETA 106h 34m 9s
[Progress] 16.77% | 25,149/150,000 steps | 0.3255 steps/s | ETA 106h 32m 42s
[Progress] 16.78% | 25,174/150,000 steps | 0.3255 steps/s | ETA 106h 30m 34s
[Progress] 16.80% | 25,199/150,000 steps | 0.3256 steps/s | ETA 106h 28m 38s
------------------------------------------
| progress/               |              |
|    percent              | 16.8         |
|    steps_per_second     | 0.326        |
| rollout/                |              |
|    ep_len_mean          | 12.4         |
|    ep_rew_mean          | -0.445       |
| time/                   |              |
|    fps                  | 0            |
|    iterations           | 197          |
|    time_elapsed         | 77442        |
|    total_timesteps      | 25216        |
| train/                  |              |
|    approx_kl            | 0.0027837493 |
|    clip_fraction        | 0            |
|    clip_range           | 0.2          |
|    entropy_loss         | -0.915       |
|    explained_variance   | 0.00749      |
|    learning_rate        | 0.0003       |
|    loss                 | 92.6         |
|    n_updates            | 980          |
|    policy_gradient_loss | 0.00051      |
|    value_loss           | 362          |
------------------------------------------
[Progress] 16.82% | 25,224/150,000 steps | 0.3256 steps/s | ETA 106h 26m 15s
[Progress] 16.83% | 25,249/150,000 steps | 0.3257 steps/s | ETA 106h 24m 27s
[Progress] 16.85% | 25,274/150,000 steps | 0.3257 steps/s | ETA 106h 21m 50s
[Progress] 16.87% | 25,299/150,000 steps | 0.3257 steps/s | ETA 106h 20m 17s
[Progress] 16.88% | 25,324/150,000 steps | 0.3256 steps/s | ETA 106h 21m 45s
------------------------------------------
| progress/               |              |
|    percent              | 16.9         |
|    steps_per_second     | 0.326        |
| rollout/                |              |
|    ep_len_mean          | 12.6         |
|    ep_rew_mean          | -1.46        |
| time/                   |              |
|    fps                  | 0            |
|    iterations           | 198          |
|    time_elapsed         | 77832        |
|    total_timesteps      | 25344        |
| train/                  |              |
|    approx_kl            | 0.0007500835 |
|    clip_fraction        | 0            |
|    clip_range           | 0.2          |
|    entropy_loss         | -0.94        |
|    explained_variance   | 0.158        |
|    learning_rate        | 0.0003       |
|    loss                 | 168          |
|    n_updates            | 985          |
|    policy_gradient_loss | -0.00248     |
|    value_loss           | 758          |
------------------------------------------
[Progress] 16.90% | 25,349/150,000 steps | 0.3256 steps/s | ETA 106h 20m 1s
[Progress] 16.92% | 25,374/150,000 steps | 0.3257 steps/s | ETA 106h 17m 44s
[Progress] 16.93% | 25,399/150,000 steps | 0.3257 steps/s | ETA 106h 16m 15s
[Progress] 16.95% | 25,424/150,000 steps | 0.3258 steps/s | ETA 106h 13m 46s
[Progress] 16.97% | 25,449/150,000 steps | 0.3258 steps/s | ETA 106h 11m 35s
-------------------------------------------
| progress/               |               |
|    percent              | 17            |
|    steps_per_second     | 0.326         |
| rollout/                |               |
|    ep_len_mean          | 12.8          |
|    ep_rew_mean          | -1.84         |
| time/                   |               |
|    fps                  | 0             |
|    iterations           | 199           |
|    time_elapsed         | 78172         |
|    total_timesteps      | 25472         |
| train/                  |               |
|    approx_kl            | 0.00087527465 |
|    clip_fraction        | 0             |
|    clip_range           | 0.2           |
|    entropy_loss         | -0.964        |
|    explained_variance   | 0.00214       |
|    learning_rate        | 0.0003        |
|    loss                 | 98.9          |
|    n_updates            | 990           |
|    policy_gradient_loss | -0.0012       |
|    value_loss           | 451           |
-------------------------------------------
[Progress] 16.98% | 25,474/150,000 steps | 0.3258 steps/s | ETA 106h 9m 18s
[Progress] 17.00% | 25,499/150,000 steps | 0.3259 steps/s | ETA 106h 7m 29s
Step 25,500 | Mean reward: -0.438 | Resolution: 59.6% | Escalation: 4.8%
[Progress] 17.02% | 25,524/150,000 steps | 0.3259 steps/s | ETA 106h 4m 54s
[Progress] 17.03% | 25,549/150,000 steps | 0.3260 steps/s | ETA 106h 2m 58s
[Progress] 17.05% | 25,574/150,000 steps | 0.3260 steps/s | ETA 106h 1m 26s
[Progress] 17.07% | 25,599/150,000 steps | 0.3260 steps/s | ETA 105h 59m 39s
----------------------------------------------
| custom/                      |             |
|    dropout_rate              | 0.356       |
|    escalation_rate           | 0.0481      |
|    mean_episode_length_100ep | 12.7        |
|    mean_reward_100ep         | -0.438      |
|    resolution_rate           | 0.596       |
|    timeout_rate              | 0           |
| progress/                    |             |
|    percent                   | 17.1        |
|    steps_per_second          | 0.326       |
| rollout/                     |             |
|    ep_len_mean               | 12.8        |
|    ep_rew_mean               | -1.38       |
| time/                        |             |
|    fps                       | 0           |
|    iterations                | 200         |
|    time_elapsed              | 78523       |
|    total_timesteps           | 25600       |
| train/                       |             |
|    approx_kl                 | 0.007033014 |
|    clip_fraction             | 0           |
|    clip_range                | 0.2         |
|    entropy_loss              | -0.969      |
|    explained_variance        | 0.00576     |
|    learning_rate             | 0.0003      |
|    loss                      | 93          |
|    n_updates                 | 995         |
|    policy_gradient_loss      | -0.00688    |
|    value_loss                | 390         |
----------------------------------------------
[Progress] 17.08% | 25,624/150,000 steps | 0.3261 steps/s | ETA 105h 57m 12s
[Progress] 17.10% | 25,649/150,000 steps | 0.3261 steps/s | ETA 105h 54m 48s
[Progress] 17.12% | 25,674/150,000 steps | 0.3262 steps/s | ETA 105h 52m 59s
[Progress] 17.13% | 25,699/150,000 steps | 0.3262 steps/s | ETA 105h 51m 43s
[Progress] 17.15% | 25,724/150,000 steps | 0.3262 steps/s | ETA 105h 49m 55s
------------------------------------------
| progress/               |              |
|    percent              | 17.1         |
|    steps_per_second     | 0.326        |
| rollout/                |              |
|    ep_len_mean          | 13           |
|    ep_rew_mean          | -0.327       |
| time/                   |              |
|    fps                  | 0            |
|    iterations           | 201          |
|    time_elapsed         | 78876        |
|    total_timesteps      | 25728        |
| train/                  |              |
|    approx_kl            | 0.0008280743 |
|    clip_fraction        | 0            |
|    clip_range           | 0.2          |
|    entropy_loss         | -0.989       |
|    explained_variance   | -0.0243      |
|    learning_rate        | 0.0003       |
|    loss                 | 110          |
|    n_updates            | 1000         |
|    policy_gradient_loss | -0.000115    |
|    value_loss           | 484          |
------------------------------------------
[Progress] 17.17% | 25,749/150,000 steps | 0.3262 steps/s | ETA 105h 47m 56s
[Progress] 17.18% | 25,774/150,000 steps | 0.3263 steps/s | ETA 105h 45m 29s
[Progress] 17.20% | 25,799/150,000 steps | 0.3263 steps/s | ETA 105h 44m 12s
[Progress] 17.22% | 25,824/150,000 steps | 0.3263 steps/s | ETA 105h 42m 1s
[Progress] 17.23% | 25,849/150,000 steps | 0.3264 steps/s | ETA 105h 39m 42s
-----------------------------------------
| progress/               |             |
|    percent              | 17.2        |
|    steps_per_second     | 0.326       |
| rollout/                |             |
|    ep_len_mean          | 13          |
|    ep_rew_mean          | -0.17       |
| time/                   |             |
|    fps                  | 0           |
|    iterations           | 202         |
|    time_elapsed         | 79215       |
|    total_timesteps      | 25856       |
| train/                  |             |
|    approx_kl            | 0.013382559 |
|    clip_fraction        | 0.0422      |
|    clip_range           | 0.2         |
|    entropy_loss         | -0.998      |
|    explained_variance   | -0.0513     |
|    learning_rate        | 0.0003      |
|    loss                 | 69.2        |
|    n_updates            | 1005        |
|    policy_gradient_loss | -0.0113     |
|    value_loss           | 317         |
-----------------------------------------
[Progress] 17.25% | 25,874/150,000 steps | 0.3264 steps/s | ETA 105h 37m 23s
[Progress] 17.27% | 25,899/150,000 steps | 0.3264 steps/s | ETA 105h 36m 9s
[Progress] 17.28% | 25,924/150,000 steps | 0.3265 steps/s | ETA 105h 34m 22s
[Progress] 17.30% | 25,949/150,000 steps | 0.3265 steps/s | ETA 105h 32m 15s
[Progress] 17.32% | 25,974/150,000 steps | 0.3266 steps/s | ETA 105h 29m 55s
------------------------------------------
| progress/               |              |
|    percent              | 17.3         |
|    steps_per_second     | 0.327        |
| rollout/                |              |
|    ep_len_mean          | 13           |
|    ep_rew_mean          | -0.553       |
| time/                   |              |
|    fps                  | 0            |
|    iterations           | 203          |
|    time_elapsed         | 79562        |
|    total_timesteps      | 25984        |
| train/                  |              |
|    approx_kl            | 0.0049709533 |
|    clip_fraction        | 0            |
|    clip_range           | 0.2          |
|    entropy_loss         | -0.979       |
|    explained_variance   | 0.0535       |
|    learning_rate        | 0.0003       |
|    loss                 | 166          |
|    n_updates            | 1010         |
|    policy_gradient_loss | 0.000326     |
|    value_loss           | 581          |
------------------------------------------
[Progress] 17.33% | 25,999/150,000 steps | 0.3266 steps/s | ETA 105h 27m 26s
Step 26,000 | Mean reward: -0.153 | Resolution: 59.7% | Escalation: 4.7%
[Progress] 17.35% | 26,024/150,000 steps | 0.3267 steps/s | ETA 105h 25m 32s
[Progress] 17.37% | 26,049/150,000 steps | 0.3267 steps/s | ETA 105h 23m 42s
[Progress] 17.38% | 26,074/150,000 steps | 0.3267 steps/s | ETA 105h 21m 42s
[Progress] 17.40% | 26,099/150,000 steps | 0.3266 steps/s | ETA 105h 23m 41s
-----------------------------------------------
| custom/                      |              |
|    dropout_rate              | 0.356        |
|    escalation_rate           | 0.0472       |
|    mean_episode_length_100ep | 13.1         |
|    mean_reward_100ep         | -0.153       |
|    resolution_rate           | 0.597        |
|    timeout_rate              | 0            |
| progress/                    |              |
|    percent                   | 17.4         |
|    steps_per_second          | 0.327        |
| rollout/                     |              |
|    ep_len_mean               | 13.3         |
|    ep_rew_mean               | -2.49        |
| time/                        |              |
|    fps                       | 0            |
|    iterations                | 204          |
|    time_elapsed              | 79987        |
|    total_timesteps           | 26112        |
| train/                       |              |
|    approx_kl                 | 0.0017987438 |
|    clip_fraction             | 0            |
|    clip_range                | 0.2          |
|    entropy_loss              | -0.96        |
|    explained_variance        | 0.0154       |
|    learning_rate             | 0.0003       |
|    loss                      | 101          |
|    n_updates                 | 1015         |
|    policy_gradient_loss      | -0.00364     |
|    value_loss                | 419          |
-----------------------------------------------
[Progress] 17.42% | 26,124/150,000 steps | 0.3265 steps/s | ETA 105h 24m 10s
[Progress] 17.43% | 26,149/150,000 steps | 0.3265 steps/s | ETA 105h 22m 5s
[Progress] 17.45% | 26,174/150,000 steps | 0.3265 steps/s | ETA 105h 20m 27s
[Progress] 17.47% | 26,199/150,000 steps | 0.3265 steps/s | ETA 105h 18m 59s
[Progress] 17.48% | 26,224/150,000 steps | 0.3266 steps/s | ETA 105h 17m 0s
-----------------------------------------
| progress/               |             |
|    percent              | 17.5        |
|    steps_per_second     | 0.327       |
| rollout/                |             |
|    ep_len_mean          | 12.9        |
|    ep_rew_mean          | -0.296      |
| time/                   |             |
|    fps                  | 0           |
|    iterations           | 205         |
|    time_elapsed         | 80342       |
|    total_timesteps      | 26240       |
| train/                  |             |
|    approx_kl            | 0.012849474 |
|    clip_fraction        | 0.0469      |
|    clip_range           | 0.2         |
|    entropy_loss         | -0.956      |
|    explained_variance   | 0.0479      |
|    learning_rate        | 0.0003      |
|    loss                 | 217         |
|    n_updates            | 1020        |
|    policy_gradient_loss | -0.0125     |
|    value_loss           | 684         |
-----------------------------------------
[Progress] 17.50% | 26,249/150,000 steps | 0.3266 steps/s | ETA 105h 14m 36s
[Progress] 17.52% | 26,274/150,000 steps | 0.3267 steps/s | ETA 105h 12m 26s
[Progress] 17.53% | 26,299/150,000 steps | 0.3267 steps/s | ETA 105h 10m 10s
[Progress] 17.55% | 26,324/150,000 steps | 0.3268 steps/s | ETA 105h 7m 55s
[Progress] 17.57% | 26,349/150,000 steps | 0.3268 steps/s | ETA 105h 6m 19s
------------------------------------------
| progress/               |              |
|    percent              | 17.6         |
|    steps_per_second     | 0.327        |
| rollout/                |              |
|    ep_len_mean          | 12.5         |
|    ep_rew_mean          | 1.98         |
| time/                   |              |
|    fps                  | 0            |
|    iterations           | 206          |
|    time_elapsed         | 80681        |
|    total_timesteps      | 26368        |
| train/                  |              |
|    approx_kl            | 0.0033736536 |
|    clip_fraction        | 0            |
|    clip_range           | 0.2          |
|    entropy_loss         | -0.968       |
|    explained_variance   | 0.0493       |
|    learning_rate        | 0.0003       |
|    loss                 | 135          |
|    n_updates            | 1025         |
|    policy_gradient_loss | -0.0058      |
|    value_loss           | 541          |
------------------------------------------
[Progress] 17.58% | 26,374/150,000 steps | 0.3268 steps/s | ETA 105h 4m 41s
[Progress] 17.60% | 26,399/150,000 steps | 0.3266 steps/s | ETA 105h 7m 7s
[Progress] 17.62% | 26,424/150,000 steps | 0.3267 steps/s | ETA 105h 5m 11s
[Progress] 17.63% | 26,449/150,000 steps | 0.3267 steps/s | ETA 105h 3m 1s
[Progress] 17.65% | 26,474/150,000 steps | 0.3267 steps/s | ETA 105h 0m 51s
-------------------------------------------
| progress/               |               |
|    percent              | 17.6          |
|    steps_per_second     | 0.327         |
| rollout/                |               |
|    ep_len_mean          | 12.8          |
|    ep_rew_mean          | 3.46          |
| time/                   |               |
|    fps                  | 0             |
|    iterations           | 207           |
|    time_elapsed         | 81083         |
|    total_timesteps      | 26496         |
| train/                  |               |
|    approx_kl            | 0.00074155815 |
|    clip_fraction        | 0             |
|    clip_range           | 0.2           |
|    entropy_loss         | -0.979        |
|    explained_variance   | -0.063        |
|    learning_rate        | 0.0003        |
|    loss                 | 58.9          |
|    n_updates            | 1030          |
|    policy_gradient_loss | -0.000596     |
|    value_loss           | 347           |
-------------------------------------------
[Progress] 17.67% | 26,499/150,000 steps | 0.3268 steps/s | ETA 104h 58m 53s
Step 26,500 | Mean reward: 3.458 | Resolution: 60.0% | Escalation: 4.6%
[Progress] 17.68% | 26,524/150,000 steps | 0.3268 steps/s | ETA 104h 57m 11s
[Progress] 17.70% | 26,549/150,000 steps | 0.3269 steps/s | ETA 104h 54m 47s
[Progress] 17.72% | 26,574/150,000 steps | 0.3269 steps/s | ETA 104h 52m 59s
[Progress] 17.73% | 26,599/150,000 steps | 0.3269 steps/s | ETA 104h 51m 6s
[Progress] 17.75% | 26,624/150,000 steps | 0.3270 steps/s | ETA 104h 49m 1s
-----------------------------------------------
| custom/                      |              |
|    dropout_rate              | 0.354        |
|    escalation_rate           | 0.0462       |
|    mean_episode_length_100ep | 12.8         |
|    mean_reward_100ep         | 3.46         |
|    resolution_rate           | 0.6          |
|    timeout_rate              | 0            |
| progress/                    |              |
|    percent                   | 17.7         |
|    steps_per_second          | 0.327        |
| rollout/                     |              |
|    ep_len_mean               | 13.1         |
|    ep_rew_mean               | 2.27         |
| time/                        |              |
|    fps                       | 0            |
|    iterations                | 208          |
|    time_elapsed              | 81428        |
|    total_timesteps           | 26624        |
| train/                       |              |
|    approx_kl                 | 0.0013109376 |
|    clip_fraction             | 0            |
|    clip_range                | 0.2          |
|    entropy_loss              | -0.965       |
|    explained_variance        | 0.0901       |
|    learning_rate             | 0.0003       |
|    loss                      | 130          |
|    n_updates                 | 1035         |
|    policy_gradient_loss      | -0.00222     |
|    value_loss                | 667          |
-----------------------------------------------
[Progress] 17.77% | 26,649/150,000 steps | 0.3270 steps/s | ETA 104h 46m 52s
[Progress] 17.78% | 26,674/150,000 steps | 0.3270 steps/s | ETA 104h 44m 57s
[Progress] 17.80% | 26,699/150,000 steps | 0.3271 steps/s | ETA 104h 42m 30s
[Progress] 17.82% | 26,724/150,000 steps | 0.3271 steps/s | ETA 104h 40m 34s
[Progress] 17.83% | 26,749/150,000 steps | 0.3272 steps/s | ETA 104h 38m 32s
------------------------------------------
| progress/               |              |
|    percent              | 17.8         |
|    steps_per_second     | 0.327        |
| rollout/                |              |
|    ep_len_mean          | 13.1         |
|    ep_rew_mean          | 3.18         |
| time/                   |              |
|    fps                  | 0            |
|    iterations           | 209          |
|    time_elapsed         | 81764        |
|    total_timesteps      | 26752        |
| train/                  |              |
|    approx_kl            | 0.0013223337 |
|    clip_fraction        | 0            |
|    clip_range           | 0.2          |
|    entropy_loss         | -0.942       |
|    explained_variance   | 0.0265       |
|    learning_rate        | 0.0003       |
|    loss                 | 134          |
|    n_updates            | 1040         |
|    policy_gradient_loss | -0.00109     |
|    value_loss           | 485          |
------------------------------------------
[Progress] 17.85% | 26,774/150,000 steps | 0.3272 steps/s | ETA 104h 36m 44s
[Progress] 17.87% | 26,799/150,000 steps | 0.3272 steps/s | ETA 104h 34m 37s
[Progress] 17.88% | 26,824/150,000 steps | 0.3273 steps/s | ETA 104h 32m 30s
[Progress] 17.90% | 26,849/150,000 steps | 0.3274 steps/s | ETA 104h 29m 52s
[Progress] 17.92% | 26,874/150,000 steps | 0.3274 steps/s | ETA 104h 28m 23s
-------------------------------------------
| progress/               |               |
|    percent              | 17.9          |
|    steps_per_second     | 0.327         |
| rollout/                |               |
|    ep_len_mean          | 12.9          |
|    ep_rew_mean          | 3.15          |
| time/                   |               |
|    fps                  | 0             |
|    iterations           | 210           |
|    time_elapsed         | 82103         |
|    total_timesteps      | 26880         |
| train/                  |               |
|    approx_kl            | 0.00047154631 |
|    clip_fraction        | 0             |
|    clip_range           | 0.2           |
|    entropy_loss         | -0.928        |
|    explained_variance   | -0.054        |
|    learning_rate        | 0.0003        |
|    loss                 | 107           |
|    n_updates            | 1045          |
|    policy_gradient_loss | -0.00143      |
|    value_loss           | 432           |
-------------------------------------------
[Progress] 17.93% | 26,899/150,000 steps | 0.3274 steps/s | ETA 104h 26m 28s
[Progress] 17.95% | 26,924/150,000 steps | 0.3274 steps/s | ETA 104h 24m 35s
[Progress] 17.97% | 26,949/150,000 steps | 0.3275 steps/s | ETA 104h 22m 41s
[Progress] 17.98% | 26,974/150,000 steps | 0.3275 steps/s | ETA 104h 20m 18s
[Progress] 18.00% | 26,999/150,000 steps | 0.3275 steps/s | ETA 104h 19m 54s
Step 27,000 | Mean reward: 1.882 | Resolution: 60.1% | Escalation: 4.5%
-----------------------------------------------
| custom/                      |              |
|    dropout_rate              | 0.353        |
|    escalation_rate           | 0.0453       |
|    mean_episode_length_100ep | 12.9         |
|    mean_reward_100ep         | 1.88         |
|    resolution_rate           | 0.601        |
|    timeout_rate              | 0            |
| progress/                    |              |
|    percent                   | 18           |
|    steps_per_second          | 0.327        |
| rollout/                     |              |
|    ep_len_mean               | 12.9         |
|    ep_rew_mean               | 1.88         |
| time/                        |              |
|    fps                       | 0            |
|    iterations                | 211          |
|    time_elapsed              | 82474        |
|    total_timesteps           | 27008        |
| train/                       |              |
|    approx_kl                 | 0.0005778768 |
|    clip_fraction             | 0            |
|    clip_range                | 0.2          |
|    entropy_loss              | -0.927       |
|    explained_variance        | 0.0709       |
|    learning_rate             | 0.0003       |
|    loss                      | 129          |
|    n_updates                 | 1050         |
|    policy_gradient_loss      | -0.00156     |
|    value_loss                | 537          |
-----------------------------------------------
[Progress] 18.02% | 27,024/150,000 steps | 0.3275 steps/s | ETA 104h 19m 11s
[Progress] 18.03% | 27,049/150,000 steps | 0.3275 steps/s | ETA 104h 17m 34s
[Progress] 18.05% | 27,074/150,000 steps | 0.3275 steps/s | ETA 104h 15m 27s
[Progress] 18.07% | 27,099/150,000 steps | 0.3275 steps/s | ETA 104h 13m 53s
[Progress] 18.08% | 27,124/150,000 steps | 0.3276 steps/s | ETA 104h 11m 58s
------------------------------------------
| progress/               |              |
|    percent              | 18.1         |
|    steps_per_second     | 0.328        |
| rollout/                |              |
|    ep_len_mean          | 13           |
|    ep_rew_mean          | 3.52         |
| time/                   |              |
|    fps                  | 0            |
|    iterations           | 212          |
|    time_elapsed         | 82838        |
|    total_timesteps      | 27136        |
| train/                  |              |
|    approx_kl            | 0.0013343454 |
|    clip_fraction        | 0            |
|    clip_range           | 0.2          |
|    entropy_loss         | -0.94        |
|    explained_variance   | -0.0781      |
|    learning_rate        | 0.0003       |
|    loss                 | 102          |
|    n_updates            | 1055         |
|    policy_gradient_loss | -0.00178     |
|    value_loss           | 409          |
------------------------------------------
[Progress] 18.10% | 27,149/150,000 steps | 0.3276 steps/s | ETA 104h 10m 44s
[Progress] 18.12% | 27,174/150,000 steps | 0.3276 steps/s | ETA 104h 8m 36s
[Progress] 18.13% | 27,199/150,000 steps | 0.3277 steps/s | ETA 104h 6m 10s
[Progress] 18.15% | 27,224/150,000 steps | 0.3277 steps/s | ETA 104h 4m 12s
[Progress] 18.17% | 27,249/150,000 steps | 0.3278 steps/s | ETA 104h 2m 5s
------------------------------------------
| progress/               |              |
|    percent              | 18.2         |
|    steps_per_second     | 0.328        |
| rollout/                |              |
|    ep_len_mean          | 12.9         |
|    ep_rew_mean          | 4.96         |
| time/                   |              |
|    fps                  | 0            |
|    iterations           | 213          |
|    time_elapsed         | 83177        |
|    total_timesteps      | 27264        |
| train/                  |              |
|    approx_kl            | 0.0010705143 |
|    clip_fraction        | 0            |
|    clip_range           | 0.2          |
|    entropy_loss         | -0.958       |
|    explained_variance   | -0.172       |
|    learning_rate        | 0.0003       |
|    loss                 | 83.4         |
|    n_updates            | 1060         |
|    policy_gradient_loss | -0.00239     |
|    value_loss           | 368          |
------------------------------------------
[Progress] 18.18% | 27,274/150,000 steps | 0.3278 steps/s | ETA 103h 59m 39s
[Progress] 18.20% | 27,299/150,000 steps | 0.3279 steps/s | ETA 103h 57m 28s
[Progress] 18.22% | 27,324/150,000 steps | 0.3279 steps/s | ETA 103h 55m 18s
[Progress] 18.23% | 27,349/150,000 steps | 0.3279 steps/s | ETA 103h 53m 30s
[Progress] 18.25% | 27,374/150,000 steps | 0.3280 steps/s | ETA 103h 51m 39s
-----------------------------------------
| progress/               |             |
|    percent              | 18.2        |
|    steps_per_second     | 0.328       |
| rollout/                |             |
|    ep_len_mean          | 12.9        |
|    ep_rew_mean          | 6.81        |
| time/                   |             |
|    fps                  | 0           |
|    iterations           | 214         |
|    time_elapsed         | 83512       |
|    total_timesteps      | 27392       |
| train/                  |             |
|    approx_kl            | 0.023111861 |
|    clip_fraction        | 0.106       |
|    clip_range           | 0.2         |
|    entropy_loss         | -0.954      |
|    explained_variance   | -0.0184     |
|    learning_rate        | 0.0003      |
|    loss                 | 102         |
|    n_updates            | 1065        |
|    policy_gradient_loss | -0.00827    |
|    value_loss           | 415         |
-----------------------------------------
[Progress] 18.27% | 27,399/150,000 steps | 0.3280 steps/s | ETA 103h 49m 28s
[Progress] 18.28% | 27,424/150,000 steps | 0.3281 steps/s | ETA 103h 47m 18s
[Progress] 18.30% | 27,449/150,000 steps | 0.3281 steps/s | ETA 103h 45m 1s
[Progress] 18.32% | 27,474/150,000 steps | 0.3281 steps/s | ETA 103h 43m 24s
[Progress] 18.33% | 27,499/150,000 steps | 0.3282 steps/s | ETA 103h 41m 39s
Step 27,500 | Mean reward: 5.827 | Resolution: 60.4% | Escalation: 4.5%
----------------------------------------------
| custom/                      |             |
|    dropout_rate              | 0.351       |
|    escalation_rate           | 0.0446      |
|    mean_episode_length_100ep | 13.2        |
|    mean_reward_100ep         | 5.83        |
|    resolution_rate           | 0.604       |
|    timeout_rate              | 0           |
| progress/                    |             |
|    percent                   | 18.3        |
|    steps_per_second          | 0.328       |
| rollout/                     |             |
|    ep_len_mean               | 13.4        |
|    ep_rew_mean               | 5.43        |
| time/                        |             |
|    fps                       | 0           |
|    iterations                | 215         |
|    time_elapsed              | 83851       |
|    total_timesteps           | 27520       |
| train/                       |             |
|    approx_kl                 | 0.002045006 |
|    clip_fraction             | 0.00156     |
|    clip_range                | 0.2         |
|    entropy_loss              | -0.926      |
|    explained_variance        | -0.00573    |
|    learning_rate             | 0.0003      |
|    loss                      | 94.5        |
|    n_updates                 | 1070        |
|    policy_gradient_loss      | -0.0037     |
|    value_loss                | 333         |
----------------------------------------------
[Progress] 18.35% | 27,524/150,000 steps | 0.3282 steps/s | ETA 103h 39m 29s
[Progress] 18.37% | 27,549/150,000 steps | 0.3283 steps/s | ETA 103h 37m 14s
[Progress] 18.38% | 27,574/150,000 steps | 0.3283 steps/s | ETA 103h 35m 12s
[Progress] 18.40% | 27,599/150,000 steps | 0.3283 steps/s | ETA 103h 33m 41s
[Progress] 18.42% | 27,624/150,000 steps | 0.3284 steps/s | ETA 103h 31m 16s
-------------------------------------------
| progress/               |               |
|    percent              | 18.4          |
|    steps_per_second     | 0.328         |
| rollout/                |               |
|    ep_len_mean          | 13.9          |
|    ep_rew_mean          | 1.2           |
| time/                   |               |
|    fps                  | 0             |
|    iterations           | 216           |
|    time_elapsed         | 84191         |
|    total_timesteps      | 27648         |
| train/                  |               |
|    approx_kl            | 0.00016395887 |
|    clip_fraction        | 0             |
|    clip_range           | 0.2           |
|    entropy_loss         | -0.926        |
|    explained_variance   | 0.0503        |
|    learning_rate        | 0.0003        |
|    loss                 | 104           |
|    n_updates            | 1075          |
|    policy_gradient_loss | 0.000874      |
|    value_loss           | 564           |
-------------------------------------------
[Progress] 18.43% | 27,649/150,000 steps | 0.3284 steps/s | ETA 103h 29m 34s
[Progress] 18.45% | 27,674/150,000 steps | 0.3284 steps/s | ETA 103h 27m 42s
[Progress] 18.47% | 27,699/150,000 steps | 0.3285 steps/s | ETA 103h 25m 53s
[Progress] 18.48% | 27,724/150,000 steps | 0.3285 steps/s | ETA 103h 24m 7s
[Progress] 18.50% | 27,749/150,000 steps | 0.3285 steps/s | ETA 103h 22m 1s
[Progress] 18.52% | 27,774/150,000 steps | 0.3286 steps/s | ETA 103h 19m 47s
-------------------------------------------
| progress/               |               |
|    percent              | 18.5          |
|    steps_per_second     | 0.329         |
| rollout/                |               |
|    ep_len_mean          | 14.2          |
|    ep_rew_mean          | -0.245        |
| time/                   |               |
|    fps                  | 0             |
|    iterations           | 217           |
|    time_elapsed         | 84533         |
|    total_timesteps      | 27776         |
| train/                  |               |
|    approx_kl            | 1.3684854e-05 |
|    clip_fraction        | 0             |
|    clip_range           | 0.2           |
|    entropy_loss         | -0.921        |
|    explained_variance   | 0.0468        |
|    learning_rate        | 0.0003        |
|    loss                 | 189           |
|    n_updates            | 1080          |
|    policy_gradient_loss | 0.000988      |
|    value_loss           | 802           |
-------------------------------------------
[Progress] 18.53% | 27,799/150,000 steps | 0.3286 steps/s | ETA 103h 17m 51s
[Progress] 18.55% | 27,824/150,000 steps | 0.3286 steps/s | ETA 103h 16m 20s
[Progress] 18.57% | 27,849/150,000 steps | 0.3287 steps/s | ETA 103h 14m 14s
[Progress] 18.58% | 27,874/150,000 steps | 0.3287 steps/s | ETA 103h 12m 14s
[Progress] 18.60% | 27,899/150,000 steps | 0.3287 steps/s | ETA 103h 10m 20s
-----------------------------------------
| progress/               |             |
|    percent              | 18.6        |
|    steps_per_second     | 0.329       |
| rollout/                |             |
|    ep_len_mean          | 13.8        |
|    ep_rew_mean          | 1.11        |
| time/                   |             |
|    fps                  | 0           |
|    iterations           | 218         |
|    time_elapsed         | 84878       |
|    total_timesteps      | 27904       |
| train/                  |             |
|    approx_kl            | 0.010668853 |
|    clip_fraction        | 0.0203      |
|    clip_range           | 0.2         |
|    entropy_loss         | -0.928      |
|    explained_variance   | -0.0163     |
|    learning_rate        | 0.0003      |
|    loss                 | 111         |
|    n_updates            | 1085        |
|    policy_gradient_loss | -0.00429    |
|    value_loss           | 441         |
-----------------------------------------
[Progress] 18.62% | 27,924/150,000 steps | 0.3288 steps/s | ETA 103h 8m 14s
[Progress] 18.63% | 27,949/150,000 steps | 0.3288 steps/s | ETA 103h 6m 27s
[Progress] 18.65% | 27,974/150,000 steps | 0.3289 steps/s | ETA 103h 4m 12s
[Progress] 18.67% | 27,999/150,000 steps | 0.3289 steps/s | ETA 103h 2m 5s
Step 28,000 | Mean reward: 0.555 | Resolution: 60.3% | Escalation: 4.4%
[Progress] 18.68% | 28,024/150,000 steps | 0.3290 steps/s | ETA 102h 59m 41s
-----------------------------------------------
| custom/                      |              |
|    dropout_rate              | 0.353        |
|    escalation_rate           | 0.0439       |
|    mean_episode_length_100ep | 13.8         |
|    mean_reward_100ep         | 0.555        |
|    resolution_rate           | 0.603        |
|    timeout_rate              | 0            |
| progress/                    |              |
|    percent                   | 18.7         |
|    steps_per_second          | 0.329        |
| rollout/                     |              |
|    ep_len_mean               | 13.7         |
|    ep_rew_mean               | 1.22         |
| time/                        |              |
|    fps                       | 0            |
|    iterations                | 219          |
|    time_elapsed              | 85206        |
|    total_timesteps           | 28032        |
| train/                       |              |
|    approx_kl                 | 0.0024246522 |
|    clip_fraction             | 0            |
|    clip_range                | 0.2          |
|    entropy_loss              | -0.948       |
|    explained_variance        | -0.0661      |
|    learning_rate             | 0.0003       |
|    loss                      | 105          |
|    n_updates                 | 1090         |
|    policy_gradient_loss      | -0.00227     |
|    value_loss                | 425          |
-----------------------------------------------
[Progress] 18.70% | 28,049/150,000 steps | 0.3290 steps/s | ETA 102h 57m 45s
[Progress] 18.72% | 28,074/150,000 steps | 0.3291 steps/s | ETA 102h 55m 24s
[Progress] 18.73% | 28,099/150,000 steps | 0.3291 steps/s | ETA 102h 53m 1s
[Progress] 18.75% | 28,124/150,000 steps | 0.3291 steps/s | ETA 102h 51m 24s
[Progress] 18.77% | 28,149/150,000 steps | 0.3292 steps/s | ETA 102h 49m 5s
------------------------------------------
| progress/               |              |
|    percent              | 18.8         |
|    steps_per_second     | 0.329        |
| rollout/                |              |
|    ep_len_mean          | 14           |
|    ep_rew_mean          | -0.138       |
| time/                   |              |
|    fps                  | 0            |
|    iterations           | 220          |
|    time_elapsed         | 85534        |
|    total_timesteps      | 28160        |
| train/                  |              |
|    approx_kl            | 0.0005552182 |
|    clip_fraction        | 0            |
|    clip_range           | 0.2          |
|    entropy_loss         | -0.961       |
|    explained_variance   | 0.0547       |
|    learning_rate        | 0.0003       |
|    loss                 | 88.1         |
|    n_updates            | 1095         |
|    policy_gradient_loss | -0.00102     |
|    value_loss           | 409          |
------------------------------------------
[Progress] 18.78% | 28,174/150,000 steps | 0.3292 steps/s | ETA 102h 47m 22s
[Progress] 18.80% | 28,199/150,000 steps | 0.3293 steps/s | ETA 102h 45m 32s
[Progress] 18.82% | 28,224/150,000 steps | 0.3293 steps/s | ETA 102h 43m 21s
[Progress] 18.83% | 28,249/150,000 steps | 0.3293 steps/s | ETA 102h 41m 20s
[Progress] 18.85% | 28,274/150,000 steps | 0.3294 steps/s | ETA 102h 39m 22s
------------------------------------------
| progress/               |              |
|    percent              | 18.8         |
|    steps_per_second     | 0.329        |
| rollout/                |              |
|    ep_len_mean          | 14.3         |
|    ep_rew_mean          | -0.342       |
| time/                   |              |
|    fps                  | 0            |
|    iterations           | 221          |
|    time_elapsed         | 85879        |
|    total_timesteps      | 28288        |
| train/                  |              |
|    approx_kl            | 0.0028019524 |
|    clip_fraction        | 0            |
|    clip_range           | 0.2          |
|    entropy_loss         | -0.961       |
|    explained_variance   | -0.0317      |
|    learning_rate        | 0.0003       |
|    loss                 | 116          |
|    n_updates            | 1100         |
|    policy_gradient_loss | -0.00391     |
|    value_loss           | 464          |
------------------------------------------
[Progress] 18.87% | 28,299/150,000 steps | 0.3294 steps/s | ETA 102h 37m 46s
[Progress] 18.88% | 28,324/150,000 steps | 0.3294 steps/s | ETA 102h 36m 19s
[Progress] 18.90% | 28,349/150,000 steps | 0.3294 steps/s | ETA 102h 34m 24s
[Progress] 18.92% | 28,374/150,000 steps | 0.3295 steps/s | ETA 102h 32m 35s
[Progress] 18.93% | 28,399/150,000 steps | 0.3295 steps/s | ETA 102h 30m 59s
-----------------------------------------
| progress/               |             |
|    percent              | 18.9        |
|    steps_per_second     | 0.329       |
| rollout/                |             |
|    ep_len_mean          | 14.3        |
|    ep_rew_mean          | 1.86        |
| time/                   |             |
|    fps                  | 0           |
|    iterations           | 222         |
|    time_elapsed         | 86237       |
|    total_timesteps      | 28416       |
| train/                  |             |
|    approx_kl            | 0.004915174 |
|    clip_fraction        | 0.0109      |
|    clip_range           | 0.2         |
|    entropy_loss         | -0.992      |
|    explained_variance   | 0.0317      |
|    learning_rate        | 0.0003      |
|    loss                 | 93.8        |
|    n_updates            | 1105        |
|    policy_gradient_loss | -0.00423    |
|    value_loss           | 322         |
-----------------------------------------
[Progress] 18.95% | 28,424/150,000 steps | 0.3295 steps/s | ETA 102h 29m 5s
[Progress] 18.97% | 28,449/150,000 steps | 0.3295 steps/s | ETA 102h 27m 33s
[Progress] 18.98% | 28,474/150,000 steps | 0.3296 steps/s | ETA 102h 25m 31s
[Progress] 19.00% | 28,499/150,000 steps | 0.3296 steps/s | ETA 102h 23m 44s
Step 28,500 | Mean reward: 0.070 | Resolution: 60.6% | Escalation: 4.3%
[Progress] 19.02% | 28,524/150,000 steps | 0.3296 steps/s | ETA 102h 22m 30s
----------------------------------------------
| custom/                      |             |
|    dropout_rate              | 0.351       |
|    escalation_rate           | 0.0431      |
|    mean_episode_length_100ep | 14.3        |
|    mean_reward_100ep         | 0.0697      |
|    resolution_rate           | 0.606       |
|    timeout_rate              | 0           |
| progress/                    |             |
|    percent                   | 19          |
|    steps_per_second          | 0.33        |
| rollout/                     |             |
|    ep_len_mean               | 14.2        |
|    ep_rew_mean               | 0.359       |
| time/                        |             |
|    fps                       | 0           |
|    iterations                | 223         |
|    time_elapsed              | 86590       |
|    total_timesteps           | 28544       |
| train/                       |             |
|    approx_kl                 | 0.001094697 |
|    clip_fraction             | 0           |
|    clip_range                | 0.2         |
|    entropy_loss              | -1.03       |
|    explained_variance        | 0.00597     |
|    learning_rate             | 0.0003      |
|    loss                      | 84.8        |
|    n_updates                 | 1110        |
|    policy_gradient_loss      | -0.000879   |
|    value_loss                | 327         |
----------------------------------------------
[Progress] 19.03% | 28,549/150,000 steps | 0.3297 steps/s | ETA 102h 20m 20s
[Progress] 19.05% | 28,574/150,000 steps | 0.3297 steps/s | ETA 102h 18m 11s
[Progress] 19.07% | 28,599/150,000 steps | 0.3297 steps/s | ETA 102h 16m 6s
[Progress] 19.08% | 28,624/150,000 steps | 0.3298 steps/s | ETA 102h 13m 55s
[Progress] 19.10% | 28,649/150,000 steps | 0.3298 steps/s | ETA 102h 12m 27s
-----------------------------------------
| progress/               |             |
|    percent              | 19.1        |
|    steps_per_second     | 0.33        |
| rollout/                |             |
|    ep_len_mean          | 14.2        |
|    ep_rew_mean          | 0.635       |
| time/                   |             |
|    fps                  | 0           |
|    iterations           | 224         |
|    time_elapsed         | 86923       |
|    total_timesteps      | 28672       |
| train/                  |             |
|    approx_kl            | 0.012181675 |
|    clip_fraction        | 0.0484      |
|    clip_range           | 0.2         |
|    entropy_loss         | -1.03       |
|    explained_variance   | 0.0182      |
|    learning_rate        | 0.0003      |
|    loss                 | 140         |
|    n_updates            | 1115        |
|    policy_gradient_loss | -0.0146     |
|    value_loss           | 509         |
-----------------------------------------
[Progress] 19.12% | 28,674/150,000 steps | 0.3299 steps/s | ETA 102h 10m 17s
[Progress] 19.13% | 28,699/150,000 steps | 0.3299 steps/s | ETA 102h 8m 24s
[Progress] 19.15% | 28,724/150,000 steps | 0.3299 steps/s | ETA 102h 6m 42s
[Progress] 19.17% | 28,749/150,000 steps | 0.3300 steps/s | ETA 102h 4m 18s
[Progress] 19.18% | 28,774/150,000 steps | 0.3300 steps/s | ETA 102h 2m 22s
[Progress] 19.20% | 28,799/150,000 steps | 0.3301 steps/s | ETA 102h 0m 18s
------------------------------------------
| progress/               |              |
|    percent              | 19.2         |
|    steps_per_second     | 0.33         |
| rollout/                |              |
|    ep_len_mean          | 14.2         |
|    ep_rew_mean          | -0.486       |
| time/                   |              |
|    fps                  | 0            |
|    iterations           | 225          |
|    time_elapsed         | 87258        |
|    total_timesteps      | 28800        |
| train/                  |              |
|    approx_kl            | 0.0024667205 |
|    clip_fraction        | 0.00625      |
|    clip_range           | 0.2          |
|    entropy_loss         | -1           |
|    explained_variance   | -0.0111      |
|    learning_rate        | 0.0003       |
|    loss                 | 90.1         |
|    n_updates            | 1120         |
|    policy_gradient_loss | -0.00415     |
|    value_loss           | 332          |
------------------------------------------
[Progress] 19.22% | 28,824/150,000 steps | 0.3301 steps/s | ETA 101h 58m 40s
[Progress] 19.23% | 28,849/150,000 steps | 0.3301 steps/s | ETA 101h 57m 28s
[Progress] 19.25% | 28,874/150,000 steps | 0.3301 steps/s | ETA 101h 55m 27s
[Progress] 19.27% | 28,899/150,000 steps | 0.3301 steps/s | ETA 101h 53m 30s
[Progress] 19.28% | 28,924/150,000 steps | 0.3302 steps/s | ETA 101h 51m 55s
-----------------------------------------
| progress/               |             |
|    percent              | 19.3        |
|    steps_per_second     | 0.33        |
| rollout/                |             |
|    ep_len_mean          | 14.1        |
|    ep_rew_mean          | -0.3        |
| time/                   |             |
|    fps                  | 0           |
|    iterations           | 226         |
|    time_elapsed         | 87614       |
|    total_timesteps      | 28928       |
| train/                  |             |
|    approx_kl            | 0.016749842 |
|    clip_fraction        | 0.0719      |
|    clip_range           | 0.2         |
|    entropy_loss         | -1          |
|    explained_variance   | 0.00583     |
|    learning_rate        | 0.0003      |
|    loss                 | 97.7        |
|    n_updates            | 1125        |
|    policy_gradient_loss | -0.0034     |
|    value_loss           | 360         |
-----------------------------------------
[Progress] 19.30% | 28,949/150,000 steps | 0.3302 steps/s | ETA 101h 49m 47s
[Progress] 19.32% | 28,974/150,000 steps | 0.3302 steps/s | ETA 101h 47m 48s
[Progress] 19.33% | 28,999/150,000 steps | 0.3302 steps/s | ETA 101h 46m 45s
Step 29,000 | Mean reward: -0.695 | Resolution: 60.6% | Escalation: 4.3%
[Progress] 19.35% | 29,024/150,000 steps | 0.3303 steps/s | ETA 101h 44m 55s
[Progress] 19.37% | 29,049/150,000 steps | 0.3303 steps/s | ETA 101h 42m 47s
-----------------------------------------------
| custom/                      |              |
|    dropout_rate              | 0.351        |
|    escalation_rate           | 0.0434       |
|    mean_episode_length_100ep | 14.2         |
|    mean_reward_100ep         | -0.695       |
|    resolution_rate           | 0.606        |
|    timeout_rate              | 0            |
| progress/                    |              |
|    percent                   | 19.4         |
|    steps_per_second          | 0.33         |
| rollout/                     |              |
|    ep_len_mean               | 14.1         |
|    ep_rew_mean               | 1.74         |
| time/                        |              |
|    fps                       | 0            |
|    iterations                | 227          |
|    time_elapsed              | 87959        |
|    total_timesteps           | 29056        |
| train/                       |              |
|    approx_kl                 | 0.0037138187 |
|    clip_fraction             | 0            |
|    clip_range                | 0.2          |
|    entropy_loss              | -1           |
|    explained_variance        | 0.0274       |
|    learning_rate             | 0.0003       |
|    loss                      | 112          |
|    n_updates                 | 1130         |
|    policy_gradient_loss      | -0.00549     |
|    value_loss                | 523          |
-----------------------------------------------
[Progress] 19.38% | 29,074/150,000 steps | 0.3303 steps/s | ETA 101h 40m 56s
[Progress] 19.40% | 29,099/150,000 steps | 0.3304 steps/s | ETA 101h 39m 0s
[Progress] 19.42% | 29,124/150,000 steps | 0.3304 steps/s | ETA 101h 37m 3s
[Progress] 19.43% | 29,149/150,000 steps | 0.3305 steps/s | ETA 101h 34m 46s
[Progress] 19.45% | 29,174/150,000 steps | 0.3305 steps/s | ETA 101h 33m 25s
------------------------------------------
| progress/               |              |
|    percent              | 19.4         |
|    steps_per_second     | 0.33         |
| rollout/                |              |
|    ep_len_mean          | 14           |
|    ep_rew_mean          | 2.25         |
| time/                   |              |
|    fps                  | 0            |
|    iterations           | 228          |
|    time_elapsed         | 88305        |
|    total_timesteps      | 29184        |
| train/                  |              |
|    approx_kl            | 0.0033501033 |
|    clip_fraction        | 0            |
|    clip_range           | 0.2          |
|    entropy_loss         | -1           |
|    explained_variance   | 0.0439       |
|    learning_rate        | 0.0003       |
|    loss                 | 227          |
|    n_updates            | 1135         |
|    policy_gradient_loss | -0.00466     |
|    value_loss           | 763          |
------------------------------------------
[Progress] 19.47% | 29,199/150,000 steps | 0.3305 steps/s | ETA 101h 31m 41s
[Progress] 19.48% | 29,224/150,000 steps | 0.3305 steps/s | ETA 101h 29m 52s
[Progress] 19.50% | 29,249/150,000 steps | 0.3306 steps/s | ETA 101h 28m 23s
[Progress] 19.52% | 29,274/150,000 steps | 0.3306 steps/s | ETA 101h 26m 9s
[Progress] 19.53% | 29,299/150,000 steps | 0.3307 steps/s | ETA 101h 23m 46s
------------------------------------------
| progress/               |              |
|    percent              | 19.5         |
|    steps_per_second     | 0.331        |
| rollout/                |              |
|    ep_len_mean          | 14.4         |
|    ep_rew_mean          | 0.822        |
| time/                   |              |
|    fps                  | 0            |
|    iterations           | 229          |
|    time_elapsed         | 88641        |
|    total_timesteps      | 29312        |
| train/                  |              |
|    approx_kl            | 0.0040299385 |
|    clip_fraction        | 0.00469      |
|    clip_range           | 0.2          |
|    entropy_loss         | -0.997       |
|    explained_variance   | 0.038        |
|    learning_rate        | 0.0003       |
|    loss                 | 111          |
|    n_updates            | 1140         |
|    policy_gradient_loss | -0.00573     |
|    value_loss           | 470          |
------------------------------------------
[Progress] 19.55% | 29,324/150,000 steps | 0.3307 steps/s | ETA 101h 21m 53s
[Progress] 19.57% | 29,349/150,000 steps | 0.3308 steps/s | ETA 101h 19m 39s
[Progress] 19.58% | 29,374/150,000 steps | 0.3308 steps/s | ETA 101h 17m 36s
[Progress] 19.60% | 29,399/150,000 steps | 0.3308 steps/s | ETA 101h 16m 12s
[Progress] 19.62% | 29,424/150,000 steps | 0.3308 steps/s | ETA 101h 14m 9s
-----------------------------------------
| progress/               |             |
|    percent              | 19.6        |
|    steps_per_second     | 0.331       |
| rollout/                |             |
|    ep_len_mean          | 14.3        |
|    ep_rew_mean          | -0.137      |
| time/                   |             |
|    fps                  | 0           |
|    iterations           | 230         |
|    time_elapsed         | 88979       |
|    total_timesteps      | 29440       |
| train/                  |             |
|    approx_kl            | 0.006376175 |
|    clip_fraction        | 0.00313     |
|    clip_range           | 0.2         |
|    entropy_loss         | -0.994      |
|    explained_variance   | 0.0181      |
|    learning_rate        | 0.0003      |
|    loss                 | 114         |
|    n_updates            | 1145        |
|    policy_gradient_loss | -0.00206    |
|    value_loss           | 425         |
-----------------------------------------
[Progress] 19.63% | 29,449/150,000 steps | 0.3309 steps/s | ETA 101h 12m 24s
[Progress] 19.65% | 29,474/150,000 steps | 0.3309 steps/s | ETA 101h 10m 22s
[Progress] 19.67% | 29,499/150,000 steps | 0.3310 steps/s | ETA 101h 8m 14s
Step 29,500 | Mean reward: 2.430 | Resolution: 60.7% | Escalation: 4.3%
[Progress] 19.68% | 29,524/150,000 steps | 0.3310 steps/s | ETA 101h 6m 30s
[Progress] 19.70% | 29,549/150,000 steps | 0.3310 steps/s | ETA 101h 5m 25s
-----------------------------------------------
| custom/                      |              |
|    dropout_rate              | 0.35         |
|    escalation_rate           | 0.0431       |
|    mean_episode_length_100ep | 14.1         |
|    mean_reward_100ep         | 2.43         |
|    resolution_rate           | 0.607        |
|    timeout_rate              | 0            |
| progress/                    |              |
|    percent                   | 19.7         |
|    steps_per_second          | 0.331        |
| rollout/                     |              |
|    ep_len_mean               | 14           |
|    ep_rew_mean               | 2.03         |
| time/                        |              |
|    fps                       | 0            |
|    iterations                | 231          |
|    time_elapsed              | 89329        |
|    total_timesteps           | 29568        |
| train/                       |              |
|    approx_kl                 | 0.0003363695 |
|    clip_fraction             | 0            |
|    clip_range                | 0.2          |
|    entropy_loss              | -1.02        |
|    explained_variance        | 0.0441       |
|    learning_rate             | 0.0003       |
|    loss                      | 93.7         |
|    n_updates                 | 1150         |
|    policy_gradient_loss      | -0.000667    |
|    value_loss                | 440          |
-----------------------------------------------
[Progress] 19.72% | 29,574/150,000 steps | 0.3310 steps/s | ETA 101h 3m 38s
[Progress] 19.73% | 29,599/150,000 steps | 0.3310 steps/s | ETA 101h 1m 41s
[Progress] 19.75% | 29,624/150,000 steps | 0.3311 steps/s | ETA 100h 59m 57s
[Progress] 19.77% | 29,649/150,000 steps | 0.3311 steps/s | ETA 100h 58m 31s
[Progress] 19.78% | 29,674/150,000 steps | 0.3311 steps/s | ETA 100h 56m 42s
-------------------------------------------
| progress/               |               |
|    percent              | 19.8          |
|    steps_per_second     | 0.331         |
| rollout/                |               |
|    ep_len_mean          | 13.8          |
|    ep_rew_mean          | 0.428         |
| time/                   |               |
|    fps                  | 0             |
|    iterations           | 232           |
|    time_elapsed         | 89679         |
|    total_timesteps      | 29696         |
| train/                  |               |
|    approx_kl            | 0.00022571767 |
|    clip_fraction        | 0             |
|    clip_range           | 0.2           |
|    entropy_loss         | -1.02         |
|    explained_variance   | 0.0222        |
|    learning_rate        | 0.0003        |
|    loss                 | 122           |
|    n_updates            | 1155          |
|    policy_gradient_loss | 0.000126      |
|    value_loss           | 490           |
-------------------------------------------
[Progress] 19.80% | 29,699/150,000 steps | 0.3311 steps/s | ETA 100h 54m 52s
[Progress] 19.82% | 29,724/150,000 steps | 0.3311 steps/s | ETA 100h 53m 31s
[Progress] 19.83% | 29,749/150,000 steps | 0.3312 steps/s | ETA 100h 51m 50s
[Progress] 19.85% | 29,774/150,000 steps | 0.3312 steps/s | ETA 100h 50m 25s
[Progress] 19.87% | 29,799/150,000 steps | 0.3312 steps/s | ETA 100h 48m 43s
[Progress] 19.88% | 29,824/150,000 steps | 0.3312 steps/s | ETA 100h 47m 2s
------------------------------------------
| progress/               |              |
|    percent              | 19.9         |
|    steps_per_second     | 0.331        |
| rollout/                |              |
|    ep_len_mean          | 13.8         |
|    ep_rew_mean          | 0.249        |
| time/                   |              |
|    fps                  | 0            |
|    iterations           | 233          |
|    time_elapsed         | 90041        |
|    total_timesteps      | 29824        |
| train/                  |              |
|    approx_kl            | 0.0015087454 |
|    clip_fraction        | 0.00313      |
|    clip_range           | 0.2          |
|    entropy_loss         | -1           |
|    explained_variance   | -0.0243      |
|    learning_rate        | 0.0003       |
|    loss                 | 92.1         |
|    n_updates            | 1160         |
|    policy_gradient_loss | -0.00296     |
|    value_loss           | 361          |
------------------------------------------
[Progress] 19.90% | 29,849/150,000 steps | 0.3312 steps/s | ETA 100h 45m 20s
[Progress] 19.92% | 29,874/150,000 steps | 0.3313 steps/s | ETA 100h 43m 34s
[Progress] 19.93% | 29,899/150,000 steps | 0.3313 steps/s | ETA 100h 41m 41s
[Progress] 19.95% | 29,924/150,000 steps | 0.3314 steps/s | ETA 100h 39m 30s
[Progress] 19.97% | 29,949/150,000 steps | 0.3314 steps/s | ETA 100h 37m 40s
------------------------------------------
| progress/               |              |
|    percent              | 20           |
|    steps_per_second     | 0.331        |
| rollout/                |              |
|    ep_len_mean          | 13.5         |
|    ep_rew_mean          | 1.19         |
| time/                   |              |
|    fps                  | 0            |
|    iterations           | 234          |
|    time_elapsed         | 90380        |
|    total_timesteps      | 29952        |
| train/                  |              |
|    approx_kl            | 0.0031076698 |
|    clip_fraction        | 0            |
|    clip_range           | 0.2          |
|    entropy_loss         | -1.01        |
|    explained_variance   | 0.00172      |
|    learning_rate        | 0.0003       |
|    loss                 | 82           |
|    n_updates            | 1165         |
|    policy_gradient_loss | -0.00413     |
|    value_loss           | 422          |
------------------------------------------
[Progress] 19.98% | 29,974/150,000 steps | 0.3314 steps/s | ETA 100h 35m 43s
[Progress] 20.00% | 29,999/150,000 steps | 0.3315 steps/s | ETA 100h 33m 42s
Step 30,000 | Mean reward: 2.389 | Resolution: 60.9% | Escalation: 4.2%
[Progress] 20.02% | 30,024/150,000 steps | 0.3289 steps/s | ETA 101h 19m 50s
[Progress] 20.03% | 30,049/150,000 steps | 0.3289 steps/s | ETA 101h 17m 37s
[Progress] 20.05% | 30,074/150,000 steps | 0.3290 steps/s | ETA 101h 15m 58s
-----------------------------------------------
| custom/                      |              |
|    dropout_rate              | 0.349        |
|    escalation_rate           | 0.0424       |
|    mean_episode_length_100ep | 13.6         |
|    mean_reward_100ep         | 2.39         |
|    resolution_rate           | 0.609        |
|    timeout_rate              | 0            |
| eval/                        |              |
|    escalation_rate           | 0            |
|    mean_reward               | -25.1        |
|    resolution_rate           | 0.3          |
| progress/                    |              |
|    percent                   | 20           |
|    steps_per_second          | 0.329        |
| rollout/                     |              |
|    ep_len_mean               | 13.7         |
|    ep_rew_mean               | 0.548        |
| time/                        |              |
|    fps                       | 0            |
|    iterations                | 235          |
|    time_elapsed              | 91438        |
|    total_timesteps           | 30080        |
| train/                       |              |
|    approx_kl                 | 0.0012831232 |
|    clip_fraction             | 0            |
|    clip_range                | 0.2          |
|    entropy_loss              | -1           |
|    explained_variance        | 0.0742       |
|    learning_rate             | 0.0003       |
|    loss                      | 85.2         |
|    n_updates                 | 1170         |
|    policy_gradient_loss      | -0.00215     |
|    value_loss                | 382          |
-----------------------------------------------
[Progress] 20.07% | 30,099/150,000 steps | 0.3290 steps/s | ETA 101h 13m 58s
[Progress] 20.08% | 30,124/150,000 steps | 0.3290 steps/s | ETA 101h 13m 13s
[Progress] 20.10% | 30,149/150,000 steps | 0.3289 steps/s | ETA 101h 12m 30s
[Progress] 20.12% | 30,174/150,000 steps | 0.3290 steps/s | ETA 101h 10m 31s
[Progress] 20.13% | 30,199/150,000 steps | 0.3290 steps/s | ETA 101h 8m 21s
------------------------------------------
| progress/               |              |
|    percent              | 20.1         |
|    steps_per_second     | 0.329        |
| rollout/                |              |
|    ep_len_mean          | 13.5         |
|    ep_rew_mean          | 0.978        |
| time/                   |              |
|    fps                  | 0            |
|    iterations           | 236          |
|    time_elapsed         | 91802        |
|    total_timesteps      | 30208        |
| train/                  |              |
|    approx_kl            | 0.0008368008 |
|    clip_fraction        | 0            |
|    clip_range           | 0.2          |
|    entropy_loss         | -0.99        |
|    explained_variance   | 0.0627       |
|    learning_rate        | 0.0003       |
|    loss                 | 145          |
|    n_updates            | 1175         |
|    policy_gradient_loss | -5.56e-05    |
|    value_loss           | 591          |
------------------------------------------
[Progress] 20.15% | 30,224/150,000 steps | 0.3291 steps/s | ETA 101h 6m 19s
[Progress] 20.17% | 30,249/150,000 steps | 0.3291 steps/s | ETA 101h 4m 30s
[Progress] 20.18% | 30,274/150,000 steps | 0.3291 steps/s | ETA 101h 2m 55s
[Progress] 20.20% | 30,299/150,000 steps | 0.3291 steps/s | ETA 101h 1m 20s
[Progress] 20.22% | 30,324/150,000 steps | 0.3292 steps/s | ETA 100h 59m 15s
----------------------------------------
| progress/               |            |
|    percent              | 20.2       |
|    steps_per_second     | 0.329      |
| rollout/                |            |
|    ep_len_mean          | 13.2       |
|    ep_rew_mean          | 2.21       |
| time/                   |            |
|    fps                  | 0          |
|    iterations           | 237        |
|    time_elapsed         | 92153      |
|    total_timesteps      | 30336      |
| train/                  |            |
|    approx_kl            | 0.00689729 |
|    clip_fraction        | 0.00469    |
|    clip_range           | 0.2        |
|    entropy_loss         | -1.03      |
|    explained_variance   | 0.0281     |
|    learning_rate        | 0.0003     |
|    loss                 | 98.5       |
|    n_updates            | 1180       |
|    policy_gradient_loss | -0.00405   |
|    value_loss           | 407        |
----------------------------------------
[Progress] 20.23% | 30,349/150,000 steps | 0.3292 steps/s | ETA 100h 57m 24s
[Progress] 20.25% | 30,374/150,000 steps | 0.3292 steps/s | ETA 100h 55m 34s
[Progress] 20.27% | 30,399/150,000 steps | 0.3292 steps/s | ETA 100h 54m 29s
[Progress] 20.28% | 30,424/150,000 steps | 0.3293 steps/s | ETA 100h 52m 46s
[Progress] 20.30% | 30,449/150,000 steps | 0.3293 steps/s | ETA 100h 50m 50s
------------------------------------------
| progress/               |              |
|    percent              | 20.3         |
|    steps_per_second     | 0.329        |
| rollout/                |              |
|    ep_len_mean          | 13.4         |
|    ep_rew_mean          | 2.23         |
| time/                   |              |
|    fps                  | 0            |
|    iterations           | 238          |
|    time_elapsed         | 92505        |
|    total_timesteps      | 30464        |
| train/                  |              |
|    approx_kl            | 0.0054942276 |
|    clip_fraction        | 0.0391       |
|    clip_range           | 0.2          |
|    entropy_loss         | -1.05        |
|    explained_variance   | 0.02         |
|    learning_rate        | 0.0003       |
|    loss                 | 115          |
|    n_updates            | 1185         |
|    policy_gradient_loss | -0.00705     |
|    value_loss           | 497          |
------------------------------------------
[Progress] 20.32% | 30,474/150,000 steps | 0.3293 steps/s | ETA 100h 49m 0s
[Progress] 20.33% | 30,499/150,000 steps | 0.3294 steps/s | ETA 100h 47m 9s
Step 30,500 | Mean reward: 1.160 | Resolution: 60.7% | Escalation: 4.2%
[Progress] 20.35% | 30,524/150,000 steps | 0.3294 steps/s | ETA 100h 45m 39s
[Progress] 20.37% | 30,549/150,000 steps | 0.3294 steps/s | ETA 100h 43m 41s
[Progress] 20.38% | 30,574/150,000 steps | 0.3294 steps/s | ETA 100h 41m 50s
----------------------------------------------
| custom/                      |             |
|    dropout_rate              | 0.351       |
|    escalation_rate           | 0.0417      |
|    mean_episode_length_100ep | 13.6        |
|    mean_reward_100ep         | 1.16        |
|    resolution_rate           | 0.607       |
|    timeout_rate              | 0           |
| progress/                    |             |
|    percent                   | 20.4        |
|    steps_per_second          | 0.329       |
| rollout/                     |             |
|    ep_len_mean               | 13          |
|    ep_rew_mean               | 1.4         |
| time/                        |             |
|    fps                       | 0           |
|    iterations                | 239         |
|    time_elapsed              | 92852       |
|    total_timesteps           | 30592       |
| train/                       |             |
|    approx_kl                 | 0.011868263 |
|    clip_fraction             | 0.0625      |
|    clip_range                | 0.2         |
|    entropy_loss              | -1.04       |
|    explained_variance        | 0.079       |
|    learning_rate             | 0.0003      |
|    loss                      | 83.4        |
|    n_updates                 | 1190        |
|    policy_gradient_loss      | -0.00971    |
|    value_loss                | 352         |
----------------------------------------------
[Progress] 20.40% | 30,599/150,000 steps | 0.3295 steps/s | ETA 100h 39m 59s
[Progress] 20.42% | 30,624/150,000 steps | 0.3295 steps/s | ETA 100h 38m 35s
[Progress] 20.43% | 30,649/150,000 steps | 0.3295 steps/s | ETA 100h 36m 53s
[Progress] 20.45% | 30,674/150,000 steps | 0.3295 steps/s | ETA 100h 35m 0s
[Progress] 20.47% | 30,699/150,000 steps | 0.3296 steps/s | ETA 100h 33m 18s
------------------------------------------
| progress/               |              |
|    percent              | 20.5         |
|    steps_per_second     | 0.33         |
| rollout/                |              |
|    ep_len_mean          | 13           |
|    ep_rew_mean          | 4.9          |
| time/                   |              |
|    fps                  | 0            |
|    iterations           | 240          |
|    time_elapsed         | 93210        |
|    total_timesteps      | 30720        |
| train/                  |              |
|    approx_kl            | 0.0013202094 |
|    clip_fraction        | 0            |
|    clip_range           | 0.2          |
|    entropy_loss         | -1.04        |
|    explained_variance   | 0.0647       |
|    learning_rate        | 0.0003       |
|    loss                 | 95.7         |
|    n_updates            | 1195         |
|    policy_gradient_loss | -0.00262     |
|    value_loss           | 430          |
------------------------------------------
[Progress] 20.48% | 30,724/150,000 steps | 0.3296 steps/s | ETA 100h 31m 44s
[Progress] 20.50% | 30,749/150,000 steps | 0.3296 steps/s | ETA 100h 29m 45s
[Progress] 20.52% | 30,774/150,000 steps | 0.3296 steps/s | ETA 100h 27m 57s
[Progress] 20.53% | 30,799/150,000 steps | 0.3297 steps/s | ETA 100h 25m 59s
[Progress] 20.55% | 30,824/150,000 steps | 0.3297 steps/s | ETA 100h 24m 10s
------------------------------------------
| progress/               |              |
|    percent              | 20.5         |
|    steps_per_second     | 0.33         |
| rollout/                |              |
|    ep_len_mean          | 13.5         |
|    ep_rew_mean          | 3.83         |
| time/                   |              |
|    fps                  | 0            |
|    iterations           | 241          |
|    time_elapsed         | 93548        |
|    total_timesteps      | 30848        |
| train/                  |              |
|    approx_kl            | 0.0012678714 |
|    clip_fraction        | 0            |
|    clip_range           | 0.2          |
|    entropy_loss         | -1.03        |
|    explained_variance   | 0.0242       |
|    learning_rate        | 0.0003       |
|    loss                 | 141          |
|    n_updates            | 1200         |
|    policy_gradient_loss | -9.41e-05    |
|    value_loss           | 567          |
------------------------------------------
[Progress] 20.57% | 30,849/150,000 steps | 0.3298 steps/s | ETA 100h 22m 12s
[Progress] 20.58% | 30,874/150,000 steps | 0.3298 steps/s | ETA 100h 20m 28s
[Progress] 20.60% | 30,899/150,000 steps | 0.3298 steps/s | ETA 100h 18m 48s
[Progress] 20.62% | 30,924/150,000 steps | 0.3298 steps/s | ETA 100h 17m 20s
[Progress] 20.63% | 30,949/150,000 steps | 0.3298 steps/s | ETA 100h 15m 51s
[Progress] 20.65% | 30,974/150,000 steps | 0.3299 steps/s | ETA 100h 13m 52s
-------------------------------------------
| progress/               |               |
|    percent              | 20.6          |
|    steps_per_second     | 0.33          |
| rollout/                |               |
|    ep_len_mean          | 13.4          |
|    ep_rew_mean          | 6.23          |
| time/                   |               |
|    fps                  | 0             |
|    iterations           | 242           |
|    time_elapsed         | 93903         |
|    total_timesteps      | 30976         |
| train/                  |               |
|    approx_kl            | 0.00033219717 |
|    clip_fraction        | 0             |
|    clip_range           | 0.2           |
|    entropy_loss         | -1.04         |
|    explained_variance   | -0.101        |
|    learning_rate        | 0.0003        |
|    loss                 | 68.2          |
|    n_updates            | 1205          |
|    policy_gradient_loss | -0.00147      |
|    value_loss           | 346           |
-------------------------------------------
[Progress] 20.67% | 30,999/150,000 steps | 0.3299 steps/s | ETA 100h 12m 2s
Step 31,000 | Mean reward: 7.179 | Resolution: 61.1% | Escalation: 4.2%
[Progress] 20.68% | 31,024/150,000 steps | 0.3298 steps/s | ETA 100h 11m 38s
[Progress] 20.70% | 31,049/150,000 steps | 0.3298 steps/s | ETA 100h 10m 28s
[Progress] 20.72% | 31,074/150,000 steps | 0.3299 steps/s | ETA 100h 8m 33s
[Progress] 20.73% | 31,099/150,000 steps | 0.3299 steps/s | ETA 100h 6m 50s
----------------------------------------------
| custom/                      |             |
|    dropout_rate              | 0.347       |
|    escalation_rate           | 0.0415      |
|    mean_episode_length_100ep | 13.4        |
|    mean_reward_100ep         | 7.18        |
|    resolution_rate           | 0.611       |
|    timeout_rate              | 0           |
| progress/                    |             |
|    percent                   | 20.7        |
|    steps_per_second          | 0.33        |
| rollout/                     |             |
|    ep_len_mean               | 13.7        |
|    ep_rew_mean               | 9.1         |
| time/                        |             |
|    fps                       | 0           |
|    iterations                | 243         |
|    time_elapsed              | 94279       |
|    total_timesteps           | 31104       |
| train/                       |             |
|    approx_kl                 | 0.001257136 |
|    clip_fraction             | 0           |
|    clip_range                | 0.2         |
|    entropy_loss              | -1.04       |
|    explained_variance        | -0.424      |
|    learning_rate             | 0.0003      |
|    loss                      | 53          |
|    n_updates                 | 1210        |
|    policy_gradient_loss      | -0.0023     |
|    value_loss                | 299         |
----------------------------------------------
[Progress] 20.75% | 31,124/150,000 steps | 0.3299 steps/s | ETA 100h 4m 46s
[Progress] 20.77% | 31,149/150,000 steps | 0.3300 steps/s | ETA 100h 2m 57s
[Progress] 20.78% | 31,174/150,000 steps | 0.3300 steps/s | ETA 100h 2m 10s
[Progress] 20.80% | 31,199/150,000 steps | 0.3300 steps/s | ETA 100h 0m 29s
[Progress] 20.82% | 31,224/150,000 steps | 0.3300 steps/s | ETA 99h 59m 6s
------------------------------------------
| progress/               |              |
|    percent              | 20.8         |
|    steps_per_second     | 0.33         |
| rollout/                |              |
|    ep_len_mean          | 13.7         |
|    ep_rew_mean          | 9.09         |
| time/                   |              |
|    fps                  | 0            |
|    iterations           | 244          |
|    time_elapsed         | 94645        |
|    total_timesteps      | 31232        |
| train/                  |              |
|    approx_kl            | 0.0058620744 |
|    clip_fraction        | 0.00469      |
|    clip_range           | 0.2          |
|    entropy_loss         | -1.04        |
|    explained_variance   | 0.0126       |
|    learning_rate        | 0.0003       |
|    loss                 | 65.1         |
|    n_updates            | 1215         |
|    policy_gradient_loss | -0.009       |
|    value_loss           | 297          |
------------------------------------------
[Progress] 20.83% | 31,249/150,000 steps | 0.3300 steps/s | ETA 99h 57m 15s
[Progress] 20.85% | 31,274/150,000 steps | 0.3300 steps/s | ETA 99h 55m 43s
[Progress] 20.87% | 31,299/150,000 steps | 0.3301 steps/s | ETA 99h 53m 58s
[Progress] 20.88% | 31,324/150,000 steps | 0.3300 steps/s | ETA 99h 53m 22s
[Progress] 20.90% | 31,349/150,000 steps | 0.3299 steps/s | ETA 99h 53m 24s
-----------------------------------------
| progress/               |             |
|    percent              | 20.9        |
|    steps_per_second     | 0.33        |
| rollout/                |             |
|    ep_len_mean          | 13.9        |
|    ep_rew_mean          | 7.8         |
| time/                   |             |
|    fps                  | 0           |
|    iterations           | 245         |
|    time_elapsed         | 95038       |
|    total_timesteps      | 31360       |
| train/                  |             |
|    approx_kl            | 0.003121886 |
|    clip_fraction        | 0           |
|    clip_range           | 0.2         |
|    entropy_loss         | -1.04       |
|    explained_variance   | 0.000486    |
|    learning_rate        | 0.0003      |
|    loss                 | 72.8        |
|    n_updates            | 1220        |
|    policy_gradient_loss | -0.000396   |
|    value_loss           | 318         |
-----------------------------------------
[Progress] 20.92% | 31,374/150,000 steps | 0.3300 steps/s | ETA 99h 51m 16s
[Progress] 20.93% | 31,399/150,000 steps | 0.3300 steps/s | ETA 99h 49m 16s
[Progress] 20.95% | 31,424/150,000 steps | 0.3299 steps/s | ETA 99h 49m 49s
[Progress] 20.97% | 31,449/150,000 steps | 0.3299 steps/s | ETA 99h 48m 40s
[Progress] 20.98% | 31,474/150,000 steps | 0.3300 steps/s | ETA 99h 46m 53s
------------------------------------------
| progress/               |              |
|    percent              | 21           |
|    steps_per_second     | 0.33         |
| rollout/                |              |
|    ep_len_mean          | 14.3         |
|    ep_rew_mean          | 7            |
| time/                   |              |
|    fps                  | 0            |
|    iterations           | 246          |
|    time_elapsed         | 95424        |
|    total_timesteps      | 31488        |
| train/                  |              |
|    approx_kl            | 0.0032767323 |
|    clip_fraction        | 0            |
|    clip_range           | 0.2          |
|    entropy_loss         | -1.03        |
|    explained_variance   | 0.0868       |
|    learning_rate        | 0.0003       |
|    loss                 | 104          |
|    n_updates            | 1225         |
|    policy_gradient_loss | -0.00204     |
|    value_loss           | 416          |
------------------------------------------
[Progress] 21.00% | 31,499/150,000 steps | 0.3300 steps/s | ETA 99h 45m 12s
Step 31,500 | Mean reward: 8.196 | Resolution: 61.3% | Escalation: 4.1%
[Progress] 21.02% | 31,524/150,000 steps | 0.3300 steps/s | ETA 99h 43m 44s
[Progress] 21.03% | 31,549/150,000 steps | 0.3300 steps/s | ETA 99h 41m 54s
[Progress] 21.05% | 31,574/150,000 steps | 0.3300 steps/s | ETA 99h 40m 19s
[Progress] 21.07% | 31,599/150,000 steps | 0.3301 steps/s | ETA 99h 38m 47s
-----------------------------------------------
| custom/                      |              |
|    dropout_rate              | 0.347        |
|    escalation_rate           | 0.0409       |
|    mean_episode_length_100ep | 14.2         |
|    mean_reward_100ep         | 8.2          |
|    resolution_rate           | 0.613        |
|    timeout_rate              | 0            |
| progress/                    |              |
|    percent                   | 21.1         |
|    steps_per_second          | 0.33         |
| rollout/                     |              |
|    ep_len_mean               | 14.3         |
|    ep_rew_mean               | 8.11         |
| time/                        |              |
|    fps                       | 0            |
|    iterations                | 247          |
|    time_elapsed              | 95783        |
|    total_timesteps           | 31616        |
| train/                       |              |
|    approx_kl                 | 0.0027144249 |
|    clip_fraction             | 0            |
|    clip_range                | 0.2          |
|    entropy_loss              | -1           |
|    explained_variance        | -0.0142      |
|    learning_rate             | 0.0003       |
|    loss                      | 95.6         |
|    n_updates                 | 1230         |
|    policy_gradient_loss      | -0.00339     |
|    value_loss                | 362          |
-----------------------------------------------
[Progress] 21.08% | 31,624/150,000 steps | 0.3301 steps/s | ETA 99h 36m 54s
[Progress] 21.10% | 31,649/150,000 steps | 0.3301 steps/s | ETA 99h 35m 16s
[Progress] 21.12% | 31,674/150,000 steps | 0.3301 steps/s | ETA 99h 34m 2s
[Progress] 21.13% | 31,699/150,000 steps | 0.3301 steps/s | ETA 99h 32m 34s
[Progress] 21.15% | 31,724/150,000 steps | 0.3301 steps/s | ETA 99h 31m 6s
-----------------------------------------
| progress/               |             |
|    percent              | 21.1        |
|    steps_per_second     | 0.33        |
| rollout/                |             |
|    ep_len_mean          | 14          |
|    ep_rew_mean          | 9.52        |
| time/                   |             |
|    fps                  | 0           |
|    iterations           | 248         |
|    time_elapsed         | 96150       |
|    total_timesteps      | 31744       |
| train/                  |             |
|    approx_kl            | 0.016624361 |
|    clip_fraction        | 0.117       |
|    clip_range           | 0.2         |
|    entropy_loss         | -1          |
|    explained_variance   | -0.0657     |
|    learning_rate        | 0.0003      |
|    loss                 | 92.5        |
|    n_updates            | 1235        |
|    policy_gradient_loss | -0.0127     |
|    value_loss           | 531         |
-----------------------------------------
[Progress] 21.17% | 31,749/150,000 steps | 0.3301 steps/s | ETA 99h 30m 2s
[Progress] 21.18% | 31,774/150,000 steps | 0.3301 steps/s | ETA 99h 29m 32s
[Progress] 21.20% | 31,799/150,000 steps | 0.3301 steps/s | ETA 99h 27m 53s
[Progress] 21.22% | 31,824/150,000 steps | 0.3302 steps/s | ETA 99h 25m 43s
[Progress] 21.23% | 31,849/150,000 steps | 0.3302 steps/s | ETA 99h 23m 47s
------------------------------------------
| progress/               |              |
|    percent              | 21.2         |
|    steps_per_second     | 0.33         |
| rollout/                |              |
|    ep_len_mean          | 13.5         |
|    ep_rew_mean          | 12.6         |
| time/                   |              |
|    fps                  | 0            |
|    iterations           | 249          |
|    time_elapsed         | 96518        |
|    total_timesteps      | 31872        |
| train/                  |              |
|    approx_kl            | 0.0075566685 |
|    clip_fraction        | 0.0125       |
|    clip_range           | 0.2          |
|    entropy_loss         | -1.04        |
|    explained_variance   | -0.0178      |
|    learning_rate        | 0.0003       |
|    loss                 | 120          |
|    n_updates            | 1240         |
|    policy_gradient_loss | -0.00639     |
|    value_loss           | 502          |
------------------------------------------
[Progress] 21.25% | 31,874/150,000 steps | 0.3302 steps/s | ETA 99h 21m 58s
[Progress] 21.27% | 31,899/150,000 steps | 0.3302 steps/s | ETA 99h 20m 19s
[Progress] 21.28% | 31,924/150,000 steps | 0.3303 steps/s | ETA 99h 18m 45s
[Progress] 21.30% | 31,949/150,000 steps | 0.3303 steps/s | ETA 99h 16m 53s
[Progress] 21.32% | 31,974/150,000 steps | 0.3303 steps/s | ETA 99h 16m 3s
[Progress] 21.33% | 31,999/150,000 steps | 0.3303 steps/s | ETA 99h 15m 7s
Step 32,000 | Mean reward: 13.188 | Resolution: 61.6% | Escalation: 4.1%
-----------------------------------------------
| custom/                      |              |
|    dropout_rate              | 0.344        |
|    escalation_rate           | 0.0406       |
|    mean_episode_length_100ep | 13.6         |
|    mean_reward_100ep         | 13.2         |
|    resolution_rate           | 0.616        |
|    timeout_rate              | 0            |
| progress/                    |              |
|    percent                   | 21.3         |
|    steps_per_second          | 0.33         |
| rollout/                     |              |
|    ep_len_mean               | 13.6         |
|    ep_rew_mean               | 13.2         |
| time/                        |              |
|    fps                       | 0            |
|    iterations                | 250          |
|    time_elapsed              | 96895        |
|    total_timesteps           | 32000        |
| train/                       |              |
|    approx_kl                 | 0.0015821322 |
|    clip_fraction             | 0.00313      |
|    clip_range                | 0.2          |
|    entropy_loss              | -1           |
|    explained_variance        | 0.00323      |
|    learning_rate             | 0.0003       |
|    loss                      | 60.5         |
|    n_updates                 | 1245         |
|    policy_gradient_loss      | -0.00155     |
|    value_loss                | 298          |
-----------------------------------------------
[Progress] 21.35% | 32,024/150,000 steps | 0.3303 steps/s | ETA 99h 13m 18s
[Progress] 21.37% | 32,049/150,000 steps | 0.3303 steps/s | ETA 99h 11m 38s
[Progress] 21.38% | 32,074/150,000 steps | 0.3303 steps/s | ETA 99h 10m 9s
[Progress] 21.40% | 32,099/150,000 steps | 0.3304 steps/s | ETA 99h 8m 11s
[Progress] 21.42% | 32,124/150,000 steps | 0.3304 steps/s | ETA 99h 6m 30s
-----------------------------------------
| progress/               |             |
|    percent              | 21.4        |
|    steps_per_second     | 0.33        |
| rollout/                |             |
|    ep_len_mean          | 12.9        |
|    ep_rew_mean          | 14.1        |
| time/                   |             |
|    fps                  | 0           |
|    iterations           | 251         |
|    time_elapsed         | 97243       |
|    total_timesteps      | 32128       |
| train/                  |             |
|    approx_kl            | 0.019877404 |
|    clip_fraction        | 0.111       |
|    clip_range           | 0.2         |
|    entropy_loss         | -0.986      |
|    explained_variance   | -0.0784     |
|    learning_rate        | 0.0003      |
|    loss                 | 51.1        |
|    n_updates            | 1250        |
|    policy_gradient_loss | -0.0266     |
|    value_loss           | 269         |
-----------------------------------------
[Progress] 21.43% | 32,149/150,000 steps | 0.3304 steps/s | ETA 99h 4m 29s
[Progress] 21.45% | 32,174/150,000 steps | 0.3304 steps/s | ETA 99h 2m 51s
[Progress] 21.47% | 32,199/150,000 steps | 0.3304 steps/s | ETA 99h 1m 38s
[Progress] 21.48% | 32,224/150,000 steps | 0.3305 steps/s | ETA 98h 59m 49s
[Progress] 21.50% | 32,249/150,000 steps | 0.3305 steps/s | ETA 98h 58m 1s
------------------------------------------
| progress/               |              |
|    percent              | 21.5         |
|    steps_per_second     | 0.331        |
| rollout/                |              |
|    ep_len_mean          | 12.7         |
|    ep_rew_mean          | 10.8         |
| time/                   |              |
|    fps                  | 0            |
|    iterations           | 252          |
|    time_elapsed         | 97598        |
|    total_timesteps      | 32256        |
| train/                  |              |
|    approx_kl            | 0.0015556985 |
|    clip_fraction        | 0            |
|    clip_range           | 0.2          |
|    entropy_loss         | -0.935       |
|    explained_variance   | -0.0079      |
|    learning_rate        | 0.0003       |
|    loss                 | 164          |
|    n_updates            | 1255         |
|    policy_gradient_loss | -0.000232    |
|    value_loss           | 528          |
------------------------------------------
[Progress] 21.52% | 32,274/150,000 steps | 0.3305 steps/s | ETA 98h 56m 32s
[Progress] 21.53% | 32,299/150,000 steps | 0.3305 steps/s | ETA 98h 54m 47s
[Progress] 21.55% | 32,324/150,000 steps | 0.3305 steps/s | ETA 98h 53m 27s
[Progress] 21.57% | 32,349/150,000 steps | 0.3306 steps/s | ETA 98h 51m 47s
[Progress] 21.58% | 32,374/150,000 steps | 0.3306 steps/s | ETA 98h 49m 57s
-------------------------------------------
| progress/               |               |
|    percent              | 21.6          |
|    steps_per_second     | 0.331         |
| rollout/                |               |
|    ep_len_mean          | 12.7          |
|    ep_rew_mean          | 7.4           |
| time/                   |               |
|    fps                  | 0             |
|    iterations           | 253           |
|    time_elapsed         | 97951         |
|    total_timesteps      | 32384         |
| train/                  |               |
|    approx_kl            | 0.00026646676 |
|    clip_fraction        | 0             |
|    clip_range           | 0.2           |
|    entropy_loss         | -0.915        |
|    explained_variance   | 0.00409       |
|    learning_rate        | 0.0003        |
|    loss                 | 135           |
|    n_updates            | 1260          |
|    policy_gradient_loss | -0.000546     |
|    value_loss           | 634           |
-------------------------------------------
[Progress] 21.60% | 32,399/150,000 steps | 0.3306 steps/s | ETA 98h 48m 15s
[Progress] 21.62% | 32,424/150,000 steps | 0.3306 steps/s | ETA 98h 46m 38s
[Progress] 21.63% | 32,449/150,000 steps | 0.3307 steps/s | ETA 98h 45m 4s
[Progress] 21.65% | 32,474/150,000 steps | 0.3307 steps/s | ETA 98h 43m 20s
[Progress] 21.67% | 32,499/150,000 steps | 0.3307 steps/s | ETA 98h 41m 18s
Step 32,500 | Mean reward: 5.805 | Resolution: 61.5% | Escalation: 4.0%
-----------------------------------------------
| custom/                      |              |
|    dropout_rate              | 0.345        |
|    escalation_rate           | 0.04         |
|    mean_episode_length_100ep | 12.9         |
|    mean_reward_100ep         | 5.8          |
|    resolution_rate           | 0.615        |
|    timeout_rate              | 0            |
| progress/                    |              |
|    percent                   | 21.7         |
|    steps_per_second          | 0.331        |
| rollout/                     |              |
|    ep_len_mean               | 12.8         |
|    ep_rew_mean               | 5.84         |
| time/                        |              |
|    fps                       | 0            |
|    iterations                | 254          |
|    time_elapsed              | 98301        |
|    total_timesteps           | 32512        |
| train/                       |              |
|    approx_kl                 | 0.0001049703 |
|    clip_fraction             | 0            |
|    clip_range                | 0.2          |
|    entropy_loss              | -0.888       |
|    explained_variance        | 0.104        |
|    learning_rate             | 0.0003       |
|    loss                      | 192          |
|    n_updates                 | 1265         |
|    policy_gradient_loss      | -0.000662    |
|    value_loss                | 711          |
-----------------------------------------------
[Progress] 21.68% | 32,524/150,000 steps | 0.3307 steps/s | ETA 98h 39m 52s
[Progress] 21.70% | 32,549/150,000 steps | 0.3308 steps/s | ETA 98h 38m 12s
[Progress] 21.72% | 32,574/150,000 steps | 0.3308 steps/s | ETA 98h 37m 8s
[Progress] 21.73% | 32,599/150,000 steps | 0.3307 steps/s | ETA 98h 36m 7s
[Progress] 21.75% | 32,624/150,000 steps | 0.3308 steps/s | ETA 98h 34m 28s
------------------------------------------
| progress/               |              |
|    percent              | 21.7         |
|    steps_per_second     | 0.331        |
| rollout/                |              |
|    ep_len_mean          | 12.5         |
|    ep_rew_mean          | 4.69         |
| time/                   |              |
|    fps                  | 0            |
|    iterations           | 255          |
|    time_elapsed         | 98678        |
|    total_timesteps      | 32640        |
| train/                  |              |
|    approx_kl            | 0.0008598715 |
|    clip_fraction        | 0            |
|    clip_range           | 0.2          |
|    entropy_loss         | -0.894       |
|    explained_variance   | 0.133        |
|    learning_rate        | 0.0003       |
|    loss                 | 147          |
|    n_updates            | 1270         |
|    policy_gradient_loss | -0.00139     |
|    value_loss           | 641          |
------------------------------------------
[Progress] 21.77% | 32,649/150,000 steps | 0.3308 steps/s | ETA 98h 32m 55s
[Progress] 21.78% | 32,674/150,000 steps | 0.3308 steps/s | ETA 98h 31m 9s
[Progress] 21.80% | 32,699/150,000 steps | 0.3308 steps/s | ETA 98h 29m 26s
[Progress] 21.82% | 32,724/150,000 steps | 0.3308 steps/s | ETA 98h 28m 13s
[Progress] 21.83% | 32,749/150,000 steps | 0.3309 steps/s | ETA 98h 26m 32s
------------------------------------------
| progress/               |              |
|    percent              | 21.8         |
|    steps_per_second     | 0.331        |
| rollout/                |              |
|    ep_len_mean          | 12.2         |
|    ep_rew_mean          | 4.65         |
| time/                   |              |
|    fps                  | 0            |
|    iterations           | 256          |
|    time_elapsed         | 99033        |
|    total_timesteps      | 32768        |
| train/                  |              |
|    approx_kl            | 0.0011129524 |
|    clip_fraction        | 0            |
|    clip_range           | 0.2          |
|    entropy_loss         | -0.933       |
|    explained_variance   | 0.0464       |
|    learning_rate        | 0.0003       |
|    loss                 | 141          |
|    n_updates            | 1275         |
|    policy_gradient_loss | -0.00208     |
|    value_loss           | 618          |
------------------------------------------
[Progress] 21.85% | 32,774/150,000 steps | 0.3309 steps/s | ETA 98h 24m 44s
[Progress] 21.87% | 32,799/150,000 steps | 0.3309 steps/s | ETA 98h 23m 8s
[Progress] 21.88% | 32,824/150,000 steps | 0.3309 steps/s | ETA 98h 21m 17s
[Progress] 21.90% | 32,849/150,000 steps | 0.3310 steps/s | ETA 98h 19m 43s
[Progress] 21.92% | 32,874/150,000 steps | 0.3310 steps/s | ETA 98h 18m 13s
-----------------------------------------
| progress/               |             |
|    percent              | 21.9        |
|    steps_per_second     | 0.331       |
| rollout/                |             |
|    ep_len_mean          | 12.4        |
|    ep_rew_mean          | 3.63        |
| time/                   |             |
|    fps                  | 0           |
|    iterations           | 257         |
|    time_elapsed         | 99388       |
|    total_timesteps      | 32896       |
| train/                  |             |
|    approx_kl            | 0.025923932 |
|    clip_fraction        | 0.203       |
|    clip_range           | 0.2         |
|    entropy_loss         | -0.987      |
|    explained_variance   | -0.0278     |
|    learning_rate        | 0.0003      |
|    loss                 | 86.1        |
|    n_updates            | 1280        |
|    policy_gradient_loss | -0.0127     |
|    value_loss           | 378         |
-----------------------------------------
[Progress] 21.93% | 32,899/150,000 steps | 0.3310 steps/s | ETA 98h 16m 32s
[Progress] 21.95% | 32,924/150,000 steps | 0.3310 steps/s | ETA 98h 14m 51s
[Progress] 21.97% | 32,949/150,000 steps | 0.3310 steps/s | ETA 98h 13m 32s
[Progress] 21.98% | 32,974/150,000 steps | 0.3310 steps/s | ETA 98h 11m 59s
[Progress] 22.00% | 32,999/150,000 steps | 0.3310 steps/s | ETA 98h 10m 35s
Step 33,000 | Mean reward: 2.886 | Resolution: 61.4% | Escalation: 3.9%
[Progress] 22.02% | 33,024/150,000 steps | 0.3311 steps/s | ETA 98h 8m 58s
----------------------------------------------
| custom/                      |             |
|    dropout_rate              | 0.347       |
|    escalation_rate           | 0.0394      |
|    mean_episode_length_100ep | 12.7        |
|    mean_reward_100ep         | 2.89        |
|    resolution_rate           | 0.614       |
|    timeout_rate              | 0           |
| progress/                    |             |
|    percent                   | 22          |
|    steps_per_second          | 0.331       |
| rollout/                     |             |
|    ep_len_mean               | 12.7        |
|    ep_rew_mean               | 2.83        |
| time/                        |             |
|    fps                       | 0           |
|    iterations                | 258         |
|    time_elapsed              | 99752       |
|    total_timesteps           | 33024       |
| train/                       |             |
|    approx_kl                 | 0.009878672 |
|    clip_fraction             | 0.0391      |
|    clip_range                | 0.2         |
|    entropy_loss              | -1          |
|    explained_variance        | 0.0205      |
|    learning_rate             | 0.0003      |
|    loss                      | 121         |
|    n_updates                 | 1285        |
|    policy_gradient_loss      | -0.00733    |
|    value_loss                | 408         |
----------------------------------------------
[Progress] 22.03% | 33,049/150,000 steps | 0.3311 steps/s | ETA 98h 7m 8s
[Progress] 22.05% | 33,074/150,000 steps | 0.3311 steps/s | ETA 98h 5m 25s
[Progress] 22.07% | 33,099/150,000 steps | 0.3311 steps/s | ETA 98h 5m 10s
[Progress] 22.08% | 33,124/150,000 steps | 0.3309 steps/s | ETA 98h 6m 17s
[Progress] 22.10% | 33,149/150,000 steps | 0.3309 steps/s | ETA 98h 4m 51s
------------------------------------------
| progress/               |              |
|    percent              | 22.1         |
|    steps_per_second     | 0.331        |
| rollout/                |              |
|    ep_len_mean          | 12.9         |
|    ep_rew_mean          | 1.44         |
| time/                   |              |
|    fps                  | 0            |
|    iterations           | 259          |
|    time_elapsed         | 100174       |
|    total_timesteps      | 33152        |
| train/                  |              |
|    approx_kl            | 0.0057232846 |
|    clip_fraction        | 0            |
|    clip_range           | 0.2          |
|    entropy_loss         | -1.04        |
|    explained_variance   | 0.0425       |
|    learning_rate        | 0.0003       |
|    loss                 | 165          |
|    n_updates            | 1290         |
|    policy_gradient_loss | -0.0009      |
|    value_loss           | 649          |
------------------------------------------
[Progress] 22.12% | 33,174/150,000 steps | 0.3310 steps/s | ETA 98h 2m 59s
[Progress] 22.13% | 33,199/150,000 steps | 0.3310 steps/s | ETA 98h 1m 25s
[Progress] 22.15% | 33,224/150,000 steps | 0.3310 steps/s | ETA 97h 59m 30s
[Progress] 22.17% | 33,249/150,000 steps | 0.3311 steps/s | ETA 97h 57m 39s
[Progress] 22.18% | 33,274/150,000 steps | 0.3311 steps/s | ETA 97h 56m 12s
-----------------------------------------
| progress/               |             |
|    percent              | 22.2        |
|    steps_per_second     | 0.331       |
| rollout/                |             |
|    ep_len_mean          | 13.3        |
|    ep_rew_mean          | -0.792      |
| time/                   |             |
|    fps                  | 0           |
|    iterations           | 260         |
|    time_elapsed         | 100521      |
|    total_timesteps      | 33280       |
| train/                  |             |
|    approx_kl            | 0.003482798 |
|    clip_fraction        | 0           |
|    clip_range           | 0.2         |
|    entropy_loss         | -1.04       |
|    explained_variance   | 0.0525      |
|    learning_rate        | 0.0003      |
|    loss                 | 115         |
|    n_updates            | 1295        |
|    policy_gradient_loss | -0.00242    |
|    value_loss           | 461         |
-----------------------------------------
[Progress] 22.20% | 33,299/150,000 steps | 0.3311 steps/s | ETA 97h 54m 41s
[Progress] 22.22% | 33,324/150,000 steps | 0.3311 steps/s | ETA 97h 53m 8s
[Progress] 22.23% | 33,349/150,000 steps | 0.3311 steps/s | ETA 97h 51m 58s
[Progress] 22.25% | 33,374/150,000 steps | 0.3311 steps/s | ETA 97h 50m 4s
[Progress] 22.27% | 33,399/150,000 steps | 0.3311 steps/s | ETA 97h 48m 39s
-----------------------------------------
| progress/               |             |
|    percent              | 22.3        |
|    steps_per_second     | 0.331       |
| rollout/                |             |
|    ep_len_mean          | 13.8        |
|    ep_rew_mean          | -2.54       |
| time/                   |             |
|    fps                  | 0           |
|    iterations           | 261         |
|    time_elapsed         | 100887      |
|    total_timesteps      | 33408       |
| train/                  |             |
|    approx_kl            | 0.016422767 |
|    clip_fraction        | 0.119       |
|    clip_range           | 0.2         |
|    entropy_loss         | -1.02       |
|    explained_variance   | 0.0163      |
|    learning_rate        | 0.0003      |
|    loss                 | 100         |
|    n_updates            | 1300        |
|    policy_gradient_loss | -0.015      |
|    value_loss           | 459         |
-----------------------------------------
[Progress] 22.28% | 33,424/150,000 steps | 0.3312 steps/s | ETA 97h 47m 3s
[Progress] 22.30% | 33,449/150,000 steps | 0.3312 steps/s | ETA 97h 45m 6s
[Progress] 22.32% | 33,474/150,000 steps | 0.3312 steps/s | ETA 97h 43m 8s
[Progress] 22.33% | 33,499/150,000 steps | 0.3313 steps/s | ETA 97h 41m 27s
Step 33,500 | Mean reward: -2.921 | Resolution: 61.4% | Escalation: 3.9%
[Progress] 22.35% | 33,524/150,000 steps | 0.3313 steps/s | ETA 97h 39m 36s
----------------------------------------------
| custom/                      |             |
|    dropout_rate              | 0.347       |
|    escalation_rate           | 0.0389      |
|    mean_episode_length_100ep | 14.1        |
|    mean_reward_100ep         | -2.92       |
|    resolution_rate           | 0.614       |
|    timeout_rate              | 0           |
| progress/                    |             |
|    percent                   | 22.3        |
|    steps_per_second          | 0.331       |
| rollout/                     |             |
|    ep_len_mean               | 14.1        |
|    ep_rew_mean               | -3.56       |
| time/                        |             |
|    fps                       | 0           |
|    iterations                | 262         |
|    time_elapsed              | 101228      |
|    total_timesteps           | 33536       |
| train/                       |             |
|    approx_kl                 | 0.004394232 |
|    clip_fraction             | 0.0172      |
|    clip_range                | 0.2         |
|    entropy_loss              | -1.01       |
|    explained_variance        | -0.0147     |
|    learning_rate             | 0.0003      |
|    loss                      | 60.4        |
|    n_updates                 | 1305        |
|    policy_gradient_loss      | -0.00344    |
|    value_loss                | 269         |
----------------------------------------------
[Progress] 22.37% | 33,549/150,000 steps | 0.3313 steps/s | ETA 97h 38m 3s
[Progress] 22.38% | 33,574/150,000 steps | 0.3313 steps/s | ETA 97h 36m 57s
[Progress] 22.40% | 33,599/150,000 steps | 0.3313 steps/s | ETA 97h 35m 12s
[Progress] 22.42% | 33,624/150,000 steps | 0.3314 steps/s | ETA 97h 33m 26s
[Progress] 22.43% | 33,649/150,000 steps | 0.3314 steps/s | ETA 97h 32m 0s
-----------------------------------------
| progress/               |             |
|    percent              | 22.4        |
|    steps_per_second     | 0.331       |
| rollout/                |             |
|    ep_len_mean          | 14.2        |
|    ep_rew_mean          | -1.09       |
| time/                   |             |
|    fps                  | 0           |
|    iterations           | 263         |
|    time_elapsed         | 101588      |
|    total_timesteps      | 33664       |
| train/                  |             |
|    approx_kl            | 0.003213326 |
|    clip_fraction        | 0           |
|    clip_range           | 0.2         |
|    entropy_loss         | -1.01       |
|    explained_variance   | 0.0249      |
|    learning_rate        | 0.0003      |
|    loss                 | 80.4        |
|    n_updates            | 1310        |
|    policy_gradient_loss | -0.00605    |
|    value_loss           | 368         |
-----------------------------------------
[Progress] 22.45% | 33,674/150,000 steps | 0.3314 steps/s | ETA 97h 30m 33s
[Progress] 22.47% | 33,699/150,000 steps | 0.3314 steps/s | ETA 97h 28m 55s
[Progress] 22.48% | 33,724/150,000 steps | 0.3314 steps/s | ETA 97h 27m 1s
[Progress] 22.50% | 33,749/150,000 steps | 0.3314 steps/s | ETA 97h 25m 37s
[Progress] 22.52% | 33,774/150,000 steps | 0.3314 steps/s | ETA 97h 24m 21s
------------------------------------------
| progress/               |              |
|    percent              | 22.5         |
|    steps_per_second     | 0.331        |
| rollout/                |              |
|    ep_len_mean          | 14.6         |
|    ep_rew_mean          | 0.718        |
| time/                   |              |
|    fps                  | 0            |
|    iterations           | 264          |
|    time_elapsed         | 101945       |
|    total_timesteps      | 33792        |
| train/                  |              |
|    approx_kl            | 0.0029456825 |
|    clip_fraction        | 0            |
|    clip_range           | 0.2          |
|    entropy_loss         | -0.972       |
|    explained_variance   | 0.0212       |
|    learning_rate        | 0.0003       |
|    loss                 | 88.8         |
|    n_updates            | 1315         |
|    policy_gradient_loss | -0.00642     |
|    value_loss           | 371          |
------------------------------------------
[Progress] 22.53% | 33,799/150,000 steps | 0.3315 steps/s | ETA 97h 22m 29s
[Progress] 22.55% | 33,824/150,000 steps | 0.3315 steps/s | ETA 97h 20m 35s
[Progress] 22.57% | 33,849/150,000 steps | 0.3315 steps/s | ETA 97h 19m 0s
[Progress] 22.58% | 33,874/150,000 steps | 0.3315 steps/s | ETA 97h 17m 32s
[Progress] 22.60% | 33,899/150,000 steps | 0.3316 steps/s | ETA 97h 15m 53s
-----------------------------------------
| progress/               |             |
|    percent              | 22.6        |
|    steps_per_second     | 0.332       |
| rollout/                |             |
|    ep_len_mean          | 14.4        |
|    ep_rew_mean          | 2.91        |
| time/                   |             |
|    fps                  | 0           |
|    iterations           | 265         |
|    time_elapsed         | 102298      |
|    total_timesteps      | 33920       |
| train/                  |             |
|    approx_kl            | 0.005036802 |
|    clip_fraction        | 0.0109      |
|    clip_range           | 0.2         |
|    entropy_loss         | -0.968      |
|    explained_variance   | -0.0243     |
|    learning_rate        | 0.0003      |
|    loss                 | 71.7        |
|    n_updates            | 1320        |
|    policy_gradient_loss | -0.00364    |
|    value_loss           | 338         |
-----------------------------------------
[Progress] 22.62% | 33,924/150,000 steps | 0.3316 steps/s | ETA 97h 14m 24s
[Progress] 22.63% | 33,949/150,000 steps | 0.3316 steps/s | ETA 97h 12m 48s
[Progress] 22.65% | 33,974/150,000 steps | 0.3316 steps/s | ETA 97h 11m 5s
[Progress] 22.67% | 33,999/150,000 steps | 0.3317 steps/s | ETA 97h 9m 25s
Step 34,000 | Mean reward: 1.524 | Resolution: 61.7% | Escalation: 3.8%
[Progress] 22.68% | 34,024/150,000 steps | 0.3317 steps/s | ETA 97h 7m 57s
----------------------------------------------
| custom/                      |             |
|    dropout_rate              | 0.345       |
|    escalation_rate           | 0.0384      |
|    mean_episode_length_100ep | 14.8        |
|    mean_reward_100ep         | 1.52        |
|    resolution_rate           | 0.617       |
|    timeout_rate              | 0           |
| progress/                    |             |
|    percent                   | 22.7        |
|    steps_per_second          | 0.332       |
| rollout/                     |             |
|    ep_len_mean               | 14.9        |
|    ep_rew_mean               | 1.9         |
| time/                        |             |
|    fps                       | 0           |
|    iterations                | 266         |
|    time_elapsed              | 102648      |
|    total_timesteps           | 34048       |
| train/                       |             |
|    approx_kl                 | 0.009704541 |
|    clip_fraction             | 0.0344      |
|    clip_range                | 0.2         |
|    entropy_loss              | -0.974      |
|    explained_variance        | -0.0321     |
|    learning_rate             | 0.0003      |
|    loss                      | 38.6        |
|    n_updates                 | 1325        |
|    policy_gradient_loss      | -0.00686    |
|    value_loss                | 208         |
----------------------------------------------
[Progress] 22.70% | 34,049/150,000 steps | 0.3317 steps/s | ETA 97h 6m 10s
[Progress] 22.72% | 34,074/150,000 steps | 0.3317 steps/s | ETA 97h 4m 35s
[Progress] 22.73% | 34,099/150,000 steps | 0.3317 steps/s | ETA 97h 3m 19s
[Progress] 22.75% | 34,124/150,000 steps | 0.3317 steps/s | ETA 97h 1m 49s
[Progress] 22.77% | 34,149/150,000 steps | 0.3317 steps/s | ETA 97h 0m 19s
[Progress] 22.78% | 34,174/150,000 steps | 0.3318 steps/s | ETA 96h 58m 46s
-----------------------------------------
| progress/               |             |
|    percent              | 22.8        |
|    steps_per_second     | 0.332       |
| rollout/                |             |
|    ep_len_mean          | 14.8        |
|    ep_rew_mean          | 4.76        |
| time/                   |             |
|    fps                  | 0           |
|    iterations           | 267         |
|    time_elapsed         | 103013      |
|    total_timesteps      | 34176       |
| train/                  |             |
|    approx_kl            | 0.014337992 |
|    clip_fraction        | 0.075       |
|    clip_range           | 0.2         |
|    entropy_loss         | -0.927      |
|    explained_variance   | 0.0544      |
|    learning_rate        | 0.0003      |
|    loss                 | 146         |
|    n_updates            | 1330        |
|    policy_gradient_loss | -0.0131     |
|    value_loss           | 595         |
-----------------------------------------
[Progress] 22.80% | 34,199/150,000 steps | 0.3318 steps/s | ETA 96h 57m 18s
[Progress] 22.82% | 34,224/150,000 steps | 0.3318 steps/s | ETA 96h 56m 2s
[Progress] 22.83% | 34,249/150,000 steps | 0.3318 steps/s | ETA 96h 54m 26s
[Progress] 22.85% | 34,274/150,000 steps | 0.3318 steps/s | ETA 96h 52m 38s
[Progress] 22.87% | 34,299/150,000 steps | 0.3319 steps/s | ETA 96h 50m 41s
-------------------------------------------
| progress/               |               |
|    percent              | 22.9          |
|    steps_per_second     | 0.332         |
| rollout/                |               |
|    ep_len_mean          | 14.8          |
|    ep_rew_mean          | 5.69          |
| time/                   |               |
|    fps                  | 0             |
|    iterations           | 268           |
|    time_elapsed         | 103367        |
|    total_timesteps      | 34304         |
| train/                  |               |
|    approx_kl            | 0.00066176895 |
|    clip_fraction        | 0             |
|    clip_range           | 0.2           |
|    entropy_loss         | -0.924        |
|    explained_variance   | 0.0166        |
|    learning_rate        | 0.0003        |
|    loss                 | 103           |
|    n_updates            | 1335          |
|    policy_gradient_loss | -0.000904     |
|    value_loss           | 445           |
-------------------------------------------
[Progress] 22.88% | 34,324/150,000 steps | 0.3319 steps/s | ETA 96h 48m 54s
[Progress] 22.90% | 34,349/150,000 steps | 0.3319 steps/s | ETA 96h 47m 20s
[Progress] 22.92% | 34,374/150,000 steps | 0.3319 steps/s | ETA 96h 45m 24s
[Progress] 22.93% | 34,399/150,000 steps | 0.3319 steps/s | ETA 96h 44m 8s
[Progress] 22.95% | 34,424/150,000 steps | 0.3320 steps/s | ETA 96h 42m 37s
------------------------------------------
| progress/               |              |
|    percent              | 22.9         |
|    steps_per_second     | 0.332        |
| rollout/                |              |
|    ep_len_mean          | 14.8         |
|    ep_rew_mean          | 6            |
| time/                   |              |
|    fps                  | 0            |
|    iterations           | 269          |
|    time_elapsed         | 103717       |
|    total_timesteps      | 34432        |
| train/                  |              |
|    approx_kl            | 0.0009222203 |
|    clip_fraction        | 0            |
|    clip_range           | 0.2          |
|    entropy_loss         | -0.922       |
|    explained_variance   | -0.0998      |
|    learning_rate        | 0.0003       |
|    loss                 | 67.6         |
|    n_updates            | 1340         |
|    policy_gradient_loss | -0.00154     |
|    value_loss           | 230          |
------------------------------------------
[Progress] 22.97% | 34,449/150,000 steps | 0.3320 steps/s | ETA 96h 40m 42s
[Progress] 22.98% | 34,474/150,000 steps | 0.3320 steps/s | ETA 96h 38m 56s
[Progress] 23.00% | 34,499/150,000 steps | 0.3320 steps/s | ETA 96h 37m 32s
Step 34,500 | Mean reward: 6.334 | Resolution: 61.9% | Escalation: 3.8%
[Progress] 23.02% | 34,524/150,000 steps | 0.3321 steps/s | ETA 96h 35m 52s
[Progress] 23.03% | 34,549/150,000 steps | 0.3321 steps/s | ETA 96h 34m 37s
----------------------------------------------
| custom/                      |             |
|    dropout_rate              | 0.343       |
|    escalation_rate           | 0.0378      |
|    mean_episode_length_100ep | 14.7        |
|    mean_reward_100ep         | 6.33        |
|    resolution_rate           | 0.619       |
|    timeout_rate              | 0           |
| progress/                    |             |
|    percent                   | 23          |
|    steps_per_second          | 0.332       |
| rollout/                     |             |
|    ep_len_mean               | 14.6        |
|    ep_rew_mean               | 6.68        |
| time/                        |             |
|    fps                       | 0           |
|    iterations                | 270         |
|    time_elapsed              | 104072      |
|    total_timesteps           | 34560       |
| train/                       |             |
|    approx_kl                 | 0.006882418 |
|    clip_fraction             | 0.0359      |
|    clip_range                | 0.2         |
|    entropy_loss              | -0.935      |
|    explained_variance        | -0.0593     |
|    learning_rate             | 0.0003      |
|    loss                      | 59.2        |
|    n_updates                 | 1345        |
|    policy_gradient_loss      | -0.00689    |
|    value_loss                | 260         |
----------------------------------------------
[Progress] 23.05% | 34,574/150,000 steps | 0.3321 steps/s | ETA 96h 32m 54s
[Progress] 23.07% | 34,599/150,000 steps | 0.3321 steps/s | ETA 96h 31m 12s
[Progress] 23.08% | 34,624/150,000 steps | 0.3321 steps/s | ETA 96h 29m 56s
[Progress] 23.10% | 34,649/150,000 steps | 0.3322 steps/s | ETA 96h 27m 57s
[Progress] 23.12% | 34,674/150,000 steps | 0.3322 steps/s | ETA 96h 26m 14s
-----------------------------------------
| progress/               |             |
|    percent              | 23.1        |
|    steps_per_second     | 0.332       |
| rollout/                |             |
|    ep_len_mean          | 14.8        |
|    ep_rew_mean          | 7.29        |
| time/                   |             |
|    fps                  | 0           |
|    iterations           | 271         |
|    time_elapsed         | 104419      |
|    total_timesteps      | 34688       |
| train/                  |             |
|    approx_kl            | 0.004419461 |
|    clip_fraction        | 0.0141      |
|    clip_range           | 0.2         |
|    entropy_loss         | -0.965      |
|    explained_variance   | 0.0162      |
|    learning_rate        | 0.0003      |
|    loss                 | 118         |
|    n_updates            | 1350        |
|    policy_gradient_loss | -0.00454    |
|    value_loss           | 399         |
-----------------------------------------
[Progress] 23.13% | 34,699/150,000 steps | 0.3322 steps/s | ETA 96h 24m 46s
[Progress] 23.15% | 34,724/150,000 steps | 0.3322 steps/s | ETA 96h 23m 15s
[Progress] 23.17% | 34,749/150,000 steps | 0.3321 steps/s | ETA 96h 23m 18s
[Progress] 23.18% | 34,774/150,000 steps | 0.3321 steps/s | ETA 96h 22m 20s
[Progress] 23.20% | 34,799/150,000 steps | 0.3321 steps/s | ETA 96h 20m 51s
-----------------------------------------
| progress/               |             |
|    percent              | 23.2        |
|    steps_per_second     | 0.332       |
| rollout/                |             |
|    ep_len_mean          | 14.8        |
|    ep_rew_mean          | 9.05        |
| time/                   |             |
|    fps                  | 0           |
|    iterations           | 272         |
|    time_elapsed         | 104820      |
|    total_timesteps      | 34816       |
| train/                  |             |
|    approx_kl            | 0.003970031 |
|    clip_fraction        | 0.0141      |
|    clip_range           | 0.2         |
|    entropy_loss         | -0.984      |
|    explained_variance   | 0.00467     |
|    learning_rate        | 0.0003      |
|    loss                 | 70.9        |
|    n_updates            | 1355        |
|    policy_gradient_loss | -0.0036     |
|    value_loss           | 274         |
-----------------------------------------
[Progress] 23.22% | 34,824/150,000 steps | 0.3322 steps/s | ETA 96h 19m 11s
[Progress] 23.23% | 34,849/150,000 steps | 0.3322 steps/s | ETA 96h 17m 27s
[Progress] 23.25% | 34,874/150,000 steps | 0.3322 steps/s | ETA 96h 15m 50s
[Progress] 23.27% | 34,899/150,000 steps | 0.3322 steps/s | ETA 96h 14m 34s
[Progress] 23.28% | 34,924/150,000 steps | 0.3322 steps/s | ETA 96h 13m 24s
------------------------------------------
| progress/               |              |
|    percent              | 23.3         |
|    steps_per_second     | 0.332        |
| rollout/                |              |
|    ep_len_mean          | 14.7         |
|    ep_rew_mean          | 10.2         |
| time/                   |              |
|    fps                  | 0            |
|    iterations           | 273          |
|    time_elapsed         | 105185       |
|    total_timesteps      | 34944        |
| train/                  |              |
|    approx_kl            | 0.0002700165 |
|    clip_fraction        | 0            |
|    clip_range           | 0.2          |
|    entropy_loss         | -0.996       |
|    explained_variance   | 0.0651       |
|    learning_rate        | 0.0003       |
|    loss                 | 53.6         |
|    n_updates            | 1360         |
|    policy_gradient_loss | 0.00179      |
|    value_loss           | 220          |
------------------------------------------
[Progress] 23.30% | 34,949/150,000 steps | 0.3322 steps/s | ETA 96h 11m 54s
[Progress] 23.32% | 34,974/150,000 steps | 0.3322 steps/s | ETA 96h 10m 8s
[Progress] 23.33% | 34,999/150,000 steps | 0.3323 steps/s | ETA 96h 8m 40s
Step 35,000 | Mean reward: 11.052 | Resolution: 62.2% | Escalation: 3.7%
[Progress] 23.35% | 35,024/150,000 steps | 0.3297 steps/s | ETA 96h 52m 2s
[Progress] 23.37% | 35,049/150,000 steps | 0.3297 steps/s | ETA 96h 50m 37s
----------------------------------------------
| custom/                      |             |
|    dropout_rate              | 0.34        |
|    escalation_rate           | 0.0373      |
|    mean_episode_length_100ep | 14.7        |
|    mean_reward_100ep         | 11.1        |
|    resolution_rate           | 0.622       |
|    timeout_rate              | 0           |
| eval/                        |             |
|    escalation_rate           | 0           |
|    mean_reward               | -16.1       |
|    resolution_rate           | 0.65        |
| progress/                    |             |
|    percent                   | 23.4        |
|    steps_per_second          | 0.33        |
| rollout/                     |             |
|    ep_len_mean               | 14.8        |
|    ep_rew_mean               | 9.5         |
| time/                        |             |
|    fps                       | 0           |
|    iterations                | 274         |
|    time_elapsed              | 106362      |
|    total_timesteps           | 35072       |
| train/                       |             |
|    approx_kl                 | 0.009306034 |
|    clip_fraction             | 0.0609      |
|    clip_range                | 0.2         |
|    entropy_loss              | -0.993      |
|    explained_variance        | -0.0241     |
|    learning_rate             | 0.0003      |
|    loss                      | 53          |
|    n_updates                 | 1365        |
|    policy_gradient_loss      | -0.0084     |
|    value_loss                | 252         |
----------------------------------------------
[Progress] 23.38% | 35,074/150,000 steps | 0.3297 steps/s | ETA 96h 48m 51s
[Progress] 23.40% | 35,099/150,000 steps | 0.3297 steps/s | ETA 96h 47m 29s
[Progress] 23.42% | 35,124/150,000 steps | 0.3298 steps/s | ETA 96h 45m 57s
[Progress] 23.43% | 35,149/150,000 steps | 0.3298 steps/s | ETA 96h 44m 17s
[Progress] 23.45% | 35,174/150,000 steps | 0.3298 steps/s | ETA 96h 42m 23s
[Progress] 23.47% | 35,199/150,000 steps | 0.3298 steps/s | ETA 96h 41m 0s
-----------------------------------------
| progress/               |             |
|    percent              | 23.5        |
|    steps_per_second     | 0.33        |
| rollout/                |             |
|    ep_len_mean          | 14.8        |
|    ep_rew_mean          | 10.4        |
| time/                   |             |
|    fps                  | 0           |
|    iterations           | 275         |
|    time_elapsed         | 106721      |
|    total_timesteps      | 35200       |
| train/                  |             |
|    approx_kl            | 0.021034684 |
|    clip_fraction        | 0.166       |
|    clip_range           | 0.2         |
|    entropy_loss         | -1.03       |
|    explained_variance   | 0.0232      |
|    learning_rate        | 0.0003      |
|    loss                 | 85.6        |
|    n_updates            | 1370        |
|    policy_gradient_loss | -0.0113     |
|    value_loss           | 384         |
-----------------------------------------
[Progress] 23.48% | 35,224/150,000 steps | 0.3298 steps/s | ETA 96h 39m 36s
[Progress] 23.50% | 35,249/150,000 steps | 0.3298 steps/s | ETA 96h 38m 13s
[Progress] 23.52% | 35,274/150,000 steps | 0.3299 steps/s | ETA 96h 36m 51s
[Progress] 23.53% | 35,299/150,000 steps | 0.3299 steps/s | ETA 96h 35m 13s
[Progress] 23.55% | 35,324/150,000 steps | 0.3299 steps/s | ETA 96h 33m 18s
----------------------------------------
| progress/               |            |
|    percent              | 23.5       |
|    steps_per_second     | 0.33       |
| rollout/                |            |
|    ep_len_mean          | 15.1       |
|    ep_rew_mean          | 7.57       |
| time/                   |            |
|    fps                  | 0          |
|    iterations           | 276        |
|    time_elapsed         | 107081     |
|    total_timesteps      | 35328      |
| train/                  |            |
|    approx_kl            | 0.01686278 |
|    clip_fraction        | 0.116      |
|    clip_range           | 0.2        |
|    entropy_loss         | -1.03      |
|    explained_variance   | 0.0769     |
|    learning_rate        | 0.0003     |
|    loss                 | 43.9       |
|    n_updates            | 1375       |
|    policy_gradient_loss | -0.00764   |
|    value_loss           | 183        |
----------------------------------------
[Progress] 23.57% | 35,349/150,000 steps | 0.3299 steps/s | ETA 96h 31m 36s
[Progress] 23.58% | 35,374/150,000 steps | 0.3299 steps/s | ETA 96h 30m 5s
[Progress] 23.60% | 35,399/150,000 steps | 0.3300 steps/s | ETA 96h 28m 40s
[Progress] 23.62% | 35,424/150,000 steps | 0.3300 steps/s | ETA 96h 27m 6s
[Progress] 23.63% | 35,449/150,000 steps | 0.3300 steps/s | ETA 96h 25m 22s
------------------------------------------
| progress/               |              |
|    percent              | 23.6         |
|    steps_per_second     | 0.33         |
| rollout/                |              |
|    ep_len_mean          | 14.9         |
|    ep_rew_mean          | 6.75         |
| time/                   |              |
|    fps                  | 0            |
|    iterations           | 277          |
|    time_elapsed         | 107441       |
|    total_timesteps      | 35456        |
| train/                  |              |
|    approx_kl            | 0.0006605969 |
|    clip_fraction        | 0            |
|    clip_range           | 0.2          |
|    entropy_loss         | -0.978       |
|    explained_variance   | 0.00293      |
|    learning_rate        | 0.0003       |
|    loss                 | 371          |
|    n_updates            | 1380         |
|    policy_gradient_loss | -0.00177     |
|    value_loss           | 1.2e+03      |
------------------------------------------
[Progress] 23.65% | 35,474/150,000 steps | 0.3300 steps/s | ETA 96h 23m 46s
[Progress] 23.67% | 35,499/150,000 steps | 0.3300 steps/s | ETA 96h 22m 6s
Step 35,500 | Mean reward: 6.995 | Resolution: 62.2% | Escalation: 3.7%
[Progress] 23.68% | 35,524/150,000 steps | 0.3301 steps/s | ETA 96h 20m 18s
[Progress] 23.70% | 35,549/150,000 steps | 0.3301 steps/s | ETA 96h 18m 44s
[Progress] 23.72% | 35,574/150,000 steps | 0.3301 steps/s | ETA 96h 17m 11s
-----------------------------------------------
| custom/                      |              |
|    dropout_rate              | 0.341        |
|    escalation_rate           | 0.0369       |
|    mean_episode_length_100ep | 14.9         |
|    mean_reward_100ep         | 6.99         |
|    resolution_rate           | 0.622        |
|    timeout_rate              | 0            |
| progress/                    |              |
|    percent                   | 23.7         |
|    steps_per_second          | 0.33         |
| rollout/                     |              |
|    ep_len_mean               | 14.9         |
|    ep_rew_mean               | 6.95         |
| time/                        |              |
|    fps                       | 0            |
|    iterations                | 278          |
|    time_elapsed              | 107795       |
|    total_timesteps           | 35584        |
| train/                       |              |
|    approx_kl                 | 0.0013979371 |
|    clip_fraction             | 0.00625      |
|    clip_range                | 0.2          |
|    entropy_loss              | -1.01        |
|    explained_variance        | -0.055       |
|    learning_rate             | 0.0003       |
|    loss                      | 100          |
|    n_updates                 | 1385         |
|    policy_gradient_loss      | -0.00449     |
|    value_loss                | 353          |
-----------------------------------------------
[Progress] 23.73% | 35,599/150,000 steps | 0.3301 steps/s | ETA 96h 15m 46s
[Progress] 23.75% | 35,624/150,000 steps | 0.3302 steps/s | ETA 96h 13m 51s
[Progress] 23.77% | 35,649/150,000 steps | 0.3302 steps/s | ETA 96h 12m 19s
[Progress] 23.78% | 35,674/150,000 steps | 0.3302 steps/s | ETA 96h 10m 38s
[Progress] 23.80% | 35,699/150,000 steps | 0.3302 steps/s | ETA 96h 9m 30s
----------------------------------------
| progress/               |            |
|    percent              | 23.8       |
|    steps_per_second     | 0.33       |
| rollout/                |            |
|    ep_len_mean          | 15.3       |
|    ep_rew_mean          | 5.58       |
| time/                   |            |
|    fps                  | 0          |
|    iterations           | 279        |
|    time_elapsed         | 108157     |
|    total_timesteps      | 35712      |
| train/                  |            |
|    approx_kl            | 0.01005117 |
|    clip_fraction        | 0.0578     |
|    clip_range           | 0.2        |
|    entropy_loss         | -1.01      |
|    explained_variance   | 0.131      |
|    learning_rate        | 0.0003     |
|    loss                 | 113        |
|    n_updates            | 1390       |
|    policy_gradient_loss | -0.0103    |
|    value_loss           | 498        |
----------------------------------------
[Progress] 23.82% | 35,724/150,000 steps | 0.3302 steps/s | ETA 96h 7m 59s
[Progress] 23.83% | 35,749/150,000 steps | 0.3302 steps/s | ETA 96h 6m 22s
[Progress] 23.85% | 35,774/150,000 steps | 0.3302 steps/s | ETA 96h 4m 39s
[Progress] 23.87% | 35,799/150,000 steps | 0.3303 steps/s | ETA 96h 3m 7s
[Progress] 23.88% | 35,824/150,000 steps | 0.3303 steps/s | ETA 96h 1m 37s
------------------------------------------
| progress/               |              |
|    percent              | 23.9         |
|    steps_per_second     | 0.33         |
| rollout/                |              |
|    ep_len_mean          | 15.3         |
|    ep_rew_mean          | 5.47         |
| time/                   |              |
|    fps                  | 0            |
|    iterations           | 280          |
|    time_elapsed         | 108521       |
|    total_timesteps      | 35840        |
| train/                  |              |
|    approx_kl            | 0.0016788705 |
|    clip_fraction        | 0            |
|    clip_range           | 0.2          |
|    entropy_loss         | -0.98        |
|    explained_variance   | -0.116       |
|    learning_rate        | 0.0003       |
|    loss                 | 101          |
|    n_updates            | 1395         |
|    policy_gradient_loss | -0.00444     |
|    value_loss           | 453          |
------------------------------------------
[Progress] 23.90% | 35,849/150,000 steps | 0.3303 steps/s | ETA 96h 0m 35s
[Progress] 23.92% | 35,874/150,000 steps | 0.3303 steps/s | ETA 95h 58m 59s
[Progress] 23.93% | 35,899/150,000 steps | 0.3303 steps/s | ETA 95h 57m 13s
[Progress] 23.95% | 35,924/150,000 steps | 0.3303 steps/s | ETA 95h 55m 32s
[Progress] 23.97% | 35,949/150,000 steps | 0.3304 steps/s | ETA 95h 53m 45s
------------------------------------------
| progress/               |              |
|    percent              | 24           |
|    steps_per_second     | 0.33         |
| rollout/                |              |
|    ep_len_mean          | 15.1         |
|    ep_rew_mean          | 5.92         |
| time/                   |              |
|    fps                  | 0            |
|    iterations           | 281          |
|    time_elapsed         | 108865       |
|    total_timesteps      | 35968        |
| train/                  |              |
|    approx_kl            | 0.0006996952 |
|    clip_fraction        | 0.00156      |
|    clip_range           | 0.2          |
|    entropy_loss         | -1           |
|    explained_variance   | 0.0557       |
|    learning_rate        | 0.0003       |
|    loss                 | 119          |
|    n_updates            | 1400         |
|    policy_gradient_loss | -0.000904    |
|    value_loss           | 455          |
------------------------------------------
[Progress] 23.98% | 35,974/150,000 steps | 0.3304 steps/s | ETA 95h 52m 2s
[Progress] 24.00% | 35,999/150,000 steps | 0.3304 steps/s | ETA 95h 50m 22s
Step 36,000 | Mean reward: 6.220 | Resolution: 62.4% | Escalation: 3.7%
[Progress] 24.02% | 36,024/150,000 steps | 0.3304 steps/s | ETA 95h 48m 47s
[Progress] 24.03% | 36,049/150,000 steps | 0.3304 steps/s | ETA 95h 47m 23s
[Progress] 24.05% | 36,074/150,000 steps | 0.3304 steps/s | ETA 95h 46m 1s
-----------------------------------------------
| custom/                      |              |
|    dropout_rate              | 0.339        |
|    escalation_rate           | 0.0372       |
|    mean_episode_length_100ep | 15.2         |
|    mean_reward_100ep         | 6.22         |
|    resolution_rate           | 0.624        |
|    timeout_rate              | 0            |
| progress/                    |              |
|    percent                   | 24           |
|    steps_per_second          | 0.33         |
| rollout/                     |              |
|    ep_len_mean               | 15.2         |
|    ep_rew_mean               | 5.18         |
| time/                        |              |
|    fps                       | 0            |
|    iterations                | 282          |
|    time_elapsed              | 109230       |
|    total_timesteps           | 36096        |
| train/                       |              |
|    approx_kl                 | 0.0027473378 |
|    clip_fraction             | 0.00313      |
|    clip_range                | 0.2          |
|    entropy_loss              | -1.01        |
|    explained_variance        | 0.0461       |
|    learning_rate             | 0.0003       |
|    loss                      | 55.1         |
|    n_updates                 | 1405         |
|    policy_gradient_loss      | -0.00551     |
|    value_loss                | 267          |
-----------------------------------------------
[Progress] 24.07% | 36,099/150,000 steps | 0.3305 steps/s | ETA 95h 44m 38s
[Progress] 24.08% | 36,124/150,000 steps | 0.3305 steps/s | ETA 95h 42m 55s
[Progress] 24.10% | 36,149/150,000 steps | 0.3305 steps/s | ETA 95h 41m 46s
[Progress] 24.12% | 36,174/150,000 steps | 0.3305 steps/s | ETA 95h 40m 14s
[Progress] 24.13% | 36,199/150,000 steps | 0.3305 steps/s | ETA 95h 38m 44s
[Progress] 24.15% | 36,224/150,000 steps | 0.3305 steps/s | ETA 95h 37m 32s
------------------------------------------
| progress/               |              |
|    percent              | 24.1         |
|    steps_per_second     | 0.331        |
| rollout/                |              |
|    ep_len_mean          | 15           |
|    ep_rew_mean          | 2.13         |
| time/                   |              |
|    fps                  | 0            |
|    iterations           | 283          |
|    time_elapsed         | 109603       |
|    total_timesteps      | 36224        |
| train/                  |              |
|    approx_kl            | 0.0051196227 |
|    clip_fraction        | 0.0109       |
|    clip_range           | 0.2          |
|    entropy_loss         | -0.98        |
|    explained_variance   | 0.0442       |
|    learning_rate        | 0.0003       |
|    loss                 | 111          |
|    n_updates            | 1410         |
|    policy_gradient_loss | -0.00178     |
|    value_loss           | 392          |
------------------------------------------
[Progress] 24.17% | 36,249/150,000 steps | 0.3305 steps/s | ETA 95h 35m 41s
[Progress] 24.18% | 36,274/150,000 steps | 0.3305 steps/s | ETA 95h 34m 18s
[Progress] 24.20% | 36,299/150,000 steps | 0.3306 steps/s | ETA 95h 32m 39s
[Progress] 24.22% | 36,324/150,000 steps | 0.3306 steps/s | ETA 95h 30m 54s
[Progress] 24.23% | 36,349/150,000 steps | 0.3306 steps/s | ETA 95h 29m 46s
------------------------------------------
| progress/               |              |
|    percent              | 24.2         |
|    steps_per_second     | 0.331        |
| rollout/                |              |
|    ep_len_mean          | 15           |
|    ep_rew_mean          | 0.323        |
| time/                   |              |
|    fps                  | 0            |
|    iterations           | 284          |
|    time_elapsed         | 109960       |
|    total_timesteps      | 36352        |
| train/                  |              |
|    approx_kl            | 0.0034238636 |
|    clip_fraction        | 0.00156      |
|    clip_range           | 0.2          |
|    entropy_loss         | -0.996       |
|    explained_variance   | 0.115        |
|    learning_rate        | 0.0003       |
|    loss                 | 180          |
|    n_updates            | 1415         |
|    policy_gradient_loss | -0.0062      |
|    value_loss           | 962          |
------------------------------------------
[Progress] 24.25% | 36,374/150,000 steps | 0.3306 steps/s | ETA 95h 28m 21s
[Progress] 24.27% | 36,399/150,000 steps | 0.3306 steps/s | ETA 95h 26m 54s
[Progress] 24.28% | 36,424/150,000 steps | 0.3306 steps/s | ETA 95h 25m 36s
[Progress] 24.30% | 36,449/150,000 steps | 0.3306 steps/s | ETA 95h 24m 9s
[Progress] 24.32% | 36,474/150,000 steps | 0.3306 steps/s | ETA 95h 22m 50s
-------------------------------------------
| progress/               |               |
|    percent              | 24.3          |
|    steps_per_second     | 0.331         |
| rollout/                |               |
|    ep_len_mean          | 14.9          |
|    ep_rew_mean          | -1.83         |
| time/                   |               |
|    fps                  | 0             |
|    iterations           | 285           |
|    time_elapsed         | 110338        |
|    total_timesteps      | 36480         |
| train/                  |               |
|    approx_kl            | 0.00070880447 |
|    clip_fraction        | 0             |
|    clip_range           | 0.2           |
|    entropy_loss         | -0.949        |
|    explained_variance   | 0.0997        |
|    learning_rate        | 0.0003        |
|    loss                 | 246           |
|    n_updates            | 1420          |
|    policy_gradient_loss | 0.000894      |
|    value_loss           | 991           |
-------------------------------------------
[Progress] 24.33% | 36,499/150,000 steps | 0.3306 steps/s | ETA 95h 21m 32s
Step 36,500 | Mean reward: -2.092 | Resolution: 62.3% | Escalation: 3.7%
[Progress] 24.35% | 36,524/150,000 steps | 0.3307 steps/s | ETA 95h 19m 46s
[Progress] 24.37% | 36,549/150,000 steps | 0.3307 steps/s | ETA 95h 18m 30s
[Progress] 24.38% | 36,574/150,000 steps | 0.3307 steps/s | ETA 95h 16m 55s
[Progress] 24.40% | 36,599/150,000 steps | 0.3307 steps/s | ETA 95h 15m 27s
----------------------------------------------
| custom/                      |             |
|    dropout_rate              | 0.341       |
|    escalation_rate           | 0.0367      |
|    mean_episode_length_100ep | 14.9        |
|    mean_reward_100ep         | -2.09       |
|    resolution_rate           | 0.623       |
|    timeout_rate              | 0           |
| progress/                    |             |
|    percent                   | 24.4        |
|    steps_per_second          | 0.331       |
| rollout/                     |             |
|    ep_len_mean               | 15          |
|    ep_rew_mean               | -2.67       |
| time/                        |             |
|    fps                       | 0           |
|    iterations                | 286         |
|    time_elapsed              | 110705      |
|    total_timesteps           | 36608       |
| train/                       |             |
|    approx_kl                 | 0.005935102 |
|    clip_fraction             | 0.0141      |
|    clip_range                | 0.2         |
|    entropy_loss              | -0.985      |
|    explained_variance        | -0.0258     |
|    learning_rate             | 0.0003      |
|    loss                      | 80.7        |
|    n_updates                 | 1425        |
|    policy_gradient_loss      | -0.0056     |
|    value_loss                | 342         |
----------------------------------------------
[Progress] 24.42% | 36,624/150,000 steps | 0.3307 steps/s | ETA 95h 14m 10s
[Progress] 24.43% | 36,649/150,000 steps | 0.3307 steps/s | ETA 95h 12m 53s
[Progress] 24.45% | 36,674/150,000 steps | 0.3307 steps/s | ETA 95h 11m 41s
[Progress] 24.47% | 36,699/150,000 steps | 0.3307 steps/s | ETA 95h 10m 3s
[Progress] 24.48% | 36,724/150,000 steps | 0.3307 steps/s | ETA 95h 8m 27s
------------------------------------------
| progress/               |              |
|    percent              | 24.5         |
|    steps_per_second     | 0.331        |
| rollout/                |              |
|    ep_len_mean          | 14.6         |
|    ep_rew_mean          | -0.877       |
| time/                   |              |
|    fps                  | 0            |
|    iterations           | 287          |
|    time_elapsed         | 111075       |
|    total_timesteps      | 36736        |
| train/                  |              |
|    approx_kl            | 0.0015110574 |
|    clip_fraction        | 0            |
|    clip_range           | 0.2          |
|    entropy_loss         | -0.985       |
|    explained_variance   | 0.0197       |
|    learning_rate        | 0.0003       |
|    loss                 | 133          |
|    n_updates            | 1430         |
|    policy_gradient_loss | -0.000988    |
|    value_loss           | 453          |
------------------------------------------
[Progress] 24.50% | 36,749/150,000 steps | 0.3307 steps/s | ETA 95h 7m 7s
[Progress] 24.52% | 36,774/150,000 steps | 0.3308 steps/s | ETA 95h 5m 27s
[Progress] 24.53% | 36,799/150,000 steps | 0.3308 steps/s | ETA 95h 3m 46s
[Progress] 24.55% | 36,824/150,000 steps | 0.3308 steps/s | ETA 95h 1m 52s
[Progress] 24.57% | 36,849/150,000 steps | 0.3308 steps/s | ETA 95h 0m 28s
------------------------------------------
| progress/               |              |
|    percent              | 24.6         |
|    steps_per_second     | 0.331        |
| rollout/                |              |
|    ep_len_mean          | 14.6         |
|    ep_rew_mean          | 2.71         |
| time/                   |              |
|    fps                  | 0            |
|    iterations           | 288          |
|    time_elapsed         | 111428       |
|    total_timesteps      | 36864        |
| train/                  |              |
|    approx_kl            | 0.0030346056 |
|    clip_fraction        | 0            |
|    clip_range           | 0.2          |
|    entropy_loss         | -1.01        |
|    explained_variance   | 0.0501       |
|    learning_rate        | 0.0003       |
|    loss                 | 136          |
|    n_updates            | 1435         |
|    policy_gradient_loss | 0.00123      |
|    value_loss           | 550          |
------------------------------------------
[Progress] 24.58% | 36,874/150,000 steps | 0.3308 steps/s | ETA 94h 58m 58s
[Progress] 24.60% | 36,899/150,000 steps | 0.3309 steps/s | ETA 94h 57m 18s
[Progress] 24.62% | 36,924/150,000 steps | 0.3309 steps/s | ETA 94h 55m 43s
[Progress] 24.63% | 36,949/150,000 steps | 0.3309 steps/s | ETA 94h 54m 32s
[Progress] 24.65% | 36,974/150,000 steps | 0.3309 steps/s | ETA 94h 52m 48s
--------------------------------------------
| progress/               |                |
|    percent              | 24.6           |
|    steps_per_second     | 0.331          |
| rollout/                |                |
|    ep_len_mean          | 14.4           |
|    ep_rew_mean          | 2.85           |
| time/                   |                |
|    fps                  | 0              |
|    iterations           | 289            |
|    time_elapsed         | 111783         |
|    total_timesteps      | 36992          |
| train/                  |                |
|    approx_kl            | 0.000105095096 |
|    clip_fraction        | 0              |
|    clip_range           | 0.2            |
|    entropy_loss         | -1.01          |
|    explained_variance   | 0.0127         |
|    learning_rate        | 0.0003         |
|    loss                 | 79             |
|    n_updates            | 1440           |
|    policy_gradient_loss | -0.000216      |
|    value_loss           | 398            |
--------------------------------------------
[Progress] 24.67% | 36,999/150,000 steps | 0.3309 steps/s | ETA 94h 51m 7s
Step 37,000 | Mean reward: 2.781 | Resolution: 62.4% | Escalation: 3.6%
[Progress] 24.68% | 37,024/150,000 steps | 0.3309 steps/s | ETA 94h 50m 5s
[Progress] 24.70% | 37,049/150,000 steps | 0.3309 steps/s | ETA 94h 48m 14s
[Progress] 24.72% | 37,074/150,000 steps | 0.3310 steps/s | ETA 94h 46m 36s
[Progress] 24.73% | 37,099/150,000 steps | 0.3310 steps/s | ETA 94h 45m 4s
-----------------------------------------------
| custom/                      |              |
|    dropout_rate              | 0.34         |
|    escalation_rate           | 0.0362       |
|    mean_episode_length_100ep | 14.4         |
|    mean_reward_100ep         | 2.78         |
|    resolution_rate           | 0.624        |
|    timeout_rate              | 0            |
| progress/                    |              |
|    percent                   | 24.7         |
|    steps_per_second          | 0.331        |
| rollout/                     |              |
|    ep_len_mean               | 14.2         |
|    ep_rew_mean               | 4.64         |
| time/                        |              |
|    fps                       | 0            |
|    iterations                | 290          |
|    time_elapsed              | 112147       |
|    total_timesteps           | 37120        |
| train/                       |              |
|    approx_kl                 | 0.0027945112 |
|    clip_fraction             | 0            |
|    clip_range                | 0.2          |
|    entropy_loss              | -1.01        |
|    explained_variance        | -0.0264      |
|    learning_rate             | 0.0003       |
|    loss                      | 87.6         |
|    n_updates                 | 1445         |
|    policy_gradient_loss      | -0.00561     |
|    value_loss                | 359          |
-----------------------------------------------
[Progress] 24.75% | 37,124/150,000 steps | 0.3310 steps/s | ETA 94h 43m 37s
[Progress] 24.77% | 37,149/150,000 steps | 0.3310 steps/s | ETA 94h 42m 8s
[Progress] 24.78% | 37,174/150,000 steps | 0.3310 steps/s | ETA 94h 40m 26s
[Progress] 24.80% | 37,199/150,000 steps | 0.3311 steps/s | ETA 94h 38m 41s
[Progress] 24.82% | 37,224/150,000 steps | 0.3311 steps/s | ETA 94h 36m 55s
-----------------------------------------
| progress/               |             |
|    percent              | 24.8        |
|    steps_per_second     | 0.331       |
| rollout/                |             |
|    ep_len_mean          | 14.5        |
|    ep_rew_mean          | 2.74        |
| time/                   |             |
|    fps                  | 0           |
|    iterations           | 291         |
|    time_elapsed         | 112494      |
|    total_timesteps      | 37248       |
| train/                  |             |
|    approx_kl            | 0.013019048 |
|    clip_fraction        | 0.134       |
|    clip_range           | 0.2         |
|    entropy_loss         | -0.97       |
|    explained_variance   | -0.176      |
|    learning_rate        | 0.0003      |
|    loss                 | 58.3        |
|    n_updates            | 1450        |
|    policy_gradient_loss | -0.00235    |
|    value_loss           | 269         |
-----------------------------------------
[Progress] 24.83% | 37,249/150,000 steps | 0.3311 steps/s | ETA 94h 35m 24s
[Progress] 24.85% | 37,274/150,000 steps | 0.3311 steps/s | ETA 94h 33m 53s
[Progress] 24.87% | 37,299/150,000 steps | 0.3312 steps/s | ETA 94h 32m 1s
[Progress] 24.88% | 37,324/150,000 steps | 0.3312 steps/s | ETA 94h 30m 23s
[Progress] 24.90% | 37,349/150,000 steps | 0.3312 steps/s | ETA 94h 28m 57s
[Progress] 24.92% | 37,374/150,000 steps | 0.3312 steps/s | ETA 94h 27m 27s
------------------------------------------
| progress/               |              |
|    percent              | 24.9         |
|    steps_per_second     | 0.331        |
| rollout/                |              |
|    ep_len_mean          | 14.6         |
|    ep_rew_mean          | 2.91         |
| time/                   |              |
|    fps                  | 0            |
|    iterations           | 292          |
|    time_elapsed         | 112848       |
|    total_timesteps      | 37376        |
| train/                  |              |
|    approx_kl            | 0.0030018454 |
|    clip_fraction        | 0.00469      |
|    clip_range           | 0.2          |
|    entropy_loss         | -0.958       |
|    explained_variance   | 0.0287       |
|    learning_rate        | 0.0003       |
|    loss                 | 188          |
|    n_updates            | 1455         |
|    policy_gradient_loss | -0.00602     |
|    value_loss           | 698          |
------------------------------------------
[Progress] 24.93% | 37,399/150,000 steps | 0.3312 steps/s | ETA 94h 26m 6s
[Progress] 24.95% | 37,424/150,000 steps | 0.3312 steps/s | ETA 94h 25m 23s
[Progress] 24.97% | 37,449/150,000 steps | 0.3312 steps/s | ETA 94h 24m 12s
[Progress] 24.98% | 37,474/150,000 steps | 0.3312 steps/s | ETA 94h 22m 59s
[Progress] 25.00% | 37,499/150,000 steps | 0.3312 steps/s | ETA 94h 21m 49s
Step 37,500 | Mean reward: 3.692 | Resolution: 62.6% | Escalation: 3.6%
-----------------------------------------------
| custom/                      |              |
|    dropout_rate              | 0.339        |
|    escalation_rate           | 0.0358       |
|    mean_episode_length_100ep | 14.8         |
|    mean_reward_100ep         | 3.69         |
|    resolution_rate           | 0.626        |
|    timeout_rate              | 0            |
| progress/                    |              |
|    percent                   | 25           |
|    steps_per_second          | 0.331        |
| rollout/                     |              |
|    ep_len_mean               | 14.8         |
|    ep_rew_mean               | 3.69         |
| time/                        |              |
|    fps                       | 0            |
|    iterations                | 293          |
|    time_elapsed              | 113246       |
|    total_timesteps           | 37504        |
| train/                       |              |
|    approx_kl                 | 0.0045867763 |
|    clip_fraction             | 0.00313      |
|    clip_range                | 0.2          |
|    entropy_loss              | -0.95        |
|    explained_variance        | 0.0226       |
|    learning_rate             | 0.0003       |
|    loss                      | 95.5         |
|    n_updates                 | 1460         |
|    policy_gradient_loss      | -0.003       |
|    value_loss                | 377          |
-----------------------------------------------
[Progress] 25.02% | 37,524/150,000 steps | 0.3312 steps/s | ETA 94h 20m 12s
[Progress] 25.03% | 37,549/150,000 steps | 0.3312 steps/s | ETA 94h 18m 56s
[Progress] 25.05% | 37,574/150,000 steps | 0.3312 steps/s | ETA 94h 17m 31s
[Progress] 25.07% | 37,599/150,000 steps | 0.3312 steps/s | ETA 94h 15m 38s
[Progress] 25.08% | 37,624/150,000 steps | 0.3312 steps/s | ETA 94h 14m 16s
-----------------------------------------
| progress/               |             |
|    percent              | 25.1        |
|    steps_per_second     | 0.331       |
| rollout/                |             |
|    ep_len_mean          | 15          |
|    ep_rew_mean          | 1.74        |
| time/                   |             |
|    fps                  | 0           |
|    iterations           | 294         |
|    time_elapsed         | 113606      |
|    total_timesteps      | 37632       |
| train/                  |             |
|    approx_kl            | 0.007313536 |
|    clip_fraction        | 0.0109      |
|    clip_range           | 0.2         |
|    entropy_loss         | -0.95       |
|    explained_variance   | -0.195      |
|    learning_rate        | 0.0003      |
|    loss                 | 45.8        |
|    n_updates            | 1465        |
|    policy_gradient_loss | -0.0126     |
|    value_loss           | 242         |
-----------------------------------------
[Progress] 25.10% | 37,649/150,000 steps | 0.3313 steps/s | ETA 94h 12m 48s
[Progress] 25.12% | 37,674/150,000 steps | 0.3313 steps/s | ETA 94h 11m 9s
[Progress] 25.13% | 37,699/150,000 steps | 0.3313 steps/s | ETA 94h 10m 2s
[Progress] 25.15% | 37,724/150,000 steps | 0.3313 steps/s | ETA 94h 8m 24s
[Progress] 25.17% | 37,749/150,000 steps | 0.3313 steps/s | ETA 94h 6m 45s
-----------------------------------------
| progress/               |             |
|    percent              | 25.2        |
|    steps_per_second     | 0.331       |
| rollout/                |             |
|    ep_len_mean          | 14.9        |
|    ep_rew_mean          | 5.99        |
| time/                   |             |
|    fps                  | 0           |
|    iterations           | 295         |
|    time_elapsed         | 113968      |
|    total_timesteps      | 37760       |
| train/                  |             |
|    approx_kl            | 0.002267276 |
|    clip_fraction        | 0           |
|    clip_range           | 0.2         |
|    entropy_loss         | -0.952      |
|    explained_variance   | 0.0707      |
|    learning_rate        | 0.0003      |
|    loss                 | 239         |
|    n_updates            | 1470        |
|    policy_gradient_loss | 0.000162    |
|    value_loss           | 861         |
-----------------------------------------
[Progress] 25.18% | 37,774/150,000 steps | 0.3313 steps/s | ETA 94h 5m 13s
[Progress] 25.20% | 37,799/150,000 steps | 0.3314 steps/s | ETA 94h 3m 27s
[Progress] 25.22% | 37,824/150,000 steps | 0.3314 steps/s | ETA 94h 2m 7s
[Progress] 25.23% | 37,849/150,000 steps | 0.3314 steps/s | ETA 94h 0m 52s
[Progress] 25.25% | 37,874/150,000 steps | 0.3314 steps/s | ETA 93h 59m 28s
------------------------------------------
| progress/               |              |
|    percent              | 25.2         |
|    steps_per_second     | 0.331        |
| rollout/                |              |
|    ep_len_mean          | 14.9         |
|    ep_rew_mean          | 7.55         |
| time/                   |              |
|    fps                  | 0            |
|    iterations           | 296          |
|    time_elapsed         | 114332       |
|    total_timesteps      | 37888        |
| train/                  |              |
|    approx_kl            | 0.0085762665 |
|    clip_fraction        | 0.0531       |
|    clip_range           | 0.2          |
|    entropy_loss         | -0.96        |
|    explained_variance   | 0.0393       |
|    learning_rate        | 0.0003       |
|    loss                 | 73.2         |
|    n_updates            | 1475         |
|    policy_gradient_loss | -0.011       |
|    value_loss           | 328          |
------------------------------------------
[Progress] 25.27% | 37,899/150,000 steps | 0.3314 steps/s | ETA 93h 57m 46s
[Progress] 25.28% | 37,924/150,000 steps | 0.3314 steps/s | ETA 93h 57m 6s
[Progress] 25.30% | 37,949/150,000 steps | 0.3314 steps/s | ETA 93h 55m 33s
[Progress] 25.32% | 37,974/150,000 steps | 0.3314 steps/s | ETA 93h 53m 49s
[Progress] 25.33% | 37,999/150,000 steps | 0.3314 steps/s | ETA 93h 52m 16s
Step 38,000 | Mean reward: 6.251 | Resolution: 62.6% | Escalation: 3.6%
-----------------------------------------------
| custom/                      |              |
|    dropout_rate              | 0.338        |
|    escalation_rate           | 0.0358       |
|    mean_episode_length_100ep | 14.8         |
|    mean_reward_100ep         | 6.25         |
|    resolution_rate           | 0.626        |
|    timeout_rate              | 0            |
| progress/                    |              |
|    percent                   | 25.3         |
|    steps_per_second          | 0.331        |
| rollout/                     |              |
|    ep_len_mean               | 14.9         |
|    ep_rew_mean               | 6.76         |
| time/                        |              |
|    fps                       | 0            |
|    iterations                | 297          |
|    time_elapsed              | 114700       |
|    total_timesteps           | 38016        |
| train/                       |              |
|    approx_kl                 | 0.0040227687 |
|    clip_fraction             | 0.00625      |
|    clip_range                | 0.2          |
|    entropy_loss              | -0.909       |
|    explained_variance        | 0.0906       |
|    learning_rate             | 0.0003       |
|    loss                      | 166          |
|    n_updates                 | 1480         |
|    policy_gradient_loss      | -0.00354     |
|    value_loss                | 656          |
-----------------------------------------------
[Progress] 25.35% | 38,024/150,000 steps | 0.3314 steps/s | ETA 93h 51m 5s
[Progress] 25.37% | 38,049/150,000 steps | 0.3314 steps/s | ETA 93h 50m 47s
[Progress] 25.38% | 38,074/150,000 steps | 0.3314 steps/s | ETA 93h 49m 42s
[Progress] 25.40% | 38,099/150,000 steps | 0.3314 steps/s | ETA 93h 48m 18s
[Progress] 25.42% | 38,124/150,000 steps | 0.3314 steps/s | ETA 93h 47m 15s
-------------------------------------------
| progress/               |               |
|    percent              | 25.4          |
|    steps_per_second     | 0.331         |
| rollout/                |               |
|    ep_len_mean          | 14.7          |
|    ep_rew_mean          | 7.77          |
| time/                   |               |
|    fps                  | 0             |
|    iterations           | 298           |
|    time_elapsed         | 115114        |
|    total_timesteps      | 38144         |
| train/                  |               |
|    approx_kl            | 0.00066455407 |
|    clip_fraction        | 0.00156       |
|    clip_range           | 0.2           |
|    entropy_loss         | -0.94         |
|    explained_variance   | 0.0798        |
|    learning_rate        | 0.0003        |
|    loss                 | 165           |
|    n_updates            | 1485          |
|    policy_gradient_loss | -0.00253      |
|    value_loss           | 532           |
-------------------------------------------
[Progress] 25.43% | 38,149/150,000 steps | 0.3314 steps/s | ETA 93h 45m 49s
[Progress] 25.45% | 38,174/150,000 steps | 0.3314 steps/s | ETA 93h 44m 18s
[Progress] 25.47% | 38,199/150,000 steps | 0.3314 steps/s | ETA 93h 43m 1s
[Progress] 25.48% | 38,224/150,000 steps | 0.3314 steps/s | ETA 93h 41m 38s
[Progress] 25.50% | 38,249/150,000 steps | 0.3314 steps/s | ETA 93h 40m 6s
-----------------------------------------
| progress/               |             |
|    percent              | 25.5        |
|    steps_per_second     | 0.331       |
| rollout/                |             |
|    ep_len_mean          | 14.7        |
|    ep_rew_mean          | 8.49        |
| time/                   |             |
|    fps                  | 0           |
|    iterations           | 299         |
|    time_elapsed         | 115479      |
|    total_timesteps      | 38272       |
| train/                  |             |
|    approx_kl            | 0.006711533 |
|    clip_fraction        | 0.0219      |
|    clip_range           | 0.2         |
|    entropy_loss         | -0.935      |
|    explained_variance   | 0.0236      |
|    learning_rate        | 0.0003      |
|    loss                 | 94          |
|    n_updates            | 1490        |
|    policy_gradient_loss | -0.00397    |
|    value_loss           | 354         |
-----------------------------------------
[Progress] 25.52% | 38,274/150,000 steps | 0.3314 steps/s | ETA 93h 38m 36s
[Progress] 25.53% | 38,299/150,000 steps | 0.3314 steps/s | ETA 93h 37m 55s
[Progress] 25.55% | 38,324/150,000 steps | 0.3314 steps/s | ETA 93h 36m 44s
[Progress] 25.57% | 38,349/150,000 steps | 0.3314 steps/s | ETA 93h 35m 11s
[Progress] 25.58% | 38,374/150,000 steps | 0.3314 steps/s | ETA 93h 34m 11s
[Progress] 25.60% | 38,399/150,000 steps | 0.3314 steps/s | ETA 93h 32m 32s
-------------------------------------------
| progress/               |               |
|    percent              | 25.6          |
|    steps_per_second     | 0.331         |
| rollout/                |               |
|    ep_len_mean          | 14.6          |
|    ep_rew_mean          | 8.32          |
| time/                   |               |
|    fps                  | 0             |
|    iterations           | 300           |
|    time_elapsed         | 115870        |
|    total_timesteps      | 38400         |
| train/                  |               |
|    approx_kl            | 0.00035513612 |
|    clip_fraction        | 0             |
|    clip_range           | 0.2           |
|    entropy_loss         | -0.93         |
|    explained_variance   | -0.336        |
|    learning_rate        | 0.0003        |
|    loss                 | 61.4          |
|    n_updates            | 1495          |
|    policy_gradient_loss | -0.00178      |
|    value_loss           | 295           |
-------------------------------------------
[Progress] 25.62% | 38,424/150,000 steps | 0.3314 steps/s | ETA 93h 30m 59s
[Progress] 25.63% | 38,449/150,000 steps | 0.3314 steps/s | ETA 93h 29m 31s
[Progress] 25.65% | 38,474/150,000 steps | 0.3314 steps/s | ETA 93h 28m 5s
[Progress] 25.67% | 38,499/150,000 steps | 0.3315 steps/s | ETA 93h 26m 42s
Step 38,500 | Mean reward: 7.651 | Resolution: 62.9% | Escalation: 3.5%
[Progress] 25.68% | 38,524/150,000 steps | 0.3315 steps/s | ETA 93h 25m 11s
----------------------------------------------
| custom/                      |             |
|    dropout_rate              | 0.336       |
|    escalation_rate           | 0.0353      |
|    mean_episode_length_100ep | 14.6        |
|    mean_reward_100ep         | 7.65        |
|    resolution_rate           | 0.629       |
|    timeout_rate              | 0           |
| progress/                    |             |
|    percent                   | 25.7        |
|    steps_per_second          | 0.331       |
| rollout/                     |             |
|    ep_len_mean               | 14.6        |
|    ep_rew_mean               | 7.29        |
| time/                        |             |
|    fps                       | 0           |
|    iterations                | 301         |
|    time_elapsed              | 116232      |
|    total_timesteps           | 38528       |
| train/                       |             |
|    approx_kl                 | 0.003858069 |
|    clip_fraction             | 0.00313     |
|    clip_range                | 0.2         |
|    entropy_loss              | -0.912      |
|    explained_variance        | 0.0754      |
|    learning_rate             | 0.0003      |
|    loss                      | 127         |
|    n_updates                 | 1500        |
|    policy_gradient_loss      | -0.00653    |
|    value_loss                | 506         |
----------------------------------------------
[Progress] 25.70% | 38,549/150,000 steps | 0.3315 steps/s | ETA 93h 23m 54s
[Progress] 25.72% | 38,574/150,000 steps | 0.3314 steps/s | ETA 93h 23m 40s
[Progress] 25.73% | 38,599/150,000 steps | 0.3314 steps/s | ETA 93h 22m 2s
[Progress] 25.75% | 38,624/150,000 steps | 0.3314 steps/s | ETA 93h 20m 45s
[Progress] 25.77% | 38,649/150,000 steps | 0.3314 steps/s | ETA 93h 19m 29s
-------------------------------------------
| progress/               |               |
|    percent              | 25.8          |
|    steps_per_second     | 0.331         |
| rollout/                |               |
|    ep_len_mean          | 14.5          |
|    ep_rew_mean          | 6.59          |
| time/                   |               |
|    fps                  | 0             |
|    iterations           | 302           |
|    time_elapsed         | 116629        |
|    total_timesteps      | 38656         |
| train/                  |               |
|    approx_kl            | 0.00048692944 |
|    clip_fraction        | 0             |
|    clip_range           | 0.2           |
|    entropy_loss         | -0.89         |
|    explained_variance   | 0.0894        |
|    learning_rate        | 0.0003        |
|    loss                 | 125           |
|    n_updates            | 1505          |
|    policy_gradient_loss | 0.000185      |
|    value_loss           | 543           |
-------------------------------------------
[Progress] 25.78% | 38,674/150,000 steps | 0.3315 steps/s | ETA 93h 17m 48s
[Progress] 25.80% | 38,699/150,000 steps | 0.3315 steps/s | ETA 93h 16m 13s
[Progress] 25.82% | 38,724/150,000 steps | 0.3315 steps/s | ETA 93h 14m 52s
[Progress] 25.83% | 38,749/150,000 steps | 0.3315 steps/s | ETA 93h 13m 45s
[Progress] 25.85% | 38,774/150,000 steps | 0.3315 steps/s | ETA 93h 12m 20s
-----------------------------------------
| progress/               |             |
|    percent              | 25.8        |
|    steps_per_second     | 0.331       |
| rollout/                |             |
|    ep_len_mean          | 14.1        |
|    ep_rew_mean          | 9.23        |
| time/                   |             |
|    fps                  | 0           |
|    iterations           | 303         |
|    time_elapsed         | 116998      |
|    total_timesteps      | 38784       |
| train/                  |             |
|    approx_kl            | 0.010112972 |
|    clip_fraction        | 0.0375      |
|    clip_range           | 0.2         |
|    entropy_loss         | -0.888      |
|    explained_variance   | 0.0367      |
|    learning_rate        | 0.0003      |
|    loss                 | 129         |
|    n_updates            | 1510        |
|    policy_gradient_loss | -0.00544    |
|    value_loss           | 555         |
-----------------------------------------
[Progress] 25.87% | 38,799/150,000 steps | 0.3315 steps/s | ETA 93h 10m 51s
[Progress] 25.88% | 38,824/150,000 steps | 0.3315 steps/s | ETA 93h 9m 32s
[Progress] 25.90% | 38,849/150,000 steps | 0.3315 steps/s | ETA 93h 8m 38s
[Progress] 25.92% | 38,874/150,000 steps | 0.3315 steps/s | ETA 93h 7m 3s
[Progress] 25.93% | 38,899/150,000 steps | 0.3315 steps/s | ETA 93h 5m 34s
------------------------------------------
| progress/               |              |
|    percent              | 25.9         |
|    steps_per_second     | 0.332        |
| rollout/                |              |
|    ep_len_mean          | 13.8         |
|    ep_rew_mean          | 9.51         |
| time/                   |              |
|    fps                  | 0            |
|    iterations           | 304          |
|    time_elapsed         | 117372       |
|    total_timesteps      | 38912        |
| train/                  |              |
|    approx_kl            | 0.0020761369 |
|    clip_fraction        | 0            |
|    clip_range           | 0.2          |
|    entropy_loss         | -0.912       |
|    explained_variance   | 0.0845       |
|    learning_rate        | 0.0003       |
|    loss                 | 129          |
|    n_updates            | 1515         |
|    policy_gradient_loss | -0.000992    |
|    value_loss           | 536          |
------------------------------------------
[Progress] 25.95% | 38,924/150,000 steps | 0.3315 steps/s | ETA 93h 3m 52s
[Progress] 25.97% | 38,949/150,000 steps | 0.3316 steps/s | ETA 93h 2m 17s
[Progress] 25.98% | 38,974/150,000 steps | 0.3316 steps/s | ETA 93h 0m 59s
[Progress] 26.00% | 38,999/150,000 steps | 0.3316 steps/s | ETA 92h 59m 40s
Step 39,000 | Mean reward: 11.394 | Resolution: 63.1% | Escalation: 3.5%
[Progress] 26.02% | 39,024/150,000 steps | 0.3316 steps/s | ETA 92h 58m 11s
-----------------------------------------------
| custom/                      |              |
|    dropout_rate              | 0.334        |
|    escalation_rate           | 0.0348       |
|    mean_episode_length_100ep | 13.4         |
|    mean_reward_100ep         | 11.4         |
|    resolution_rate           | 0.631        |
|    timeout_rate              | 0            |
| progress/                    |              |
|    percent                   | 26           |
|    steps_per_second          | 0.332        |
| rollout/                     |              |
|    ep_len_mean               | 13.4         |
|    ep_rew_mean               | 11.6         |
| time/                        |              |
|    fps                       | 0            |
|    iterations                | 305          |
|    time_elapsed              | 117740       |
|    total_timesteps           | 39040        |
| train/                       |              |
|    approx_kl                 | 0.0022180905 |
|    clip_fraction             | 0.00781      |
|    clip_range                | 0.2          |
|    entropy_loss              | -0.933       |
|    explained_variance        | 0.0413       |
|    learning_rate             | 0.0003       |
|    loss                      | 143          |
|    n_updates                 | 1520         |
|    policy_gradient_loss      | -0.00224     |
|    value_loss                | 586          |
-----------------------------------------------
[Progress] 26.03% | 39,049/150,000 steps | 0.3316 steps/s | ETA 92h 56m 47s
[Progress] 26.05% | 39,074/150,000 steps | 0.3316 steps/s | ETA 92h 55m 23s
[Progress] 26.07% | 39,099/150,000 steps | 0.3316 steps/s | ETA 92h 53m 55s
[Progress] 26.08% | 39,124/150,000 steps | 0.3316 steps/s | ETA 92h 52m 34s
[Progress] 26.10% | 39,149/150,000 steps | 0.3316 steps/s | ETA 92h 50m 57s
------------------------------------------
| progress/               |              |
|    percent              | 26.1         |
|    steps_per_second     | 0.332        |
| rollout/                |              |
|    ep_len_mean          | 13.2         |
|    ep_rew_mean          | 11.6         |
| time/                   |              |
|    fps                  | 0            |
|    iterations           | 306          |
|    time_elapsed         | 118102       |
|    total_timesteps      | 39168        |
| train/                  |              |
|    approx_kl            | 0.0055119134 |
|    clip_fraction        | 0            |
|    clip_range           | 0.2          |
|    entropy_loss         | -0.966       |
|    explained_variance   | 0.107        |
|    learning_rate        | 0.0003       |
|    loss                 | 81.2         |
|    n_updates            | 1525         |
|    policy_gradient_loss | -0.00585     |
|    value_loss           | 387          |
------------------------------------------
[Progress] 26.12% | 39,174/150,000 steps | 0.3317 steps/s | ETA 92h 49m 23s
[Progress] 26.13% | 39,199/150,000 steps | 0.3317 steps/s | ETA 92h 47m 58s
[Progress] 26.15% | 39,224/150,000 steps | 0.3317 steps/s | ETA 92h 46m 40s
[Progress] 26.17% | 39,249/150,000 steps | 0.3317 steps/s | ETA 92h 45m 37s
[Progress] 26.18% | 39,274/150,000 steps | 0.3316 steps/s | ETA 92h 44m 35s
-----------------------------------------
| progress/               |             |
|    percent              | 26.2        |
|    steps_per_second     | 0.332       |
| rollout/                |             |
|    ep_len_mean          | 13.2        |
|    ep_rew_mean          | 13.8        |
| time/                   |             |
|    fps                  | 0           |
|    iterations           | 307         |
|    time_elapsed         | 118490      |
|    total_timesteps      | 39296       |
| train/                  |             |
|    approx_kl            | 0.000768119 |
|    clip_fraction        | 0           |
|    clip_range           | 0.2         |
|    entropy_loss         | -0.947      |
|    explained_variance   | -0.138      |
|    learning_rate        | 0.0003      |
|    loss                 | 88.2        |
|    n_updates            | 1530        |
|    policy_gradient_loss | -0.00047    |
|    value_loss           | 257         |
-----------------------------------------
[Progress] 26.20% | 39,299/150,000 steps | 0.3316 steps/s | ETA 92h 43m 34s
[Progress] 26.22% | 39,324/150,000 steps | 0.3316 steps/s | ETA 92h 42m 33s
[Progress] 26.23% | 39,349/150,000 steps | 0.3316 steps/s | ETA 92h 41m 26s
[Progress] 26.25% | 39,374/150,000 steps | 0.3316 steps/s | ETA 92h 39m 56s
[Progress] 26.27% | 39,399/150,000 steps | 0.3316 steps/s | ETA 92h 38m 47s
[Progress] 26.28% | 39,424/150,000 steps | 0.3316 steps/s | ETA 92h 37m 33s
------------------------------------------
| progress/               |              |
|    percent              | 26.3         |
|    steps_per_second     | 0.332        |
| rollout/                |              |
|    ep_len_mean          | 13           |
|    ep_rew_mean          | 13.2         |
| time/                   |              |
|    fps                  | 0            |
|    iterations           | 308          |
|    time_elapsed         | 118887       |
|    total_timesteps      | 39424        |
| train/                  |              |
|    approx_kl            | 0.0047577033 |
|    clip_fraction        | 0            |
|    clip_range           | 0.2          |
|    entropy_loss         | -0.933       |
|    explained_variance   | -0.0901      |
|    learning_rate        | 0.0003       |
|    loss                 | 95.3         |
|    n_updates            | 1535         |
|    policy_gradient_loss | -0.00491     |
|    value_loss           | 359          |
------------------------------------------
[Progress] 26.30% | 39,449/150,000 steps | 0.3316 steps/s | ETA 92h 36m 19s
[Progress] 26.32% | 39,474/150,000 steps | 0.3316 steps/s | ETA 92h 35m 6s
[Progress] 26.33% | 39,499/150,000 steps | 0.3316 steps/s | ETA 92h 33m 35s
Step 39,500 | Mean reward: 10.545 | Resolution: 63.3% | Escalation: 3.4%
[Progress] 26.35% | 39,524/150,000 steps | 0.3316 steps/s | ETA 92h 32m 17s
[Progress] 26.37% | 39,549/150,000 steps | 0.3316 steps/s | ETA 92h 30m 55s
----------------------------------------------
| custom/                      |             |
|    dropout_rate              | 0.333       |
|    escalation_rate           | 0.0343      |
|    mean_episode_length_100ep | 13          |
|    mean_reward_100ep         | 10.5        |
|    resolution_rate           | 0.633       |
|    timeout_rate              | 0           |
| progress/                    |             |
|    percent                   | 26.4        |
|    steps_per_second          | 0.332       |
| rollout/                     |             |
|    ep_len_mean               | 13.1        |
|    ep_rew_mean               | 10.1        |
| time/                        |             |
|    fps                       | 0           |
|    iterations                | 309         |
|    time_elapsed              | 119264      |
|    total_timesteps           | 39552       |
| train/                       |             |
|    approx_kl                 | 0.017758504 |
|    clip_fraction             | 0.0938      |
|    clip_range                | 0.2         |
|    entropy_loss              | -0.921      |
|    explained_variance        | -0.00226    |
|    learning_rate             | 0.0003      |
|    loss                      | 73.9        |
|    n_updates                 | 1540        |
|    policy_gradient_loss      | -0.0141     |
|    value_loss                | 371         |
----------------------------------------------
[Progress] 26.38% | 39,574/150,000 steps | 0.3316 steps/s | ETA 92h 29m 27s
[Progress] 26.40% | 39,599/150,000 steps | 0.3317 steps/s | ETA 92h 27m 41s
[Progress] 26.42% | 39,624/150,000 steps | 0.3317 steps/s | ETA 92h 26m 17s
[Progress] 26.43% | 39,649/150,000 steps | 0.3317 steps/s | ETA 92h 25m 8s
[Progress] 26.45% | 39,674/150,000 steps | 0.3317 steps/s | ETA 92h 24m 13s
------------------------------------------
| progress/               |              |
|    percent              | 26.4         |
|    steps_per_second     | 0.332        |
| rollout/                |              |
|    ep_len_mean          | 13.2         |
|    ep_rew_mean          | 8.83         |
| time/                   |              |
|    fps                  | 0            |
|    iterations           | 310          |
|    time_elapsed         | 119639       |
|    total_timesteps      | 39680        |
| train/                  |              |
|    approx_kl            | 0.0016417005 |
|    clip_fraction        | 0            |
|    clip_range           | 0.2          |
|    entropy_loss         | -0.851       |
|    explained_variance   | -0.0055      |
|    learning_rate        | 0.0003       |
|    loss                 | 93.7         |
|    n_updates            | 1545         |
|    policy_gradient_loss | -0.00366     |
|    value_loss           | 523          |
------------------------------------------
[Progress] 26.47% | 39,699/150,000 steps | 0.3317 steps/s | ETA 92h 22m 32s
[Progress] 26.48% | 39,724/150,000 steps | 0.3317 steps/s | ETA 92h 21m 4s
[Progress] 26.50% | 39,749/150,000 steps | 0.3317 steps/s | ETA 92h 19m 42s
[Progress] 26.52% | 39,774/150,000 steps | 0.3317 steps/s | ETA 92h 18m 16s
[Progress] 26.53% | 39,799/150,000 steps | 0.3317 steps/s | ETA 92h 16m 57s
------------------------------------------
| progress/               |              |
|    percent              | 26.5         |
|    steps_per_second     | 0.332        |
| rollout/                |              |
|    ep_len_mean          | 13.5         |
|    ep_rew_mean          | 7.59         |
| time/                   |              |
|    fps                  | 0            |
|    iterations           | 311          |
|    time_elapsed         | 120005       |
|    total_timesteps      | 39808        |
| train/                  |              |
|    approx_kl            | 0.0056785117 |
|    clip_fraction        | 0.0125       |
|    clip_range           | 0.2          |
|    entropy_loss         | -0.838       |
|    explained_variance   | 0.0238       |
|    learning_rate        | 0.0003       |
|    loss                 | 129          |
|    n_updates            | 1550         |
|    policy_gradient_loss | -0.00466     |
|    value_loss           | 485          |
------------------------------------------
[Progress] 26.55% | 39,824/150,000 steps | 0.3317 steps/s | ETA 92h 15m 27s
[Progress] 26.57% | 39,849/150,000 steps | 0.3317 steps/s | ETA 92h 13m 53s
[Progress] 26.58% | 39,874/150,000 steps | 0.3318 steps/s | ETA 92h 12m 29s
[Progress] 26.60% | 39,899/150,000 steps | 0.3318 steps/s | ETA 92h 10m 46s
[Progress] 26.62% | 39,924/150,000 steps | 0.3318 steps/s | ETA 92h 9m 11s
-----------------------------------------
| progress/               |             |
|    percent              | 26.6        |
|    steps_per_second     | 0.332       |
| rollout/                |             |
|    ep_len_mean          | 13.6        |
|    ep_rew_mean          | 6.59        |
| time/                   |             |
|    fps                  | 0           |
|    iterations           | 312         |
|    time_elapsed         | 120357      |
|    total_timesteps      | 39936       |
| train/                  |             |
|    approx_kl            | 0.010114035 |
|    clip_fraction        | 0.0688      |
|    clip_range           | 0.2         |
|    entropy_loss         | -0.895      |
|    explained_variance   | -0.0219     |
|    learning_rate        | 0.0003      |
|    loss                 | 97.7        |
|    n_updates            | 1555        |
|    policy_gradient_loss | -0.0069     |
|    value_loss           | 460         |
-----------------------------------------
[Progress] 26.63% | 39,949/150,000 steps | 0.3318 steps/s | ETA 92h 7m 53s
[Progress] 26.65% | 39,974/150,000 steps | 0.3318 steps/s | ETA 92h 7m 2s
[Progress] 26.67% | 39,999/150,000 steps | 0.3318 steps/s | ETA 92h 5m 49s
Step 40,000 | Mean reward: 8.654 | Resolution: 63.4% | Escalation: 3.4%
[Progress] 26.68% | 40,024/150,000 steps | 0.3296 steps/s | ETA 92h 40m 32s
[Progress] 26.70% | 40,049/150,000 steps | 0.3297 steps/s | ETA 92h 38m 55s
-----------------------------------------------
| custom/                      |              |
|    dropout_rate              | 0.332        |
|    escalation_rate           | 0.0339       |
|    mean_episode_length_100ep | 13.4         |
|    mean_reward_100ep         | 8.65         |
|    resolution_rate           | 0.634        |
|    timeout_rate              | 0            |
| eval/                        |              |
|    escalation_rate           | 0            |
|    mean_reward               | -21.7        |
|    resolution_rate           | 0.45         |
| progress/                    |              |
|    percent                   | 26.7         |
|    steps_per_second          | 0.33         |
| rollout/                     |              |
|    ep_len_mean               | 13.4         |
|    ep_rew_mean               | 8.54         |
| time/                        |              |
|    fps                       | 0            |
|    iterations                | 313          |
|    time_elapsed              | 121530       |
|    total_timesteps           | 40064        |
| train/                       |              |
|    approx_kl                 | 0.0055812155 |
|    clip_fraction             | 0.0578       |
|    clip_range                | 0.2          |
|    entropy_loss              | -0.895       |
|    explained_variance        | -0.0284      |
|    learning_rate             | 0.0003       |
|    loss                      | 104          |
|    n_updates                 | 1560         |
|    policy_gradient_loss      | -0.00721     |
|    value_loss                | 362          |
-----------------------------------------------
[Progress] 26.72% | 40,074/150,000 steps | 0.3297 steps/s | ETA 92h 37m 15s
[Progress] 26.73% | 40,099/150,000 steps | 0.3297 steps/s | ETA 92h 35m 40s
[Progress] 26.75% | 40,124/150,000 steps | 0.3297 steps/s | ETA 92h 34m 11s
[Progress] 26.77% | 40,149/150,000 steps | 0.3297 steps/s | ETA 92h 32m 43s
[Progress] 26.78% | 40,174/150,000 steps | 0.3297 steps/s | ETA 92h 31m 23s
-----------------------------------------
| progress/               |             |
|    percent              | 26.8        |
|    steps_per_second     | 0.33        |
| rollout/                |             |
|    ep_len_mean          | 13.6        |
|    ep_rew_mean          | 7.94        |
| time/                   |             |
|    fps                  | 0           |
|    iterations           | 314         |
|    time_elapsed         | 121896      |
|    total_timesteps      | 40192       |
| train/                  |             |
|    approx_kl            | 0.016146576 |
|    clip_fraction        | 0.142       |
|    clip_range           | 0.2         |
|    entropy_loss         | -0.877      |
|    explained_variance   | 0.0549      |
|    learning_rate        | 0.0003      |
|    loss                 | 102         |
|    n_updates            | 1565        |
|    policy_gradient_loss | -0.00552    |
|    value_loss           | 420         |
-----------------------------------------
[Progress] 26.80% | 40,199/150,000 steps | 0.3297 steps/s | ETA 92h 30m 6s
[Progress] 26.82% | 40,224/150,000 steps | 0.3297 steps/s | ETA 92h 28m 44s
[Progress] 26.83% | 40,249/150,000 steps | 0.3298 steps/s | ETA 92h 27m 10s
[Progress] 26.85% | 40,274/150,000 steps | 0.3298 steps/s | ETA 92h 25m 47s
[Progress] 26.87% | 40,299/150,000 steps | 0.3298 steps/s | ETA 92h 24m 26s
------------------------------------------
| progress/               |              |
|    percent              | 26.9         |
|    steps_per_second     | 0.33         |
| rollout/                |              |
|    ep_len_mean          | 13.7         |
|    ep_rew_mean          | 6.25         |
| time/                   |              |
|    fps                  | 0            |
|    iterations           | 315          |
|    time_elapsed         | 122266       |
|    total_timesteps      | 40320        |
| train/                  |              |
|    approx_kl            | 0.0024464075 |
|    clip_fraction        | 0.0172       |
|    clip_range           | 0.2          |
|    entropy_loss         | -0.831       |
|    explained_variance   | 0.0352       |
|    learning_rate        | 0.0003       |
|    loss                 | 80.6         |
|    n_updates            | 1570         |
|    policy_gradient_loss | -0.00166     |
|    value_loss           | 311          |
------------------------------------------
[Progress] 26.88% | 40,324/150,000 steps | 0.3298 steps/s | ETA 92h 22m 55s
[Progress] 26.90% | 40,349/150,000 steps | 0.3298 steps/s | ETA 92h 21m 24s
[Progress] 26.92% | 40,374/150,000 steps | 0.3298 steps/s | ETA 92h 20m 26s
[Progress] 26.93% | 40,399/150,000 steps | 0.3298 steps/s | ETA 92h 19m 12s
[Progress] 26.95% | 40,424/150,000 steps | 0.3298 steps/s | ETA 92h 17m 53s
------------------------------------------
| progress/               |              |
|    percent              | 26.9         |
|    steps_per_second     | 0.33         |
| rollout/                |              |
|    ep_len_mean          | 13.5         |
|    ep_rew_mean          | 4.13         |
| time/                   |              |
|    fps                  | 0            |
|    iterations           | 316          |
|    time_elapsed         | 122649       |
|    total_timesteps      | 40448        |
| train/                  |              |
|    approx_kl            | 0.0061480203 |
|    clip_fraction        | 0.0172       |
|    clip_range           | 0.2          |
|    entropy_loss         | -0.881       |
|    explained_variance   | 0.0221       |
|    learning_rate        | 0.0003       |
|    loss                 | 110          |
|    n_updates            | 1575         |
|    policy_gradient_loss | -0.00702     |
|    value_loss           | 417          |
------------------------------------------
[Progress] 26.97% | 40,449/150,000 steps | 0.3298 steps/s | ETA 92h 16m 28s
[Progress] 26.98% | 40,474/150,000 steps | 0.3298 steps/s | ETA 92h 15m 4s
[Progress] 27.00% | 40,499/150,000 steps | 0.3298 steps/s | ETA 92h 13m 34s
Step 40,500 | Mean reward: 4.496 | Resolution: 63.5% | Escalation: 3.3%
[Progress] 27.02% | 40,524/150,000 steps | 0.3298 steps/s | ETA 92h 12m 6s
[Progress] 27.03% | 40,549/150,000 steps | 0.3298 steps/s | ETA 92h 10m 38s
[Progress] 27.05% | 40,574/150,000 steps | 0.3299 steps/s | ETA 92h 8m 49s
----------------------------------------------
| custom/                      |             |
|    dropout_rate              | 0.332       |
|    escalation_rate           | 0.0335      |
|    mean_episode_length_100ep | 13.3        |
|    mean_reward_100ep         | 4.5         |
|    resolution_rate           | 0.635       |
|    timeout_rate              | 0           |
| progress/                    |             |
|    percent                   | 27          |
|    steps_per_second          | 0.33        |
| rollout/                     |             |
|    ep_len_mean               | 13.1        |
|    ep_rew_mean               | 4.72        |
| time/                        |             |
|    fps                       | 0           |
|    iterations                | 317         |
|    time_elapsed              | 123006      |
|    total_timesteps           | 40576       |
| train/                       |             |
|    approx_kl                 | 0.013466529 |
|    clip_fraction             | 0.0938      |
|    clip_range                | 0.2         |
|    entropy_loss              | -0.99       |
|    explained_variance        | 0.00853     |
|    learning_rate             | 0.0003      |
|    loss                      | 109         |
|    n_updates                 | 1580        |
|    policy_gradient_loss      | -0.00692    |
|    value_loss                | 413         |
----------------------------------------------
[Progress] 27.07% | 40,599/150,000 steps | 0.3299 steps/s | ETA 92h 7m 5s
[Progress] 27.08% | 40,624/150,000 steps | 0.3299 steps/s | ETA 92h 5m 40s
[Progress] 27.10% | 40,649/150,000 steps | 0.3299 steps/s | ETA 92h 4m 1s
[Progress] 27.12% | 40,674/150,000 steps | 0.3299 steps/s | ETA 92h 3m 15s
[Progress] 27.13% | 40,699/150,000 steps | 0.3299 steps/s | ETA 92h 1m 36s
------------------------------------------
| progress/               |              |
|    percent              | 27.1         |
|    steps_per_second     | 0.33         |
| rollout/                |              |
|    ep_len_mean          | 13.1         |
|    ep_rew_mean          | 3.57         |
| time/                   |              |
|    fps                  | 0            |
|    iterations           | 318          |
|    time_elapsed         | 123378       |
|    total_timesteps      | 40704        |
| train/                  |              |
|    approx_kl            | 0.0013731262 |
|    clip_fraction        | 0            |
|    clip_range           | 0.2          |
|    entropy_loss         | -0.906       |
|    explained_variance   | 0.0772       |
|    learning_rate        | 0.0003       |
|    loss                 | 54.4         |
|    n_updates            | 1585         |
|    policy_gradient_loss | -0.0021      |
|    value_loss           | 332          |
------------------------------------------
[Progress] 27.15% | 40,724/150,000 steps | 0.3299 steps/s | ETA 92h 0m 27s
[Progress] 27.17% | 40,749/150,000 steps | 0.3299 steps/s | ETA 91h 59m 23s
[Progress] 27.18% | 40,774/150,000 steps | 0.3299 steps/s | ETA 91h 57m 46s
[Progress] 27.20% | 40,799/150,000 steps | 0.3299 steps/s | ETA 91h 57m 11s
[Progress] 27.22% | 40,824/150,000 steps | 0.3299 steps/s | ETA 91h 55m 40s
-----------------------------------------
| progress/               |             |
|    percent              | 27.2        |
|    steps_per_second     | 0.33        |
| rollout/                |             |
|    ep_len_mean          | 13          |
|    ep_rew_mean          | 4.66        |
| time/                   |             |
|    fps                  | 0           |
|    iterations           | 319         |
|    time_elapsed         | 123773      |
|    total_timesteps      | 40832       |
| train/                  |             |
|    approx_kl            | 0.013367822 |
|    clip_fraction        | 0.0547      |
|    clip_range           | 0.2         |
|    entropy_loss         | -0.939      |
|    explained_variance   | 0.0577      |
|    learning_rate        | 0.0003      |
|    loss                 | 133         |
|    n_updates            | 1590        |
|    policy_gradient_loss | -0.00625    |
|    value_loss           | 495         |
-----------------------------------------
[Progress] 27.23% | 40,849/150,000 steps | 0.3299 steps/s | ETA 91h 54m 17s
[Progress] 27.25% | 40,874/150,000 steps | 0.3299 steps/s | ETA 91h 52m 36s
[Progress] 27.27% | 40,899/150,000 steps | 0.3299 steps/s | ETA 91h 51m 17s
[Progress] 27.28% | 40,924/150,000 steps | 0.3299 steps/s | ETA 91h 49m 46s
[Progress] 27.30% | 40,949/150,000 steps | 0.3300 steps/s | ETA 91h 48m 17s
-----------------------------------------
| progress/               |             |
|    percent              | 27.3        |
|    steps_per_second     | 0.33        |
| rollout/                |             |
|    ep_len_mean          | 12.7        |
|    ep_rew_mean          | 4.24        |
| time/                   |             |
|    fps                  | 0           |
|    iterations           | 320         |
|    time_elapsed         | 124132      |
|    total_timesteps      | 40960       |
| train/                  |             |
|    approx_kl            | 0.005102793 |
|    clip_fraction        | 0.0141      |
|    clip_range           | 0.2         |
|    entropy_loss         | -0.962      |
|    explained_variance   | 0.0116      |
|    learning_rate        | 0.0003      |
|    loss                 | 88.7        |
|    n_updates            | 1595        |
|    policy_gradient_loss | -0.00394    |
|    value_loss           | 386         |
-----------------------------------------
[Progress] 27.32% | 40,974/150,000 steps | 0.3300 steps/s | ETA 91h 46m 46s
[Progress] 27.33% | 40,999/150,000 steps | 0.3300 steps/s | ETA 91h 45m 16s
Step 41,000 | Mean reward: 3.834 | Resolution: 63.4% | Escalation: 3.3%
[Progress] 27.35% | 41,024/150,000 steps | 0.3300 steps/s | ETA 91h 44m 27s
[Progress] 27.37% | 41,049/150,000 steps | 0.3300 steps/s | ETA 91h 43m 2s
[Progress] 27.38% | 41,074/150,000 steps | 0.3300 steps/s | ETA 91h 41m 50s
-----------------------------------------------
| custom/                      |              |
|    dropout_rate              | 0.333        |
|    escalation_rate           | 0.033        |
|    mean_episode_length_100ep | 12.8         |
|    mean_reward_100ep         | 3.83         |
|    resolution_rate           | 0.634        |
|    timeout_rate              | 0            |
| progress/                    |              |
|    percent                   | 27.4         |
|    steps_per_second          | 0.33         |
| rollout/                     |              |
|    ep_len_mean               | 12.8         |
|    ep_rew_mean               | 3.3          |
| time/                        |              |
|    fps                       | 0            |
|    iterations                | 321          |
|    time_elapsed              | 124516       |
|    total_timesteps           | 41088        |
| train/                       |              |
|    approx_kl                 | 0.0010495326 |
|    clip_fraction             | 0            |
|    clip_range                | 0.2          |
|    entropy_loss              | -0.961       |
|    explained_variance        | 0.0351       |
|    learning_rate             | 0.0003       |
|    loss                      | 178          |
|    n_updates                 | 1600         |
|    policy_gradient_loss      | -0.000169    |
|    value_loss                | 654          |
-----------------------------------------------
[Progress] 27.40% | 41,099/150,000 steps | 0.3300 steps/s | ETA 91h 40m 13s
[Progress] 27.42% | 41,124/150,000 steps | 0.3300 steps/s | ETA 91h 38m 41s
[Progress] 27.43% | 41,149/150,000 steps | 0.3300 steps/s | ETA 91h 37m 28s
[Progress] 27.45% | 41,174/150,000 steps | 0.3300 steps/s | ETA 91h 36m 13s
[Progress] 27.47% | 41,199/150,000 steps | 0.3300 steps/s | ETA 91h 34m 38s
------------------------------------------
| progress/               |              |
|    percent              | 27.5         |
|    steps_per_second     | 0.33         |
| rollout/                |              |
|    ep_len_mean          | 13           |
|    ep_rew_mean          | 3.19         |
| time/                   |              |
|    fps                  | 0            |
|    iterations           | 322          |
|    time_elapsed         | 124886       |
|    total_timesteps      | 41216        |
| train/                  |              |
|    approx_kl            | 0.0013047103 |
|    clip_fraction        | 0.00313      |
|    clip_range           | 0.2          |
|    entropy_loss         | -0.931       |
|    explained_variance   | 0.0654       |
|    learning_rate        | 0.0003       |
|    loss                 | 142          |
|    n_updates            | 1605         |
|    policy_gradient_loss | -0.00219     |
|    value_loss           | 591          |
------------------------------------------
[Progress] 27.48% | 41,224/150,000 steps | 0.3300 steps/s | ETA 91h 33m 16s
[Progress] 27.50% | 41,249/150,000 steps | 0.3301 steps/s | ETA 91h 31m 35s
[Progress] 27.52% | 41,274/150,000 steps | 0.3300 steps/s | ETA 91h 30m 27s
[Progress] 27.53% | 41,299/150,000 steps | 0.3300 steps/s | ETA 91h 29m 41s
[Progress] 27.55% | 41,324/150,000 steps | 0.3300 steps/s | ETA 91h 28m 4s
-----------------------------------------
| progress/               |             |
|    percent              | 27.5        |
|    steps_per_second     | 0.33        |
| rollout/                |             |
|    ep_len_mean          | 13.2        |
|    ep_rew_mean          | 3.03        |
| time/                   |             |
|    fps                  | 0           |
|    iterations           | 323         |
|    time_elapsed         | 125268      |
|    total_timesteps      | 41344       |
| train/                  |             |
|    approx_kl            | 0.029144453 |
|    clip_fraction        | 0.209       |
|    clip_range           | 0.2         |
|    entropy_loss         | -0.992      |
|    explained_variance   | 0.014       |
|    learning_rate        | 0.0003      |
|    loss                 | 128         |
|    n_updates            | 1610        |
|    policy_gradient_loss | -0.0115     |
|    value_loss           | 435         |
-----------------------------------------
[Progress] 27.57% | 41,349/150,000 steps | 0.3300 steps/s | ETA 91h 26m 44s
[Progress] 27.58% | 41,374/150,000 steps | 0.3300 steps/s | ETA 91h 25m 26s
[Progress] 27.60% | 41,399/150,000 steps | 0.3301 steps/s | ETA 91h 23m 55s
[Progress] 27.62% | 41,424/150,000 steps | 0.3301 steps/s | ETA 91h 22m 24s
[Progress] 27.63% | 41,449/150,000 steps | 0.3301 steps/s | ETA 91h 21m 3s
-----------------------------------------
| progress/               |             |
|    percent              | 27.6        |
|    steps_per_second     | 0.33        |
| rollout/                |             |
|    ep_len_mean          | 13.3        |
|    ep_rew_mean          | 4.54        |
| time/                   |             |
|    fps                  | 0           |
|    iterations           | 324         |
|    time_elapsed         | 125631      |
|    total_timesteps      | 41472       |
| train/                  |             |
|    approx_kl            | 0.004077077 |
|    clip_fraction        | 0.00313     |
|    clip_range           | 0.2         |
|    entropy_loss         | -1.03       |
|    explained_variance   | -0.0173     |
|    learning_rate        | 0.0003      |
|    loss                 | 67.3        |
|    n_updates            | 1615        |
|    policy_gradient_loss | -0.00275    |
|    value_loss           | 290         |
-----------------------------------------
[Progress] 27.65% | 41,474/150,000 steps | 0.3301 steps/s | ETA 91h 19m 15s
[Progress] 27.67% | 41,499/150,000 steps | 0.3301 steps/s | ETA 91h 18m 37s
Step 41,500 | Mean reward: 4.630 | Resolution: 63.6% | Escalation: 3.3%
[Progress] 27.68% | 41,524/150,000 steps | 0.3298 steps/s | ETA 91h 21m 50s
[Progress] 27.70% | 41,549/150,000 steps | 0.3298 steps/s | ETA 91h 20m 29s
[Progress] 27.72% | 41,574/150,000 steps | 0.3298 steps/s | ETA 91h 19m 17s
[Progress] 27.73% | 41,599/150,000 steps | 0.3298 steps/s | ETA 91h 17m 42s
----------------------------------------------
| custom/                      |             |
|    dropout_rate              | 0.331       |
|    escalation_rate           | 0.033       |
|    mean_episode_length_100ep | 13.4        |
|    mean_reward_100ep         | 4.63        |
|    resolution_rate           | 0.636       |
|    timeout_rate              | 0           |
| progress/                    |             |
|    percent                   | 27.7        |
|    steps_per_second          | 0.33        |
| rollout/                     |             |
|    ep_len_mean               | 13.4        |
|    ep_rew_mean               | 6.57        |
| time/                        |             |
|    fps                       | 0           |
|    iterations                | 325         |
|    time_elapsed              | 126127      |
|    total_timesteps           | 41600       |
| train/                       |             |
|    approx_kl                 | 0.004188802 |
|    clip_fraction             | 0.025       |
|    clip_range                | 0.2         |
|    entropy_loss              | -1.04       |
|    explained_variance        | -0.143      |
|    learning_rate             | 0.0003      |
|    loss                      | 48.1        |
|    n_updates                 | 1620        |
|    policy_gradient_loss      | 0.000548    |
|    value_loss                | 201         |
----------------------------------------------
[Progress] 27.75% | 41,624/150,000 steps | 0.3298 steps/s | ETA 91h 16m 23s
[Progress] 27.77% | 41,649/150,000 steps | 0.3298 steps/s | ETA 91h 14m 54s
[Progress] 27.78% | 41,674/150,000 steps | 0.3299 steps/s | ETA 91h 13m 18s
[Progress] 27.80% | 41,699/150,000 steps | 0.3299 steps/s | ETA 91h 11m 55s
[Progress] 27.82% | 41,724/150,000 steps | 0.3299 steps/s | ETA 91h 10m 19s
-----------------------------------------
| progress/               |             |
|    percent              | 27.8        |
|    steps_per_second     | 0.33        |
| rollout/                |             |
|    ep_len_mean          | 13.9        |
|    ep_rew_mean          | 6.58        |
| time/                   |             |
|    fps                  | 0           |
|    iterations           | 326         |
|    time_elapsed         | 126489      |
|    total_timesteps      | 41728       |
| train/                  |             |
|    approx_kl            | 0.010412453 |
|    clip_fraction        | 0.0266      |
|    clip_range           | 0.2         |
|    entropy_loss         | -1.03       |
|    explained_variance   | -0.216      |
|    learning_rate        | 0.0003      |
|    loss                 | 34.4        |
|    n_updates            | 1625        |
|    policy_gradient_loss | -0.0114     |
|    value_loss           | 195         |
-----------------------------------------
[Progress] 27.83% | 41,749/150,000 steps | 0.3299 steps/s | ETA 91h 9m 6s
[Progress] 27.85% | 41,774/150,000 steps | 0.3299 steps/s | ETA 91h 7m 35s
[Progress] 27.87% | 41,799/150,000 steps | 0.3299 steps/s | ETA 91h 5m 50s
[Progress] 27.88% | 41,824/150,000 steps | 0.3299 steps/s | ETA 91h 4m 21s
[Progress] 27.90% | 41,849/150,000 steps | 0.3300 steps/s | ETA 91h 2m 45s
-----------------------------------------
| progress/               |             |
|    percent              | 27.9        |
|    steps_per_second     | 0.33        |
| rollout/                |             |
|    ep_len_mean          | 14.2        |
|    ep_rew_mean          | 6.33        |
| time/                   |             |
|    fps                  | 0           |
|    iterations           | 327         |
|    time_elapsed         | 126847      |
|    total_timesteps      | 41856       |
| train/                  |             |
|    approx_kl            | 0.016503211 |
|    clip_fraction        | 0.103       |
|    clip_range           | 0.2         |
|    entropy_loss         | -1          |
|    explained_variance   | 0.0658      |
|    learning_rate        | 0.0003      |
|    loss                 | 77.7        |
|    n_updates            | 1630        |
|    policy_gradient_loss | -0.00579    |
|    value_loss           | 314         |
-----------------------------------------
[Progress] 27.92% | 41,874/150,000 steps | 0.3300 steps/s | ETA 91h 1m 21s
[Progress] 27.93% | 41,899/150,000 steps | 0.3300 steps/s | ETA 90h 59m 59s
[Progress] 27.95% | 41,924/150,000 steps | 0.3300 steps/s | ETA 90h 58m 31s
[Progress] 27.97% | 41,949/150,000 steps | 0.3300 steps/s | ETA 90h 57m 0s
[Progress] 27.98% | 41,974/150,000 steps | 0.3300 steps/s | ETA 90h 55m 23s
------------------------------------------
| progress/               |              |
|    percent              | 28           |
|    steps_per_second     | 0.33         |
| rollout/                |              |
|    ep_len_mean          | 14.8         |
|    ep_rew_mean          | 3.59         |
| time/                   |              |
|    fps                  | 0            |
|    iterations           | 328          |
|    time_elapsed         | 127211       |
|    total_timesteps      | 41984        |
| train/                  |              |
|    approx_kl            | 0.0014251107 |
|    clip_fraction        | 0            |
|    clip_range           | 0.2          |
|    entropy_loss         | -1.04        |
|    explained_variance   | 0.0121       |
|    learning_rate        | 0.0003       |
|    loss                 | 137          |
|    n_updates            | 1635         |
|    policy_gradient_loss | 0.000719     |
|    value_loss           | 530          |
------------------------------------------
[Progress] 28.00% | 41,999/150,000 steps | 0.3300 steps/s | ETA 90h 53m 49s
Step 42,000 | Mean reward: 3.598 | Resolution: 63.7% | Escalation: 3.3%
[Progress] 28.02% | 42,024/150,000 steps | 0.3301 steps/s | ETA 90h 52m 23s
[Progress] 28.03% | 42,049/150,000 steps | 0.3301 steps/s | ETA 90h 51m 13s
[Progress] 28.05% | 42,074/150,000 steps | 0.3300 steps/s | ETA 90h 50m 1s
[Progress] 28.07% | 42,099/150,000 steps | 0.3300 steps/s | ETA 90h 49m 20s
-----------------------------------------------
| custom/                      |              |
|    dropout_rate              | 0.33         |
|    escalation_rate           | 0.033        |
|    mean_episode_length_100ep | 14.9         |
|    mean_reward_100ep         | 3.6          |
|    resolution_rate           | 0.637        |
|    timeout_rate              | 0            |
| progress/                    |              |
|    percent                   | 28.1         |
|    steps_per_second          | 0.33         |
| rollout/                     |              |
|    ep_len_mean               | 15           |
|    ep_rew_mean               | 4.24         |
| time/                        |              |
|    fps                       | 0            |
|    iterations                | 329          |
|    time_elapsed              | 127620       |
|    total_timesteps           | 42112        |
| train/                       |              |
|    approx_kl                 | 0.0011144057 |
|    clip_fraction             | 0            |
|    clip_range                | 0.2          |
|    entropy_loss              | -1.01        |
|    explained_variance        | 0.0539       |
|    learning_rate             | 0.0003       |
|    loss                      | 149          |
|    n_updates                 | 1640         |
|    policy_gradient_loss      | -0.00139     |
|    value_loss                | 494          |
-----------------------------------------------
[Progress] 28.08% | 42,124/150,000 steps | 0.3300 steps/s | ETA 90h 48m 27s
[Progress] 28.10% | 42,149/150,000 steps | 0.3300 steps/s | ETA 90h 46m 56s
[Progress] 28.12% | 42,174/150,000 steps | 0.3300 steps/s | ETA 90h 45m 17s
[Progress] 28.13% | 42,199/150,000 steps | 0.3300 steps/s | ETA 90h 43m 45s
[Progress] 28.15% | 42,224/150,000 steps | 0.3301 steps/s | ETA 90h 42m 19s
------------------------------------------
| progress/               |              |
|    percent              | 28.1         |
|    steps_per_second     | 0.33         |
| rollout/                |              |
|    ep_len_mean          | 15.5         |
|    ep_rew_mean          | 3.45         |
| time/                   |              |
|    fps                  | 0            |
|    iterations           | 330          |
|    time_elapsed         | 127974       |
|    total_timesteps      | 42240        |
| train/                  |              |
|    approx_kl            | 0.0051233605 |
|    clip_fraction        | 0.0125       |
|    clip_range           | 0.2          |
|    entropy_loss         | -1.04        |
|    explained_variance   | -0.135       |
|    learning_rate        | 0.0003       |
|    loss                 | 69.7         |
|    n_updates            | 1645         |
|    policy_gradient_loss | -0.00452     |
|    value_loss           | 319          |
------------------------------------------
[Progress] 28.17% | 42,249/150,000 steps | 0.3301 steps/s | ETA 90h 40m 50s
[Progress] 28.18% | 42,274/150,000 steps | 0.3301 steps/s | ETA 90h 39m 26s
[Progress] 28.20% | 42,299/150,000 steps | 0.3301 steps/s | ETA 90h 37m 55s
[Progress] 28.22% | 42,324/150,000 steps | 0.3301 steps/s | ETA 90h 36m 12s
[Progress] 28.23% | 42,349/150,000 steps | 0.3301 steps/s | ETA 90h 34m 35s
-------------------------------------------
| progress/               |               |
|    percent              | 28.2          |
|    steps_per_second     | 0.33          |
| rollout/                |               |
|    ep_len_mean          | 15.9          |
|    ep_rew_mean          | 2.25          |
| time/                   |               |
|    fps                  | 0             |
|    iterations           | 331           |
|    time_elapsed         | 128331        |
|    total_timesteps      | 42368         |
| train/                  |               |
|    approx_kl            | 0.00020233076 |
|    clip_fraction        | 0             |
|    clip_range           | 0.2           |
|    entropy_loss         | -0.986        |
|    explained_variance   | 0.0811        |
|    learning_rate        | 0.0003        |
|    loss                 | 129           |
|    n_updates            | 1650          |
|    policy_gradient_loss | -8.87e-05     |
|    value_loss           | 572           |
-------------------------------------------
[Progress] 28.25% | 42,374/150,000 steps | 0.3302 steps/s | ETA 90h 33m 9s
[Progress] 28.27% | 42,399/150,000 steps | 0.3302 steps/s | ETA 90h 31m 30s
[Progress] 28.28% | 42,424/150,000 steps | 0.3302 steps/s | ETA 90h 29m 58s
[Progress] 28.30% | 42,449/150,000 steps | 0.3302 steps/s | ETA 90h 28m 36s
[Progress] 28.32% | 42,474/150,000 steps | 0.3302 steps/s | ETA 90h 27m 18s
-----------------------------------------
| progress/               |             |
|    percent              | 28.3        |
|    steps_per_second     | 0.33        |
| rollout/                |             |
|    ep_len_mean          | 15.9        |
|    ep_rew_mean          | 2.59        |
| time/                   |             |
|    fps                  | 0           |
|    iterations           | 332         |
|    time_elapsed         | 128688      |
|    total_timesteps      | 42496       |
| train/                  |             |
|    approx_kl            | 0.006062525 |
|    clip_fraction        | 0.0281      |
|    clip_range           | 0.2         |
|    entropy_loss         | -1.02       |
|    explained_variance   | 0.113       |
|    learning_rate        | 0.0003      |
|    loss                 | 203         |
|    n_updates            | 1655        |
|    policy_gradient_loss | -0.00903    |
|    value_loss           | 769         |
-----------------------------------------
[Progress] 28.33% | 42,499/150,000 steps | 0.3302 steps/s | ETA 90h 25m 38s
Step 42,500 | Mean reward: 2.593 | Resolution: 63.7% | Escalation: 3.3%
[Progress] 28.35% | 42,524/150,000 steps | 0.3302 steps/s | ETA 90h 24m 4s
[Progress] 28.37% | 42,549/150,000 steps | 0.3302 steps/s | ETA 90h 22m 47s
[Progress] 28.38% | 42,574/150,000 steps | 0.3303 steps/s | ETA 90h 21m 21s
[Progress] 28.40% | 42,599/150,000 steps | 0.3303 steps/s | ETA 90h 19m 41s
[Progress] 28.42% | 42,624/150,000 steps | 0.3303 steps/s | ETA 90h 18m 7s
-----------------------------------------------
| custom/                      |              |
|    dropout_rate              | 0.33         |
|    escalation_rate           | 0.0327       |
|    mean_episode_length_100ep | 15.9         |
|    mean_reward_100ep         | 2.59         |
|    resolution_rate           | 0.637        |
|    timeout_rate              | 0            |
| progress/                    |              |
|    percent                   | 28.4         |
|    steps_per_second          | 0.33         |
| rollout/                     |              |
|    ep_len_mean               | 15.7         |
|    ep_rew_mean               | 6.09         |
| time/                        |              |
|    fps                       | 0            |
|    iterations                | 333          |
|    time_elapsed              | 129046       |
|    total_timesteps           | 42624        |
| train/                       |              |
|    approx_kl                 | 0.0043839314 |
|    clip_fraction             | 0.00937      |
|    clip_range                | 0.2          |
|    entropy_loss              | -0.992       |
|    explained_variance        | -0.00537     |
|    learning_rate             | 0.0003       |
|    loss                      | 95.7         |
|    n_updates                 | 1660         |
|    policy_gradient_loss      | -0.00421     |
|    value_loss                | 425          |
-----------------------------------------------
[Progress] 28.43% | 42,649/150,000 steps | 0.3303 steps/s | ETA 90h 16m 31s
[Progress] 28.45% | 42,674/150,000 steps | 0.3303 steps/s | ETA 90h 15m 4s
[Progress] 28.47% | 42,699/150,000 steps | 0.3304 steps/s | ETA 90h 13m 27s
[Progress] 28.48% | 42,724/150,000 steps | 0.3304 steps/s | ETA 90h 11m 44s
[Progress] 28.50% | 42,749/150,000 steps | 0.3304 steps/s | ETA 90h 10m 10s
------------------------------------------
| progress/               |              |
|    percent              | 28.5         |
|    steps_per_second     | 0.33         |
| rollout/                |              |
|    ep_len_mean          | 15.4         |
|    ep_rew_mean          | 6.82         |
| time/                   |              |
|    fps                  | 0            |
|    iterations           | 334          |
|    time_elapsed         | 129393       |
|    total_timesteps      | 42752        |
| train/                  |              |
|    approx_kl            | 0.0036909706 |
|    clip_fraction        | 0.00313      |
|    clip_range           | 0.2          |
|    entropy_loss         | -1.03        |
|    explained_variance   | 0.0326       |
|    learning_rate        | 0.0003       |
|    loss                 | 79.3         |
|    n_updates            | 1665         |
|    policy_gradient_loss | -0.00908     |
|    value_loss           | 380          |
------------------------------------------
[Progress] 28.52% | 42,774/150,000 steps | 0.3304 steps/s | ETA 90h 8m 30s
[Progress] 28.53% | 42,799/150,000 steps | 0.3304 steps/s | ETA 90h 7m 3s
[Progress] 28.55% | 42,824/150,000 steps | 0.3304 steps/s | ETA 90h 5m 41s
[Progress] 28.57% | 42,849/150,000 steps | 0.3305 steps/s | ETA 90h 4m 7s
[Progress] 28.58% | 42,874/150,000 steps | 0.3305 steps/s | ETA 90h 2m 48s
-----------------------------------------
| progress/               |             |
|    percent              | 28.6        |
|    steps_per_second     | 0.33        |
| rollout/                |             |
|    ep_len_mean          | 15.6        |
|    ep_rew_mean          | 5.35        |
| time/                   |             |
|    fps                  | 0           |
|    iterations           | 335         |
|    time_elapsed         | 129755      |
|    total_timesteps      | 42880       |
| train/                  |             |
|    approx_kl            | 0.002975788 |
|    clip_fraction        | 0           |
|    clip_range           | 0.2         |
|    entropy_loss         | -1.01       |
|    explained_variance   | 0.0324      |
|    learning_rate        | 0.0003      |
|    loss                 | 91          |
|    n_updates            | 1670        |
|    policy_gradient_loss | -0.00417    |
|    value_loss           | 404         |
-----------------------------------------
[Progress] 28.60% | 42,899/150,000 steps | 0.3305 steps/s | ETA 90h 1m 25s
[Progress] 28.62% | 42,924/150,000 steps | 0.3305 steps/s | ETA 89h 59m 55s
[Progress] 28.63% | 42,949/150,000 steps | 0.3305 steps/s | ETA 89h 58m 21s
[Progress] 28.65% | 42,974/150,000 steps | 0.3305 steps/s | ETA 89h 56m 47s
[Progress] 28.67% | 42,999/150,000 steps | 0.3305 steps/s | ETA 89h 55m 11s
Step 43,000 | Mean reward: 4.456 | Resolution: 63.8% | Escalation: 3.2%
------------------------------------------------
| custom/                      |               |
|    dropout_rate              | 0.329         |
|    escalation_rate           | 0.0323        |
|    mean_episode_length_100ep | 15.6          |
|    mean_reward_100ep         | 4.46          |
|    resolution_rate           | 0.638         |
|    timeout_rate              | 0             |
| progress/                    |               |
|    percent                   | 28.7          |
|    steps_per_second          | 0.331         |
| rollout/                     |               |
|    ep_len_mean               | 15.7          |
|    ep_rew_mean               | 4.39          |
| time/                        |               |
|    fps                       | 0             |
|    iterations                | 336           |
|    time_elapsed              | 130107        |
|    total_timesteps           | 43008         |
| train/                       |               |
|    approx_kl                 | 0.00057314197 |
|    clip_fraction             | 0             |
|    clip_range                | 0.2           |
|    entropy_loss              | -0.887        |
|    explained_variance        | 0.0058        |
|    learning_rate             | 0.0003        |
|    loss                      | 152           |
|    n_updates                 | 1675          |
|    policy_gradient_loss      | -0.00139      |
|    value_loss                | 705           |
------------------------------------------------
[Progress] 28.68% | 43,024/150,000 steps | 0.3306 steps/s | ETA 89h 53m 48s
[Progress] 28.70% | 43,049/150,000 steps | 0.3306 steps/s | ETA 89h 52m 22s
[Progress] 28.72% | 43,074/150,000 steps | 0.3306 steps/s | ETA 89h 50m 46s
[Progress] 28.73% | 43,099/150,000 steps | 0.3306 steps/s | ETA 89h 49m 15s
[Progress] 28.75% | 43,124/150,000 steps | 0.3306 steps/s | ETA 89h 48m 4s
------------------------------------------
| progress/               |              |
|    percent              | 28.7         |
|    steps_per_second     | 0.331        |
| rollout/                |              |
|    ep_len_mean          | 15.7         |
|    ep_rew_mean          | 2.13         |
| time/                   |              |
|    fps                  | 0            |
|    iterations           | 337          |
|    time_elapsed         | 130481       |
|    total_timesteps      | 43136        |
| train/                  |              |
|    approx_kl            | 0.0015841625 |
|    clip_fraction        | 0            |
|    clip_range           | 0.2          |
|    entropy_loss         | -0.958       |
|    explained_variance   | 0.0374       |
|    learning_rate        | 0.0003       |
|    loss                 | 80.6         |
|    n_updates            | 1680         |
|    policy_gradient_loss | -0.00328     |
|    value_loss           | 349          |
------------------------------------------
[Progress] 28.77% | 43,149/150,000 steps | 0.3306 steps/s | ETA 89h 46m 43s
[Progress] 28.78% | 43,174/150,000 steps | 0.3306 steps/s | ETA 89h 45m 7s
[Progress] 28.80% | 43,199/150,000 steps | 0.3306 steps/s | ETA 89h 43m 27s
[Progress] 28.82% | 43,224/150,000 steps | 0.3307 steps/s | ETA 89h 41m 49s
[Progress] 28.83% | 43,249/150,000 steps | 0.3307 steps/s | ETA 89h 40m 4s
-----------------------------------------
| progress/               |             |
|    percent              | 28.8        |
|    steps_per_second     | 0.331       |
| rollout/                |             |
|    ep_len_mean          | 15.7        |
|    ep_rew_mean          | 0.867       |
| time/                   |             |
|    fps                  | 0           |
|    iterations           | 338         |
|    time_elapsed         | 130819      |
|    total_timesteps      | 43264       |
| train/                  |             |
|    approx_kl            | 0.002979707 |
|    clip_fraction        | 0.00313     |
|    clip_range           | 0.2         |
|    entropy_loss         | -0.919      |
|    explained_variance   | 0.151       |
|    learning_rate        | 0.0003      |
|    loss                 | 170         |
|    n_updates            | 1685        |
|    policy_gradient_loss | -0.00442    |
|    value_loss           | 781         |
-----------------------------------------
[Progress] 28.85% | 43,274/150,000 steps | 0.3307 steps/s | ETA 89h 38m 24s
[Progress] 28.87% | 43,299/150,000 steps | 0.3307 steps/s | ETA 89h 36m 45s
[Progress] 28.88% | 43,324/150,000 steps | 0.3308 steps/s | ETA 89h 35m 8s
[Progress] 28.90% | 43,349/150,000 steps | 0.3308 steps/s | ETA 89h 33m 38s
[Progress] 28.92% | 43,374/150,000 steps | 0.3308 steps/s | ETA 89h 32m 1s
-----------------------------------------
| progress/               |             |
|    percent              | 28.9        |
|    steps_per_second     | 0.331       |
| rollout/                |             |
|    ep_len_mean          | 15.8        |
|    ep_rew_mean          | 1.06        |
| time/                   |             |
|    fps                  | 0           |
|    iterations           | 339         |
|    time_elapsed         | 131160      |
|    total_timesteps      | 43392       |
| train/                  |             |
|    approx_kl            | 0.005148707 |
|    clip_fraction        | 0.0234      |
|    clip_range           | 0.2         |
|    entropy_loss         | -0.949      |
|    explained_variance   | 0.0587      |
|    learning_rate        | 0.0003      |
|    loss                 | 123         |
|    n_updates            | 1690        |
|    policy_gradient_loss | -0.00315    |
|    value_loss           | 488         |
-----------------------------------------
[Progress] 28.93% | 43,399/150,000 steps | 0.3308 steps/s | ETA 89h 30m 17s
[Progress] 28.95% | 43,424/150,000 steps | 0.3309 steps/s | ETA 89h 28m 42s
[Progress] 28.97% | 43,449/150,000 steps | 0.3309 steps/s | ETA 89h 27m 4s
[Progress] 28.98% | 43,474/150,000 steps | 0.3309 steps/s | ETA 89h 25m 19s
[Progress] 29.00% | 43,499/150,000 steps | 0.3309 steps/s | ETA 89h 23m 54s
Step 43,500 | Mean reward: 4.497 | Resolution: 64.0% | Escalation: 3.2%
-----------------------------------------------
| custom/                      |              |
|    dropout_rate              | 0.328        |
|    escalation_rate           | 0.032        |
|    mean_episode_length_100ep | 15.6         |
|    mean_reward_100ep         | 4.5          |
|    resolution_rate           | 0.64         |
|    timeout_rate              | 0            |
| progress/                    |              |
|    percent                   | 29           |
|    steps_per_second          | 0.331        |
| rollout/                     |              |
|    ep_len_mean               | 15.6         |
|    ep_rew_mean               | 4.5          |
| time/                        |              |
|    fps                       | 0            |
|    iterations                | 340          |
|    time_elapsed              | 131506       |
|    total_timesteps           | 43520        |
| train/                       |              |
|    approx_kl                 | 0.0050988398 |
|    clip_fraction             | 0.0156       |
|    clip_range                | 0.2          |
|    entropy_loss              | -0.96        |
|    explained_variance        | -0.055       |
|    learning_rate             | 0.0003       |
|    loss                      | 109          |
|    n_updates                 | 1695         |
|    policy_gradient_loss      | -0.00606     |
|    value_loss                | 370          |
-----------------------------------------------
[Progress] 29.02% | 43,524/150,000 steps | 0.3309 steps/s | ETA 89h 22m 22s
[Progress] 29.03% | 43,549/150,000 steps | 0.3309 steps/s | ETA 89h 21m 6s
[Progress] 29.05% | 43,574/150,000 steps | 0.3310 steps/s | ETA 89h 19m 36s
[Progress] 29.07% | 43,599/150,000 steps | 0.3310 steps/s | ETA 89h 18m 9s
[Progress] 29.08% | 43,624/150,000 steps | 0.3310 steps/s | ETA 89h 16m 41s
-----------------------------------------
| progress/               |             |
|    percent              | 29.1        |
|    steps_per_second     | 0.331       |
| rollout/                |             |
|    ep_len_mean          | 15.7        |
|    ep_rew_mean          | 4.52        |
| time/                   |             |
|    fps                  | 0           |
|    iterations           | 341         |
|    time_elapsed         | 131882      |
|    total_timesteps      | 43648       |
| train/                  |             |
|    approx_kl            | 0.011763547 |
|    clip_fraction        | 0.0734      |
|    clip_range           | 0.2         |
|    entropy_loss         | -0.96       |
|    explained_variance   | 0.132       |
|    learning_rate        | 0.0003      |
|    loss                 | 101         |
|    n_updates            | 1700        |
|    policy_gradient_loss | -0.00845    |
|    value_loss           | 447         |
-----------------------------------------
[Progress] 29.10% | 43,649/150,000 steps | 0.3310 steps/s | ETA 89h 15m 40s
[Progress] 29.12% | 43,674/150,000 steps | 0.3310 steps/s | ETA 89h 14m 15s
[Progress] 29.13% | 43,699/150,000 steps | 0.3310 steps/s | ETA 89h 12m 48s
[Progress] 29.15% | 43,724/150,000 steps | 0.3310 steps/s | ETA 89h 11m 4s
[Progress] 29.17% | 43,749/150,000 steps | 0.3310 steps/s | ETA 89h 9m 33s
[Progress] 29.18% | 43,774/150,000 steps | 0.3310 steps/s | ETA 89h 8m 1s
------------------------------------------
| progress/               |              |
|    percent              | 29.2         |
|    steps_per_second     | 0.331        |
| rollout/                |              |
|    ep_len_mean          | 15.8         |
|    ep_rew_mean          | 5.48         |
| time/                   |              |
|    fps                  | 0            |
|    iterations           | 342          |
|    time_elapsed         | 132235       |
|    total_timesteps      | 43776        |
| train/                  |              |
|    approx_kl            | 0.0025189254 |
|    clip_fraction        | 0.00313      |
|    clip_range           | 0.2          |
|    entropy_loss         | -0.98        |
|    explained_variance   | 0.0384       |
|    learning_rate        | 0.0003       |
|    loss                 | 75.3         |
|    n_updates            | 1705         |
|    policy_gradient_loss | -0.00158     |
|    value_loss           | 205          |
------------------------------------------
[Progress] 29.20% | 43,799/150,000 steps | 0.3311 steps/s | ETA 89h 6m 18s
[Progress] 29.22% | 43,824/150,000 steps | 0.3311 steps/s | ETA 89h 4m 44s
[Progress] 29.23% | 43,849/150,000 steps | 0.3311 steps/s | ETA 89h 2m 55s
[Progress] 29.25% | 43,874/150,000 steps | 0.3311 steps/s | ETA 89h 1m 29s
[Progress] 29.27% | 43,899/150,000 steps | 0.3311 steps/s | ETA 89h 0m 8s
-----------------------------------------
| progress/               |             |
|    percent              | 29.3        |
|    steps_per_second     | 0.331       |
| rollout/                |             |
|    ep_len_mean          | 16          |
|    ep_rew_mean          | 6.09        |
| time/                   |             |
|    fps                  | 0           |
|    iterations           | 343         |
|    time_elapsed         | 132582      |
|    total_timesteps      | 43904       |
| train/                  |             |
|    approx_kl            | 0.011993208 |
|    clip_fraction        | 0.0578      |
|    clip_range           | 0.2         |
|    entropy_loss         | -0.974      |
|    explained_variance   | -0.392      |
|    learning_rate        | 0.0003      |
|    loss                 | 27.1        |
|    n_updates            | 1710        |
|    policy_gradient_loss | -0.00429    |
|    value_loss           | 133         |
-----------------------------------------
[Progress] 29.28% | 43,924/150,000 steps | 0.3312 steps/s | ETA 88h 58m 44s
[Progress] 29.30% | 43,949/150,000 steps | 0.3312 steps/s | ETA 88h 57m 14s
[Progress] 29.32% | 43,974/150,000 steps | 0.3312 steps/s | ETA 88h 55m 46s
[Progress] 29.33% | 43,999/150,000 steps | 0.3312 steps/s | ETA 88h 54m 24s
Step 44,000 | Mean reward: 6.027 | Resolution: 64.1% | Escalation: 3.2%
[Progress] 29.35% | 44,024/150,000 steps | 0.3312 steps/s | ETA 88h 52m 53s
-----------------------------------------------
| custom/                      |              |
|    dropout_rate              | 0.327        |
|    escalation_rate           | 0.0318       |
|    mean_episode_length_100ep | 16.2         |
|    mean_reward_100ep         | 6.03         |
|    resolution_rate           | 0.641        |
|    timeout_rate              | 0            |
| progress/                    |              |
|    percent                   | 29.3         |
|    steps_per_second          | 0.331        |
| rollout/                     |              |
|    ep_len_mean               | 16.1         |
|    ep_rew_mean               | 6.37         |
| time/                        |              |
|    fps                       | 0            |
|    iterations                | 344          |
|    time_elapsed              | 132942       |
|    total_timesteps           | 44032        |
| train/                       |              |
|    approx_kl                 | 0.0063728555 |
|    clip_fraction             | 0.0219       |
|    clip_range                | 0.2          |
|    entropy_loss              | -0.942       |
|    explained_variance        | -0.184       |
|    learning_rate             | 0.0003       |
|    loss                      | 34.2         |
|    n_updates                 | 1715         |
|    policy_gradient_loss      | -0.00574     |
|    value_loss                | 130          |
-----------------------------------------------
[Progress] 29.37% | 44,049/150,000 steps | 0.3312 steps/s | ETA 88h 51m 21s
[Progress] 29.38% | 44,074/150,000 steps | 0.3312 steps/s | ETA 88h 49m 53s
[Progress] 29.40% | 44,099/150,000 steps | 0.3313 steps/s | ETA 88h 48m 16s
[Progress] 29.42% | 44,124/150,000 steps | 0.3313 steps/s | ETA 88h 46m 35s
[Progress] 29.43% | 44,149/150,000 steps | 0.3313 steps/s | ETA 88h 45m 14s
-----------------------------------------
| progress/               |             |
|    percent              | 29.4        |
|    steps_per_second     | 0.331       |
| rollout/                |             |
|    ep_len_mean          | 15.9        |
|    ep_rew_mean          | 5.55        |
| time/                   |             |
|    fps                  | 0           |
|    iterations           | 345         |
|    time_elapsed         | 133296      |
|    total_timesteps      | 44160       |
| train/                  |             |
|    approx_kl            | 0.008174613 |
|    clip_fraction        | 0.0672      |
|    clip_range           | 0.2         |
|    entropy_loss         | -0.955      |
|    explained_variance   | -0.00388    |
|    learning_rate        | 0.0003      |
|    loss                 | 40.4        |
|    n_updates            | 1720        |
|    policy_gradient_loss | -0.00517    |
|    value_loss           | 253         |
-----------------------------------------
[Progress] 29.45% | 44,174/150,000 steps | 0.3313 steps/s | ETA 88h 43m 40s
[Progress] 29.47% | 44,199/150,000 steps | 0.3313 steps/s | ETA 88h 41m 54s
[Progress] 29.48% | 44,224/150,000 steps | 0.3314 steps/s | ETA 88h 40m 25s
[Progress] 29.50% | 44,249/150,000 steps | 0.3314 steps/s | ETA 88h 39m 2s
[Progress] 29.52% | 44,274/150,000 steps | 0.3314 steps/s | ETA 88h 37m 19s
------------------------------------------
| progress/               |              |
|    percent              | 29.5         |
|    steps_per_second     | 0.331        |
| rollout/                |              |
|    ep_len_mean          | 16.4         |
|    ep_rew_mean          | 5.31         |
| time/                   |              |
|    fps                  | 0            |
|    iterations           | 346          |
|    time_elapsed         | 133640       |
|    total_timesteps      | 44288        |
| train/                  |              |
|    approx_kl            | 0.0057310923 |
|    clip_fraction        | 0.0187       |
|    clip_range           | 0.2          |
|    entropy_loss         | -0.943       |
|    explained_variance   | -0.000877    |
|    learning_rate        | 0.0003       |
|    loss                 | 107          |
|    n_updates            | 1725         |
|    policy_gradient_loss | -0.00563     |
|    value_loss           | 480          |
------------------------------------------
[Progress] 29.53% | 44,299/150,000 steps | 0.3314 steps/s | ETA 88h 35m 43s
[Progress] 29.55% | 44,324/150,000 steps | 0.3314 steps/s | ETA 88h 34m 12s
[Progress] 29.57% | 44,349/150,000 steps | 0.3314 steps/s | ETA 88h 32m 45s
[Progress] 29.58% | 44,374/150,000 steps | 0.3315 steps/s | ETA 88h 31m 16s
[Progress] 29.60% | 44,399/150,000 steps | 0.3315 steps/s | ETA 88h 29m 41s
-----------------------------------------
| progress/               |             |
|    percent              | 29.6        |
|    steps_per_second     | 0.331       |
| rollout/                |             |
|    ep_len_mean          | 16.7        |
|    ep_rew_mean          | 4.68        |
| time/                   |             |
|    fps                  | 0           |
|    iterations           | 347         |
|    time_elapsed         | 133992      |
|    total_timesteps      | 44416       |
| train/                  |             |
|    approx_kl            | 0.022699991 |
|    clip_fraction        | 0.142       |
|    clip_range           | 0.2         |
|    entropy_loss         | -0.878      |
|    explained_variance   | -0.0137     |
|    learning_rate        | 0.0003      |
|    loss                 | 46.1        |
|    n_updates            | 1730        |
|    policy_gradient_loss | -0.00655    |
|    value_loss           | 217         |
-----------------------------------------
[Progress] 29.62% | 44,424/150,000 steps | 0.3315 steps/s | ETA 88h 28m 11s
[Progress] 29.63% | 44,449/150,000 steps | 0.3315 steps/s | ETA 88h 26m 35s
[Progress] 29.65% | 44,474/150,000 steps | 0.3315 steps/s | ETA 88h 25m 9s
[Progress] 29.67% | 44,499/150,000 steps | 0.3315 steps/s | ETA 88h 23m 44s
Step 44,500 | Mean reward: 5.212 | Resolution: 64.2% | Escalation: 3.1%
[Progress] 29.68% | 44,524/150,000 steps | 0.3315 steps/s | ETA 88h 22m 22s
-----------------------------------------------
| custom/                      |              |
|    dropout_rate              | 0.327        |
|    escalation_rate           | 0.0314       |
|    mean_episode_length_100ep | 16.7         |
|    mean_reward_100ep         | 5.21         |
|    resolution_rate           | 0.642        |
|    timeout_rate              | 0            |
| progress/                    |              |
|    percent                   | 29.7         |
|    steps_per_second          | 0.332        |
| rollout/                     |              |
|    ep_len_mean               | 16.3         |
|    ep_rew_mean               | 7.21         |
| time/                        |              |
|    fps                       | 0            |
|    iterations                | 348          |
|    time_elapsed              | 134353       |
|    total_timesteps           | 44544        |
| train/                       |              |
|    approx_kl                 | 0.0018645222 |
|    clip_fraction             | 0.00156      |
|    clip_range                | 0.2          |
|    entropy_loss              | -0.869       |
|    explained_variance        | 0.0548       |
|    learning_rate             | 0.0003       |
|    loss                      | 84           |
|    n_updates                 | 1735         |
|    policy_gradient_loss      | -0.00482     |
|    value_loss                | 409          |
-----------------------------------------------
[Progress] 29.70% | 44,549/150,000 steps | 0.3315 steps/s | ETA 88h 20m 55s
[Progress] 29.72% | 44,574/150,000 steps | 0.3316 steps/s | ETA 88h 19m 21s
[Progress] 29.73% | 44,599/150,000 steps | 0.3316 steps/s | ETA 88h 17m 51s
[Progress] 29.75% | 44,624/150,000 steps | 0.3316 steps/s | ETA 88h 16m 18s
[Progress] 29.77% | 44,649/150,000 steps | 0.3316 steps/s | ETA 88h 14m 55s
-----------------------------------------
| progress/               |             |
|    percent              | 29.8        |
|    steps_per_second     | 0.332       |
| rollout/                |             |
|    ep_len_mean          | 16.2        |
|    ep_rew_mean          | 7.52        |
| time/                   |             |
|    fps                  | 0           |
|    iterations           | 349         |
|    time_elapsed         | 134714      |
|    total_timesteps      | 44672       |
| train/                  |             |
|    approx_kl            | 0.006031727 |
|    clip_fraction        | 0.1         |
|    clip_range           | 0.2         |
|    entropy_loss         | -0.909      |
|    explained_variance   | 0.0664      |
|    learning_rate        | 0.0003      |
|    loss                 | 94.4        |
|    n_updates            | 1740        |
|    policy_gradient_loss | -0.00734    |
|    value_loss           | 461         |
-----------------------------------------
[Progress] 29.78% | 44,674/150,000 steps | 0.3316 steps/s | ETA 88h 13m 43s
[Progress] 29.80% | 44,699/150,000 steps | 0.3316 steps/s | ETA 88h 12m 9s
[Progress] 29.82% | 44,724/150,000 steps | 0.3316 steps/s | ETA 88h 10m 41s
[Progress] 29.83% | 44,749/150,000 steps | 0.3317 steps/s | ETA 88h 9m 9s
[Progress] 29.85% | 44,774/150,000 steps | 0.3317 steps/s | ETA 88h 7m 42s
[Progress] 29.87% | 44,799/150,000 steps | 0.3317 steps/s | ETA 88h 6m 11s
----------------------------------------
| progress/               |            |
|    percent              | 29.9       |
|    steps_per_second     | 0.332      |
| rollout/                |            |
|    ep_len_mean          | 16.1       |
|    ep_rew_mean          | 8.42       |
| time/                   |            |
|    fps                  | 0          |
|    iterations           | 350        |
|    time_elapsed         | 135067     |
|    total_timesteps      | 44800      |
| train/                  |            |
|    approx_kl            | 0.00921169 |
|    clip_fraction        | 0.0516     |
|    clip_range           | 0.2        |
|    entropy_loss         | -0.87      |
|    explained_variance   | -0.023     |
|    learning_rate        | 0.0003     |
|    loss                 | 77.7       |
|    n_updates            | 1745       |
|    policy_gradient_loss | -0.00715   |
|    value_loss           | 284        |
----------------------------------------
[Progress] 29.88% | 44,824/150,000 steps | 0.3317 steps/s | ETA 88h 4m 38s
[Progress] 29.90% | 44,849/150,000 steps | 0.3317 steps/s | ETA 88h 3m 13s
[Progress] 29.92% | 44,874/150,000 steps | 0.3317 steps/s | ETA 88h 1m 43s
[Progress] 29.93% | 44,899/150,000 steps | 0.3318 steps/s | ETA 88h 0m 3s
[Progress] 29.95% | 44,924/150,000 steps | 0.3318 steps/s | ETA 87h 58m 33s
-----------------------------------------
| progress/               |             |
|    percent              | 29.9        |
|    steps_per_second     | 0.332       |
| rollout/                |             |
|    ep_len_mean          | 16.1        |
|    ep_rew_mean          | 8.98        |
| time/                   |             |
|    fps                  | 0           |
|    iterations           | 351         |
|    time_elapsed         | 135417      |
|    total_timesteps      | 44928       |
| train/                  |             |
|    approx_kl            | 0.014418265 |
|    clip_fraction        | 0.0766      |
|    clip_range           | 0.2         |
|    entropy_loss         | -0.882      |
|    explained_variance   | 0.0508      |
|    learning_rate        | 0.0003      |
|    loss                 | 87.3        |
|    n_updates            | 1750        |
|    policy_gradient_loss | -0.0142     |
|    value_loss           | 505         |
-----------------------------------------
[Progress] 29.97% | 44,949/150,000 steps | 0.3318 steps/s | ETA 87h 57m 2s
[Progress] 29.98% | 44,974/150,000 steps | 0.3318 steps/s | ETA 87h 55m 29s
[Progress] 30.00% | 44,999/150,000 steps | 0.3318 steps/s | ETA 87h 53m 55s
Step 45,000 | Mean reward: 7.018 | Resolution: 64.3% | Escalation: 3.1%
New best model saved: -11.958
[Progress] 30.02% | 45,024/150,000 steps | 0.3297 steps/s | ETA 88h 26m 21s
[Progress] 30.03% | 45,049/150,000 steps | 0.3297 steps/s | ETA 88h 24m 42s
-----------------------------------------------
| custom/                      |              |
|    dropout_rate              | 0.325        |
|    escalation_rate           | 0.0314       |
|    mean_episode_length_100ep | 16.2         |
|    mean_reward_100ep         | 7.02         |
|    resolution_rate           | 0.643        |
|    timeout_rate              | 0            |
| eval/                        |              |
|    escalation_rate           | 0            |
|    mean_reward               | -12          |
|    resolution_rate           | 0.7          |
| progress/                    |              |
|    percent                   | 30           |
|    steps_per_second          | 0.33         |
| rollout/                     |              |
|    ep_len_mean               | 15.9         |
|    ep_rew_mean               | 7.89         |
| time/                        |              |
|    fps                       | 0            |
|    iterations                | 352          |
|    time_elapsed              | 136640       |
|    total_timesteps           | 45056        |
| train/                       |              |
|    approx_kl                 | 0.0062228767 |
|    clip_fraction             | 0.0125       |
|    clip_range                | 0.2          |
|    entropy_loss              | -0.868       |
|    explained_variance        | 0.034        |
|    learning_rate             | 0.0003       |
|    loss                      | 63.4         |
|    n_updates                 | 1755         |
|    policy_gradient_loss      | -0.00592     |
|    value_loss                | 314          |
-----------------------------------------------
[Progress] 30.05% | 45,074/150,000 steps | 0.3297 steps/s | ETA 88h 23m 27s
[Progress] 30.07% | 45,099/150,000 steps | 0.3297 steps/s | ETA 88h 22m 8s
[Progress] 30.08% | 45,124/150,000 steps | 0.3298 steps/s | ETA 88h 20m 32s
[Progress] 30.10% | 45,149/150,000 steps | 0.3298 steps/s | ETA 88h 19m 4s
[Progress] 30.12% | 45,174/150,000 steps | 0.3298 steps/s | ETA 88h 17m 22s
-----------------------------------------
| progress/               |             |
|    percent              | 30.1        |
|    steps_per_second     | 0.33        |
| rollout/                |             |
|    ep_len_mean          | 16          |
|    ep_rew_mean          | 6.57        |
| time/                   |             |
|    fps                  | 0           |
|    iterations           | 353         |
|    time_elapsed         | 137000      |
|    total_timesteps      | 45184       |
| train/                  |             |
|    approx_kl            | 0.011299126 |
|    clip_fraction        | 0.0531      |
|    clip_range           | 0.2         |
|    entropy_loss         | -0.89       |
|    explained_variance   | 0.0457      |
|    learning_rate        | 0.0003      |
|    loss                 | 98.4        |
|    n_updates            | 1760        |
|    policy_gradient_loss | -0.00773    |
|    value_loss           | 556         |
-----------------------------------------
[Progress] 30.13% | 45,199/150,000 steps | 0.3298 steps/s | ETA 88h 15m 53s
[Progress] 30.15% | 45,224/150,000 steps | 0.3298 steps/s | ETA 88h 14m 22s
[Progress] 30.17% | 45,249/150,000 steps | 0.3299 steps/s | ETA 88h 12m 41s
[Progress] 30.18% | 45,274/150,000 steps | 0.3299 steps/s | ETA 88h 11m 16s
[Progress] 30.20% | 45,299/150,000 steps | 0.3299 steps/s | ETA 88h 9m 39s
------------------------------------------
| progress/               |              |
|    percent              | 30.2         |
|    steps_per_second     | 0.33         |
| rollout/                |              |
|    ep_len_mean          | 15.7         |
|    ep_rew_mean          | 7.09         |
| time/                   |              |
|    fps                  | 0            |
|    iterations           | 354          |
|    time_elapsed         | 137352       |
|    total_timesteps      | 45312        |
| train/                  |              |
|    approx_kl            | 0.0019330601 |
|    clip_fraction        | 0.00156      |
|    clip_range           | 0.2          |
|    entropy_loss         | -0.914       |
|    explained_variance   | 0.115        |
|    learning_rate        | 0.0003       |
|    loss                 | 123          |
|    n_updates            | 1765         |
|    policy_gradient_loss | -0.00141     |
|    value_loss           | 504          |
------------------------------------------
[Progress] 30.22% | 45,324/150,000 steps | 0.3299 steps/s | ETA 88h 8m 5s
[Progress] 30.23% | 45,349/150,000 steps | 0.3299 steps/s | ETA 88h 6m 37s
[Progress] 30.25% | 45,374/150,000 steps | 0.3299 steps/s | ETA 88h 5m 1s
[Progress] 30.27% | 45,399/150,000 steps | 0.3300 steps/s | ETA 88h 3m 28s
[Progress] 30.28% | 45,424/150,000 steps | 0.3300 steps/s | ETA 88h 2m 16s
-----------------------------------------
| progress/               |             |
|    percent              | 30.3        |
|    steps_per_second     | 0.33        |
| rollout/                |             |
|    ep_len_mean          | 14.9        |
|    ep_rew_mean          | 7.62        |
| time/                   |             |
|    fps                  | 0           |
|    iterations           | 355         |
|    time_elapsed         | 137715      |
|    total_timesteps      | 45440       |
| train/                  |             |
|    approx_kl            | 0.016618822 |
|    clip_fraction        | 0.128       |
|    clip_range           | 0.2         |
|    entropy_loss         | -0.894      |
|    explained_variance   | -0.0929     |
|    learning_rate        | 0.0003      |
|    loss                 | 38.2        |
|    n_updates            | 1770        |
|    policy_gradient_loss | -0.0157     |
|    value_loss           | 223         |
-----------------------------------------
[Progress] 30.30% | 45,449/150,000 steps | 0.3300 steps/s | ETA 88h 0m 56s
[Progress] 30.32% | 45,474/150,000 steps | 0.3300 steps/s | ETA 87h 59m 39s
[Progress] 30.33% | 45,499/150,000 steps | 0.3300 steps/s | ETA 87h 58m 20s
Step 45,500 | Mean reward: 7.921 | Resolution: 64.5% | Escalation: 3.1%
[Progress] 30.35% | 45,524/150,000 steps | 0.3300 steps/s | ETA 87h 56m 43s
[Progress] 30.37% | 45,549/150,000 steps | 0.3300 steps/s | ETA 87h 55m 30s
----------------------------------------------
| custom/                      |             |
|    dropout_rate              | 0.324       |
|    escalation_rate           | 0.0314      |
|    mean_episode_length_100ep | 15          |
|    mean_reward_100ep         | 7.92        |
|    resolution_rate           | 0.645       |
|    timeout_rate              | 0           |
| progress/                    |             |
|    percent                   | 30.4        |
|    steps_per_second          | 0.33        |
| rollout/                     |             |
|    ep_len_mean               | 15.1        |
|    ep_rew_mean               | 9.22        |
| time/                        |             |
|    fps                       | 0           |
|    iterations                | 356         |
|    time_elapsed              | 138086      |
|    total_timesteps           | 45568       |
| train/                       |             |
|    approx_kl                 | 0.009318843 |
|    clip_fraction             | 0.05        |
|    clip_range                | 0.2         |
|    entropy_loss              | -0.914      |
|    explained_variance        | 0.112       |
|    learning_rate             | 0.0003      |
|    loss                      | 103         |
|    n_updates                 | 1775        |
|    policy_gradient_loss      | -0.0072     |
|    value_loss                | 429         |
----------------------------------------------
[Progress] 30.38% | 45,574/150,000 steps | 0.3300 steps/s | ETA 87h 53m 59s
[Progress] 30.40% | 45,599/150,000 steps | 0.3300 steps/s | ETA 87h 52m 13s
[Progress] 30.42% | 45,624/150,000 steps | 0.3301 steps/s | ETA 87h 50m 37s
[Progress] 30.43% | 45,649/150,000 steps | 0.3301 steps/s | ETA 87h 48m 58s
[Progress] 30.45% | 45,674/150,000 steps | 0.3301 steps/s | ETA 87h 47m 28s
------------------------------------------
| progress/               |              |
|    percent              | 30.4         |
|    steps_per_second     | 0.33         |
| rollout/                |              |
|    ep_len_mean          | 14.9         |
|    ep_rew_mean          | 9.35         |
| time/                   |              |
|    fps                  | 0            |
|    iterations           | 357          |
|    time_elapsed         | 138431       |
|    total_timesteps      | 45696        |
| train/                  |              |
|    approx_kl            | 0.0077929366 |
|    clip_fraction        | 0.0672       |
|    clip_range           | 0.2          |
|    entropy_loss         | -0.929       |
|    explained_variance   | -0.00799     |
|    learning_rate        | 0.0003       |
|    loss                 | 68.1         |
|    n_updates            | 1780         |
|    policy_gradient_loss | -0.00723     |
|    value_loss           | 292          |
------------------------------------------
[Progress] 30.47% | 45,699/150,000 steps | 0.3301 steps/s | ETA 87h 46m 6s
[Progress] 30.48% | 45,724/150,000 steps | 0.3301 steps/s | ETA 87h 44m 29s
[Progress] 30.50% | 45,749/150,000 steps | 0.3302 steps/s | ETA 87h 42m 40s
[Progress] 30.52% | 45,774/150,000 steps | 0.3302 steps/s | ETA 87h 41m 18s
[Progress] 30.53% | 45,799/150,000 steps | 0.3302 steps/s | ETA 87h 39m 42s
[Progress] 30.55% | 45,824/150,000 steps | 0.3302 steps/s | ETA 87h 38m 2s
-------------------------------------------
| progress/               |               |
|    percent              | 30.5          |
|    steps_per_second     | 0.33          |
| rollout/                |               |
|    ep_len_mean          | 14.8          |
|    ep_rew_mean          | 9.47          |
| time/                   |               |
|    fps                  | 0             |
|    iterations           | 358           |
|    time_elapsed         | 138771        |
|    total_timesteps      | 45824         |
| train/                  |               |
|    approx_kl            | 0.00061181234 |
|    clip_fraction        | 0             |
|    clip_range           | 0.2           |
|    entropy_loss         | -0.916        |
|    explained_variance   | 0.168         |
|    learning_rate        | 0.0003        |
|    loss                 | 147           |
|    n_updates            | 1785          |
|    policy_gradient_loss | -0.00176      |
|    value_loss           | 580           |
-------------------------------------------
[Progress] 30.57% | 45,849/150,000 steps | 0.3302 steps/s | ETA 87h 37m 3s
[Progress] 30.58% | 45,874/150,000 steps | 0.3302 steps/s | ETA 87h 35m 23s
[Progress] 30.60% | 45,899/150,000 steps | 0.3302 steps/s | ETA 87h 33m 39s
[Progress] 30.62% | 45,924/150,000 steps | 0.3303 steps/s | ETA 87h 32m 4s
[Progress] 30.63% | 45,949/150,000 steps | 0.3303 steps/s | ETA 87h 30m 31s
-----------------------------------------
| progress/               |             |
|    percent              | 30.6        |
|    steps_per_second     | 0.33        |
| rollout/                |             |
|    ep_len_mean          | 14.9        |
|    ep_rew_mean          | 9.19        |
| time/                   |             |
|    fps                  | 0           |
|    iterations           | 359         |
|    time_elapsed         | 139125      |
|    total_timesteps      | 45952       |
| train/                  |             |
|    approx_kl            | 0.009884356 |
|    clip_fraction        | 0.0469      |
|    clip_range           | 0.2         |
|    entropy_loss         | -0.909      |
|    explained_variance   | 0.118       |
|    learning_rate        | 0.0003      |
|    loss                 | 56.9        |
|    n_updates            | 1790        |
|    policy_gradient_loss | -0.0076     |
|    value_loss           | 259         |
-----------------------------------------
[Progress] 30.65% | 45,974/150,000 steps | 0.3303 steps/s | ETA 87h 28m 47s
[Progress] 30.67% | 45,999/150,000 steps | 0.3303 steps/s | ETA 87h 27m 7s
Step 46,000 | Mean reward: 9.449 | Resolution: 64.6% | Escalation: 3.1%
[Progress] 30.68% | 46,024/150,000 steps | 0.3303 steps/s | ETA 87h 25m 46s
[Progress] 30.70% | 46,049/150,000 steps | 0.3304 steps/s | ETA 87h 24m 25s
[Progress] 30.72% | 46,074/150,000 steps | 0.3304 steps/s | ETA 87h 23m 0s
----------------------------------------------
| custom/                      |             |
|    dropout_rate              | 0.323       |
|    escalation_rate           | 0.0311      |
|    mean_episode_length_100ep | 15          |
|    mean_reward_100ep         | 9.45        |
|    resolution_rate           | 0.646       |
|    timeout_rate              | 0           |
| progress/                    |             |
|    percent                   | 30.7        |
|    steps_per_second          | 0.33        |
| rollout/                     |             |
|    ep_len_mean               | 15.1        |
|    ep_rew_mean               | 9.31        |
| time/                        |             |
|    fps                       | 0           |
|    iterations                | 360         |
|    time_elapsed              | 139479      |
|    total_timesteps           | 46080       |
| train/                       |             |
|    approx_kl                 | 0.004153492 |
|    clip_fraction             | 0.0219      |
|    clip_range                | 0.2         |
|    entropy_loss              | -0.873      |
|    explained_variance        | 0.0702      |
|    learning_rate             | 0.0003      |
|    loss                      | 101         |
|    n_updates                 | 1795        |
|    policy_gradient_loss      | -0.00695    |
|    value_loss                | 500         |
----------------------------------------------
[Progress] 30.73% | 46,099/150,000 steps | 0.3304 steps/s | ETA 87h 21m 41s
[Progress] 30.75% | 46,124/150,000 steps | 0.3304 steps/s | ETA 87h 20m 18s
[Progress] 30.77% | 46,149/150,000 steps | 0.3304 steps/s | ETA 87h 18m 49s
[Progress] 30.78% | 46,174/150,000 steps | 0.3304 steps/s | ETA 87h 17m 9s
[Progress] 30.80% | 46,199/150,000 steps | 0.3304 steps/s | ETA 87h 15m 30s
------------------------------------------
| progress/               |              |
|    percent              | 30.8         |
|    steps_per_second     | 0.33         |
| rollout/                |              |
|    ep_len_mean          | 14.9         |
|    ep_rew_mean          | 9.2          |
| time/                   |              |
|    fps                  | 0            |
|    iterations           | 361          |
|    time_elapsed         | 139837       |
|    total_timesteps      | 46208        |
| train/                  |              |
|    approx_kl            | 0.0068358574 |
|    clip_fraction        | 0.00156      |
|    clip_range           | 0.2          |
|    entropy_loss         | -0.93        |
|    explained_variance   | -0.289       |
|    learning_rate        | 0.0003       |
|    loss                 | 52.1         |
|    n_updates            | 1800         |
|    policy_gradient_loss | -0.0131      |
|    value_loss           | 180          |
------------------------------------------
[Progress] 30.82% | 46,224/150,000 steps | 0.3304 steps/s | ETA 87h 14m 5s
[Progress] 30.83% | 46,249/150,000 steps | 0.3305 steps/s | ETA 87h 12m 30s
[Progress] 30.85% | 46,274/150,000 steps | 0.3305 steps/s | ETA 87h 10m 55s
[Progress] 30.87% | 46,299/150,000 steps | 0.3305 steps/s | ETA 87h 9m 23s
[Progress] 30.88% | 46,324/150,000 steps | 0.3305 steps/s | ETA 87h 8m 0s
------------------------------------------
| progress/               |              |
|    percent              | 30.9         |
|    steps_per_second     | 0.331        |
| rollout/                |              |
|    ep_len_mean          | 15.1         |
|    ep_rew_mean          | 10.6         |
| time/                   |              |
|    fps                  | 0            |
|    iterations           | 362          |
|    time_elapsed         | 140188       |
|    total_timesteps      | 46336        |
| train/                  |              |
|    approx_kl            | 0.0017147665 |
|    clip_fraction        | 0.00156      |
|    clip_range           | 0.2          |
|    entropy_loss         | -0.877       |
|    explained_variance   | -0.0909      |
|    learning_rate        | 0.0003       |
|    loss                 | 51.7         |
|    n_updates            | 1805         |
|    policy_gradient_loss | -0.00114     |
|    value_loss           | 234          |
------------------------------------------
[Progress] 30.90% | 46,349/150,000 steps | 0.3305 steps/s | ETA 87h 6m 29s
[Progress] 30.92% | 46,374/150,000 steps | 0.3305 steps/s | ETA 87h 4m 59s
[Progress] 30.93% | 46,399/150,000 steps | 0.3306 steps/s | ETA 87h 3m 20s
[Progress] 30.95% | 46,424/150,000 steps | 0.3306 steps/s | ETA 87h 1m 57s
[Progress] 30.97% | 46,449/150,000 steps | 0.3306 steps/s | ETA 87h 0m 23s
------------------------------------------
| progress/               |              |
|    percent              | 31           |
|    steps_per_second     | 0.331        |
| rollout/                |              |
|    ep_len_mean          | 15           |
|    ep_rew_mean          | 10.9         |
| time/                   |              |
|    fps                  | 0            |
|    iterations           | 363          |
|    time_elapsed         | 140542       |
|    total_timesteps      | 46464        |
| train/                  |              |
|    approx_kl            | 0.0010052235 |
|    clip_fraction        | 0            |
|    clip_range           | 0.2          |
|    entropy_loss         | -0.874       |
|    explained_variance   | 0.145        |
|    learning_rate        | 0.0003       |
|    loss                 | 84.6         |
|    n_updates            | 1810         |
|    policy_gradient_loss | -0.000772    |
|    value_loss           | 482          |
------------------------------------------
[Progress] 30.98% | 46,474/150,000 steps | 0.3306 steps/s | ETA 86h 58m 54s
[Progress] 31.00% | 46,499/150,000 steps | 0.3306 steps/s | ETA 86h 57m 38s
Step 46,500 | Mean reward: 11.170 | Resolution: 64.8% | Escalation: 3.1%
[Progress] 31.02% | 46,524/150,000 steps | 0.3306 steps/s | ETA 86h 56m 18s
[Progress] 31.03% | 46,549/150,000 steps | 0.3306 steps/s | ETA 86h 55m 0s
[Progress] 31.05% | 46,574/150,000 steps | 0.3306 steps/s | ETA 86h 53m 23s
-----------------------------------------------
| custom/                      |              |
|    dropout_rate              | 0.321        |
|    escalation_rate           | 0.0308       |
|    mean_episode_length_100ep | 15           |
|    mean_reward_100ep         | 11.2         |
|    resolution_rate           | 0.648        |
|    timeout_rate              | 0            |
| progress/                    |              |
|    percent                   | 31           |
|    steps_per_second          | 0.331        |
| rollout/                     |              |
|    ep_len_mean               | 14.8         |
|    ep_rew_mean               | 12.5         |
| time/                        |              |
|    fps                       | 0            |
|    iterations                | 364          |
|    time_elapsed              | 140906       |
|    total_timesteps           | 46592        |
| train/                       |              |
|    approx_kl                 | 0.0061046886 |
|    clip_fraction             | 0.0172       |
|    clip_range                | 0.2          |
|    entropy_loss              | -0.834       |
|    explained_variance        | 0.0654       |
|    learning_rate             | 0.0003       |
|    loss                      | 60.2         |
|    n_updates                 | 1815         |
|    policy_gradient_loss      | -0.00426     |
|    value_loss                | 325          |
-----------------------------------------------
[Progress] 31.07% | 46,599/150,000 steps | 0.3307 steps/s | ETA 86h 51m 52s
[Progress] 31.08% | 46,624/150,000 steps | 0.3307 steps/s | ETA 86h 50m 23s
[Progress] 31.10% | 46,649/150,000 steps | 0.3307 steps/s | ETA 86h 48m 57s
[Progress] 31.12% | 46,674/150,000 steps | 0.3307 steps/s | ETA 86h 47m 29s
[Progress] 31.13% | 46,699/150,000 steps | 0.3307 steps/s | ETA 86h 45m 50s
-----------------------------------------
| progress/               |             |
|    percent              | 31.1        |
|    steps_per_second     | 0.331       |
| rollout/                |             |
|    ep_len_mean          | 14.8        |
|    ep_rew_mean          | 11.6        |
| time/                   |             |
|    fps                  | 0           |
|    iterations           | 365         |
|    time_elapsed         | 141261      |
|    total_timesteps      | 46720       |
| train/                  |             |
|    approx_kl            | 0.002858162 |
|    clip_fraction        | 0.00313     |
|    clip_range           | 0.2         |
|    entropy_loss         | -0.871      |
|    explained_variance   | 0.0438      |
|    learning_rate        | 0.0003      |
|    loss                 | 77.9        |
|    n_updates            | 1820        |
|    policy_gradient_loss | -0.00046    |
|    value_loss           | 306         |
-----------------------------------------
[Progress] 31.15% | 46,724/150,000 steps | 0.3307 steps/s | ETA 86h 44m 24s
[Progress] 31.17% | 46,749/150,000 steps | 0.3307 steps/s | ETA 86h 43m 0s
[Progress] 31.18% | 46,774/150,000 steps | 0.3308 steps/s | ETA 86h 41m 22s
[Progress] 31.20% | 46,799/150,000 steps | 0.3308 steps/s | ETA 86h 39m 51s
[Progress] 31.22% | 46,824/150,000 steps | 0.3308 steps/s | ETA 86h 38m 21s
-------------------------------------------
| progress/               |               |
|    percent              | 31.2          |
|    steps_per_second     | 0.331         |
| rollout/                |               |
|    ep_len_mean          | 14.9          |
|    ep_rew_mean          | 10.2          |
| time/                   |               |
|    fps                  | 0             |
|    iterations           | 366           |
|    time_elapsed         | 141613        |
|    total_timesteps      | 46848         |
| train/                  |               |
|    approx_kl            | 0.00088666193 |
|    clip_fraction        | 0             |
|    clip_range           | 0.2           |
|    entropy_loss         | -0.798        |
|    explained_variance   | -0.0129       |
|    learning_rate        | 0.0003        |
|    loss                 | 90.7          |
|    n_updates            | 1825          |
|    policy_gradient_loss | -0.000824     |
|    value_loss           | 467           |
-------------------------------------------
[Progress] 31.23% | 46,849/150,000 steps | 0.3308 steps/s | ETA 86h 36m 46s
[Progress] 31.25% | 46,874/150,000 steps | 0.3308 steps/s | ETA 86h 35m 19s
[Progress] 31.27% | 46,899/150,000 steps | 0.3309 steps/s | ETA 86h 33m 37s
[Progress] 31.28% | 46,924/150,000 steps | 0.3309 steps/s | ETA 86h 31m 55s
[Progress] 31.30% | 46,949/150,000 steps | 0.3309 steps/s | ETA 86h 30m 17s
[Progress] 31.32% | 46,974/150,000 steps | 0.3309 steps/s | ETA 86h 28m 34s
-----------------------------------------
| progress/               |             |
|    percent              | 31.3        |
|    steps_per_second     | 0.331       |
| rollout/                |             |
|    ep_len_mean          | 14.7        |
|    ep_rew_mean          | 9.48        |
| time/                   |             |
|    fps                  | 0           |
|    iterations           | 367         |
|    time_elapsed         | 141946      |
|    total_timesteps      | 46976       |
| train/                  |             |
|    approx_kl            | 0.004697162 |
|    clip_fraction        | 0.025       |
|    clip_range           | 0.2         |
|    entropy_loss         | -0.806      |
|    explained_variance   | 0.126       |
|    learning_rate        | 0.0003      |
|    loss                 | 140         |
|    n_updates            | 1830        |
|    policy_gradient_loss | -0.00495    |
|    value_loss           | 669         |
-----------------------------------------
[Progress] 31.33% | 46,999/150,000 steps | 0.3310 steps/s | ETA 86h 27m 7s
Step 47,000 | Mean reward: 9.428 | Resolution: 64.9% | Escalation: 3.0%
[Progress] 31.35% | 47,024/150,000 steps | 0.3309 steps/s | ETA 86h 25m 54s
[Progress] 31.37% | 47,049/150,000 steps | 0.3310 steps/s | ETA 86h 24m 32s
[Progress] 31.38% | 47,074/150,000 steps | 0.3310 steps/s | ETA 86h 23m 15s
[Progress] 31.40% | 47,099/150,000 steps | 0.3310 steps/s | ETA 86h 21m 35s
---------------------------------------------
| custom/                      |            |
|    dropout_rate              | 0.321      |
|    escalation_rate           | 0.0305     |
|    mean_episode_length_100ep | 14.7       |
|    mean_reward_100ep         | 9.43       |
|    resolution_rate           | 0.649      |
|    timeout_rate              | 0          |
| progress/                    |            |
|    percent                   | 31.4       |
|    steps_per_second          | 0.331      |
| rollout/                     |            |
|    ep_len_mean               | 14.8       |
|    ep_rew_mean               | 9.89       |
| time/                        |            |
|    fps                       | 0          |
|    iterations                | 368        |
|    time_elapsed              | 142313     |
|    total_timesteps           | 47104      |
| train/                       |            |
|    approx_kl                 | 0.00651106 |
|    clip_fraction             | 0.0187     |
|    clip_range                | 0.2        |
|    entropy_loss              | -0.884     |
|    explained_variance        | -0.000831  |
|    learning_rate             | 0.0003     |
|    loss                      | 99.3       |
|    n_updates                 | 1835       |
|    policy_gradient_loss      | -0.00668   |
|    value_loss                | 418        |
---------------------------------------------
[Progress] 31.42% | 47,124/150,000 steps | 0.3310 steps/s | ETA 86h 20m 5s
[Progress] 31.43% | 47,149/150,000 steps | 0.3310 steps/s | ETA 86h 18m 34s
[Progress] 31.45% | 47,174/150,000 steps | 0.3310 steps/s | ETA 86h 16m 54s
[Progress] 31.47% | 47,199/150,000 steps | 0.3310 steps/s | ETA 86h 15m 39s
[Progress] 31.48% | 47,224/150,000 steps | 0.3311 steps/s | ETA 86h 14m 4s
------------------------------------------
| progress/               |              |
|    percent              | 31.5         |
|    steps_per_second     | 0.331        |
| rollout/                |              |
|    ep_len_mean          | 14.9         |
|    ep_rew_mean          | 10.3         |
| time/                   |              |
|    fps                  | 0            |
|    iterations           | 369          |
|    time_elapsed         | 142667       |
|    total_timesteps      | 47232        |
| train/                  |              |
|    approx_kl            | 0.0059788483 |
|    clip_fraction        | 0.00469      |
|    clip_range           | 0.2          |
|    entropy_loss         | -0.927       |
|    explained_variance   | -0.0652      |
|    learning_rate        | 0.0003       |
|    loss                 | 75.1         |
|    n_updates            | 1840         |
|    policy_gradient_loss | -0.00356     |
|    value_loss           | 322          |
------------------------------------------
[Progress] 31.50% | 47,249/150,000 steps | 0.3311 steps/s | ETA 86h 12m 33s
