=================================================================
  PHASE 10: PPO CONTINUED TRAINING (v3 -> v3_continued)
=================================================================
  Additional timesteps: 500,000
  Checkpoint:           Simulation_4/artifacts/phase10_v3/models/best_model.zip
  Curriculum:           enabled
  Reward shaping:       disabled
  Parallel envs:        4
  reset_num_timesteps:  False
=================================================================
DocumentStore loaded:
  lumo_doc1_company_product_overview.md: 22 chunks
  lumo_doc2_support_policies.md: 48 chunks
  lumo_doc3_issue_playbooks.md: 59 chunks
  Total chunks: 129
  Mean chunk size: 787 characters
  Min chunk size: 45 characters
  Max chunk size: 1000 characters
Warning: You are sending unauthenticated requests to the HF Hub. Please set a HF_TOKEN to enable higher rate limits and faster downloads.
Loading weights:   0%|          | 0/103 [00:00<?, ?it/s]Loading weights: 100%|██████████| 103/103 [00:00<00:00, 14433.64it/s]
[1mBertModel LOAD REPORT[0m from: sentence-transformers/all-MiniLM-L6-v2
Key                     | Status     |  | 
------------------------+------------+--+-
embeddings.position_ids | UNEXPECTED |  | 

[3mNotes:
- UNEXPECTED[3m	:can be ignored when loading from different task/architecture; not ok if you expect identical arch.[0m
DocumentStore loaded:
  lumo_doc1_company_product_overview.md: 22 chunks
  lumo_doc2_support_policies.md: 48 chunks
  lumo_doc3_issue_playbooks.md: 59 chunks
  Total chunks: 129
  Mean chunk size: 787 characters
  Min chunk size: 45 characters
  Max chunk size: 1000 characters
Loading weights:   0%|          | 0/103 [00:00<?, ?it/s]Loading weights: 100%|██████████| 103/103 [00:00<00:00, 9016.06it/s]
[1mBertModel LOAD REPORT[0m from: sentence-transformers/all-MiniLM-L6-v2
Key                     | Status     |  | 
------------------------+------------+--+-
embeddings.position_ids | UNEXPECTED |  | 

[3mNotes:
- UNEXPECTED[3m	:can be ignored when loading from different task/architecture; not ok if you expect identical arch.[0m
DocumentStore loaded:
  lumo_doc1_company_product_overview.md: 22 chunks
  lumo_doc2_support_policies.md: 48 chunks
  lumo_doc3_issue_playbooks.md: 59 chunks
  Total chunks: 129
  Mean chunk size: 787 characters
  Min chunk size: 45 characters
  Max chunk size: 1000 characters
Loading weights:   0%|          | 0/103 [00:00<?, ?it/s]Loading weights: 100%|██████████| 103/103 [00:00<00:00, 8600.53it/s]
[1mBertModel LOAD REPORT[0m from: sentence-transformers/all-MiniLM-L6-v2
Key                     | Status     |  | 
------------------------+------------+--+-
embeddings.position_ids | UNEXPECTED |  | 

[3mNotes:
- UNEXPECTED[3m	:can be ignored when loading from different task/architecture; not ok if you expect identical arch.[0m
DocumentStore loaded:
  lumo_doc1_company_product_overview.md: 22 chunks
  lumo_doc2_support_policies.md: 48 chunks
  lumo_doc3_issue_playbooks.md: 59 chunks
  Total chunks: 129
  Mean chunk size: 787 characters
  Min chunk size: 45 characters
  Max chunk size: 1000 characters
Loading weights:   0%|          | 0/103 [00:00<?, ?it/s]Loading weights: 100%|██████████| 103/103 [00:00<00:00, 8192.16it/s]
[1mBertModel LOAD REPORT[0m from: sentence-transformers/all-MiniLM-L6-v2
Key                     | Status     |  | 
------------------------+------------+--+-
embeddings.position_ids | UNEXPECTED |  | 

[3mNotes:
- UNEXPECTED[3m	:can be ignored when loading from different task/architecture; not ok if you expect identical arch.[0m
Curriculum advanced to stage: medium
Curriculum advanced to stage: full
DocumentStore loaded:
  lumo_doc1_company_product_overview.md: 22 chunks
  lumo_doc2_support_policies.md: 48 chunks
  lumo_doc3_issue_playbooks.md: 59 chunks
  Total chunks: 129
  Mean chunk size: 787 characters
  Min chunk size: 45 characters
  Max chunk size: 1000 characters
Loading weights:   0%|          | 0/103 [00:00<?, ?it/s]Loading weights: 100%|██████████| 103/103 [00:00<00:00, 9823.40it/s]
[1mBertModel LOAD REPORT[0m from: sentence-transformers/all-MiniLM-L6-v2
Key                     | Status     |  | 
------------------------+------------+--+-
embeddings.position_ids | UNEXPECTED |  | 

[3mNotes:
- UNEXPECTED[3m	:can be ignored when loading from different task/architecture; not ok if you expect identical arch.[0m
Logging to Simulation_4/artifacts/phase10_v3/tensorboard/ppo_v3_continued_0
Step 505,000 | Mean reward: 0.606 | Resolution: 43.4% | Escalation: 38.9%
-------------------------------------------
| custom/                      |          |
|    dropout_rate              | 0.13     |
|    escalation_rate           | 0.389    |
|    mean_episode_length_100ep | 6.55     |
|    mean_reward_100ep         | 0.606    |
|    resolution_rate           | 0.434    |
|    timeout_rate              | 0.0482   |
| rollout/                     |          |
|    ep_len_mean               | 6.72     |
|    ep_rew_mean               | 0.598    |
| time/                        |          |
|    fps                       | 400      |
|    iterations                | 1        |
|    time_elapsed              | 20       |
|    total_timesteps           | 508192   |
-------------------------------------------
Step 510,000 | Mean reward: 0.726 | Resolution: 44.4% | Escalation: 39.0%
New best model saved: 0.958
Step 515,000 | Mean reward: 0.532 | Resolution: 43.8% | Escalation: 38.9%
----------------------------------------------
| custom/                      |             |
|    dropout_rate              | 0.132       |
|    escalation_rate           | 0.389       |
|    mean_episode_length_100ep | 6.88        |
|    mean_reward_100ep         | 0.532       |
|    resolution_rate           | 0.438       |
|    timeout_rate              | 0.0406      |
| eval/                        |             |
|    escalation_rate           | 0.31        |
|    mean_reward               | 0.958       |
|    resolution_rate           | 0.4         |
| rollout/                     |             |
|    ep_len_mean               | 6.63        |
|    ep_rew_mean               | 0.647       |
| time/                        |             |
|    fps                       | 376         |
|    iterations                | 2           |
|    time_elapsed              | 43          |
|    total_timesteps           | 516384      |
| train/                       |             |
|    approx_kl                 | 0.002784986 |
|    clip_fraction             | 0.0383      |
|    clip_range                | 0.2         |
|    entropy_loss              | -0.264      |
|    explained_variance        | 0.38        |
|    learning_rate             | 0.0003      |
|    loss                      | 1.48        |
|    n_updates                 | 620         |
|    policy_gradient_loss      | -0.000978   |
|    value_loss                | 3.16        |
----------------------------------------------
Step 520,000 | Mean reward: 0.723 | Resolution: 43.6% | Escalation: 39.0%
New best model saved: 1.060
BASELINE BEATEN at step 520,000! Mean reward: 1.060 > 0.990
----------------------------------------------
| custom/                      |             |
|    dropout_rate              | 0.132       |
|    escalation_rate           | 0.39        |
|    mean_episode_length_100ep | 5.32        |
|    mean_reward_100ep         | 0.723       |
|    resolution_rate           | 0.436       |
|    timeout_rate              | 0.0424      |
| eval/                        |             |
|    escalation_rate           | 0.315       |
|    mean_reward               | 1.06        |
|    resolution_rate           | 0.43        |
| rollout/                     |             |
|    ep_len_mean               | 6.59        |
|    ep_rew_mean               | 0.42        |
| time/                        |             |
|    fps                       | 365         |
|    iterations                | 3           |
|    time_elapsed              | 67          |
|    total_timesteps           | 524576      |
| train/                       |             |
|    approx_kl                 | 0.011716699 |
|    clip_fraction             | 0.044       |
|    clip_range                | 0.2         |
|    entropy_loss              | -0.252      |
|    explained_variance        | 0.372       |
|    learning_rate             | 0.0003      |
|    loss                      | 1.53        |
|    n_updates                 | 630         |
|    policy_gradient_loss      | -0.00197    |
|    value_loss                | 3.22        |
----------------------------------------------
Step 525,000 | Mean reward: 0.484 | Resolution: 43.2% | Escalation: 39.1%
Step 530,000 | Mean reward: 0.793 | Resolution: 43.6% | Escalation: 38.3%
New best model saved: 1.071
----------------------------------------------
| custom/                      |             |
|    dropout_rate              | 0.135       |
|    escalation_rate           | 0.383       |
|    mean_episode_length_100ep | 7.16        |
|    mean_reward_100ep         | 0.793       |
|    resolution_rate           | 0.436       |
|    timeout_rate              | 0.0457      |
| eval/                        |             |
|    escalation_rate           | 0.31        |
|    mean_reward               | 1.07        |
|    resolution_rate           | 0.435       |
| rollout/                     |             |
|    ep_len_mean               | 7.77        |
|    ep_rew_mean               | 0.401       |
| time/                        |             |
|    fps                       | 365         |
|    iterations                | 4           |
|    time_elapsed              | 89          |
|    total_timesteps           | 532768      |
| train/                       |             |
|    approx_kl                 | 0.005898511 |
|    clip_fraction             | 0.0484      |
|    clip_range                | 0.2         |
|    entropy_loss              | -0.254      |
|    explained_variance        | 0.369       |
|    learning_rate             | 0.0003      |
|    loss                      | 1.54        |
|    n_updates                 | 640         |
|    policy_gradient_loss      | -0.00241    |
|    value_loss                | 3.28        |
----------------------------------------------
Step 535,000 | Mean reward: 0.741 | Resolution: 43.6% | Escalation: 37.7%
Step 540,000 | Mean reward: 0.618 | Resolution: 44.0% | Escalation: 37.0%
New best model saved: 1.128
----------------------------------------------
| custom/                      |             |
|    dropout_rate              | 0.141       |
|    escalation_rate           | 0.37        |
|    mean_episode_length_100ep | 8.05        |
|    mean_reward_100ep         | 0.618       |
|    resolution_rate           | 0.44        |
|    timeout_rate              | 0.0482      |
| eval/                        |             |
|    escalation_rate           | 0.31        |
|    mean_reward               | 1.13        |
|    resolution_rate           | 0.45        |
| rollout/                     |             |
|    ep_len_mean               | 6.46        |
|    ep_rew_mean               | 0.422       |
| time/                        |             |
|    fps                       | 378         |
|    iterations                | 5           |
|    time_elapsed              | 108         |
|    total_timesteps           | 540960      |
| train/                       |             |
|    approx_kl                 | 0.003934342 |
|    clip_fraction             | 0.0434      |
|    clip_range                | 0.2         |
|    entropy_loss              | -0.241      |
|    explained_variance        | 0.383       |
|    learning_rate             | 0.0003      |
|    loss                      | 1.69        |
|    n_updates                 | 650         |
|    policy_gradient_loss      | -0.00138    |
|    value_loss                | 3.31        |
----------------------------------------------
Step 545,000 | Mean reward: 0.139 | Resolution: 43.7% | Escalation: 36.6%
-----------------------------------------------
| custom/                      |              |
|    dropout_rate              | 0.146        |
|    escalation_rate           | 0.366        |
|    mean_episode_length_100ep | 8.26         |
|    mean_reward_100ep         | 0.139        |
|    resolution_rate           | 0.437        |
|    timeout_rate              | 0.0503       |
| rollout/                     |              |
|    ep_len_mean               | 9.12         |
|    ep_rew_mean               | 0.754        |
| time/                        |              |
|    fps                       | 395          |
|    iterations                | 6            |
|    time_elapsed              | 124          |
|    total_timesteps           | 549152       |
| train/                       |              |
|    approx_kl                 | 0.0042776735 |
|    clip_fraction             | 0.0395       |
|    clip_range                | 0.2          |
|    entropy_loss              | -0.223       |
|    explained_variance        | 0.397        |
|    learning_rate             | 0.0003       |
|    loss                      | 1.51         |
|    n_updates                 | 660          |
|    policy_gradient_loss      | -0.00162     |
|    value_loss                | 3.24         |
-----------------------------------------------
Step 550,000 | Mean reward: 1.218 | Resolution: 43.9% | Escalation: 36.1%
New best model saved: 1.216
Step 555,000 | Mean reward: 1.014 | Resolution: 44.4% | Escalation: 35.5%
-----------------------------------------------
| custom/                      |              |
|    dropout_rate              | 0.15         |
|    escalation_rate           | 0.355        |
|    mean_episode_length_100ep | 8.52         |
|    mean_reward_100ep         | 1.01         |
|    resolution_rate           | 0.444        |
|    timeout_rate              | 0.0513       |
| eval/                        |              |
|    escalation_rate           | 0.315        |
|    mean_reward               | 1.22         |
|    resolution_rate           | 0.475        |
| rollout/                     |              |
|    ep_len_mean               | 8.86         |
|    ep_rew_mean               | 0.787        |
| time/                        |              |
|    fps                       | 399          |
|    iterations                | 7            |
|    time_elapsed              | 143          |
|    total_timesteps           | 557344       |
| train/                       |              |
|    approx_kl                 | 0.0039659715 |
|    clip_fraction             | 0.0433       |
|    clip_range                | 0.2          |
|    entropy_loss              | -0.221       |
|    explained_variance        | 0.373        |
|    learning_rate             | 0.0003       |
|    loss                      | 1.67         |
|    n_updates                 | 670          |
|    policy_gradient_loss      | -0.00141     |
|    value_loss                | 3.44         |
-----------------------------------------------
Step 560,000 | Mean reward: 0.837 | Resolution: 44.3% | Escalation: 35.7%
Step 565,000 | Mean reward: 0.620 | Resolution: 44.6% | Escalation: 35.2%
----------------------------------------------
| custom/                      |             |
|    dropout_rate              | 0.149       |
|    escalation_rate           | 0.352       |
|    mean_episode_length_100ep | 8.36        |
|    mean_reward_100ep         | 0.62        |
|    resolution_rate           | 0.446       |
|    timeout_rate              | 0.053       |
| eval/                        |             |
|    escalation_rate           | 0.32        |
|    mean_reward               | 1.21        |
|    resolution_rate           | 0.47        |
| rollout/                     |             |
|    ep_len_mean               | 7.93        |
|    ep_rew_mean               | 0.96        |
| time/                        |             |
|    fps                       | 404         |
|    iterations                | 8           |
|    time_elapsed              | 161         |
|    total_timesteps           | 565536      |
| train/                       |             |
|    approx_kl                 | 0.005407786 |
|    clip_fraction             | 0.0371      |
|    clip_range                | 0.2         |
|    entropy_loss              | -0.232      |
|    explained_variance        | 0.38        |
|    learning_rate             | 0.0003      |
|    loss                      | 1.7         |
|    n_updates                 | 680         |
|    policy_gradient_loss      | -0.00182    |
|    value_loss                | 3.21        |
----------------------------------------------
Step 570,000 | Mean reward: 1.018 | Resolution: 44.8% | Escalation: 35.0%
New best model saved: 1.246
-----------------------------------------------
| custom/                      |              |
|    dropout_rate              | 0.149        |
|    escalation_rate           | 0.35         |
|    mean_episode_length_100ep | 8.51         |
|    mean_reward_100ep         | 1.02         |
|    resolution_rate           | 0.448        |
|    timeout_rate              | 0.0535       |
| eval/                        |              |
|    escalation_rate           | 0.31         |
|    mean_reward               | 1.25         |
|    resolution_rate           | 0.485        |
| rollout/                     |              |
|    ep_len_mean               | 8.37         |
|    ep_rew_mean               | 0.783        |
| time/                        |              |
|    fps                       | 404          |
|    iterations                | 9            |
|    time_elapsed              | 182          |
|    total_timesteps           | 573728       |
| train/                       |              |
|    approx_kl                 | 0.0032291126 |
|    clip_fraction             | 0.0398       |
|    clip_range                | 0.2          |
|    entropy_loss              | -0.224       |
|    explained_variance        | 0.419        |
|    learning_rate             | 0.0003       |
|    loss                      | 1.52         |
|    n_updates                 | 690          |
|    policy_gradient_loss      | -0.0016      |
|    value_loss                | 3.01         |
-----------------------------------------------
Step 575,000 | Mean reward: 0.665 | Resolution: 44.9% | Escalation: 34.7%
Step 580,000 | Mean reward: 1.258 | Resolution: 45.4% | Escalation: 34.5%
-----------------------------------------------
| custom/                      |              |
|    dropout_rate              | 0.147        |
|    escalation_rate           | 0.345        |
|    mean_episode_length_100ep | 7.19         |
|    mean_reward_100ep         | 1.26         |
|    resolution_rate           | 0.454        |
|    timeout_rate              | 0.0544       |
| eval/                        |              |
|    escalation_rate           | 0.315        |
|    mean_reward               | 1.17         |
|    resolution_rate           | 0.47         |
| rollout/                     |              |
|    ep_len_mean               | 8.76         |
|    ep_rew_mean               | 0.979        |
| time/                        |              |
|    fps                       | 409          |
|    iterations                | 10           |
|    time_elapsed              | 200          |
|    total_timesteps           | 581920       |
| train/                       |              |
|    approx_kl                 | 0.0033531808 |
|    clip_fraction             | 0.0307       |
|    clip_range                | 0.2          |
|    entropy_loss              | -0.212       |
|    explained_variance        | 0.374        |
|    learning_rate             | 0.0003       |
|    loss                      | 1.75         |
|    n_updates                 | 700          |
|    policy_gradient_loss      | -0.000687    |
|    value_loss                | 3.18         |
-----------------------------------------------
Step 585,000 | Mean reward: 1.281 | Resolution: 45.4% | Escalation: 34.2%
Step 590,000 | Mean reward: 0.883 | Resolution: 45.6% | Escalation: 33.9%
New best model saved: 1.276
----------------------------------------------
| custom/                      |             |
|    dropout_rate              | 0.149       |
|    escalation_rate           | 0.339       |
|    mean_episode_length_100ep | 9.52        |
|    mean_reward_100ep         | 0.883       |
|    resolution_rate           | 0.456       |
|    timeout_rate              | 0.0557      |
| eval/                        |             |
|    escalation_rate           | 0.305       |
|    mean_reward               | 1.28        |
|    resolution_rate           | 0.495       |
| rollout/                     |             |
|    ep_len_mean               | 9.89        |
|    ep_rew_mean               | 0.933       |
| time/                        |             |
|    fps                       | 415         |
|    iterations                | 11          |
|    time_elapsed              | 216         |
|    total_timesteps           | 590112      |
| train/                       |             |
|    approx_kl                 | 0.003670799 |
|    clip_fraction             | 0.0401      |
|    clip_range                | 0.2         |
|    entropy_loss              | -0.221      |
|    explained_variance        | 0.39        |
|    learning_rate             | 0.0003      |
|    loss                      | 1.35        |
|    n_updates                 | 710         |
|    policy_gradient_loss      | -0.00111    |
|    value_loss                | 2.98        |
----------------------------------------------
Step 595,000 | Mean reward: 1.289 | Resolution: 45.8% | Escalation: 33.7%
----------------------------------------------
| custom/                      |             |
|    dropout_rate              | 0.15        |
|    escalation_rate           | 0.337       |
|    mean_episode_length_100ep | 8.29        |
|    mean_reward_100ep         | 1.29        |
|    resolution_rate           | 0.458       |
|    timeout_rate              | 0.056       |
| rollout/                     |             |
|    ep_len_mean               | 8.36        |
|    ep_rew_mean               | 1.22        |
| time/                        |             |
|    fps                       | 422         |
|    iterations                | 12          |
|    time_elapsed              | 232         |
|    total_timesteps           | 598304      |
| train/                       |             |
|    approx_kl                 | 0.003953672 |
|    clip_fraction             | 0.0354      |
|    clip_range                | 0.2         |
|    entropy_loss              | -0.215      |
|    explained_variance        | 0.296       |
|    learning_rate             | 0.0003      |
|    loss                      | 1.74        |
|    n_updates                 | 720         |
|    policy_gradient_loss      | -0.00136    |
|    value_loss                | 3.42        |
----------------------------------------------
Step 600,000 | Mean reward: 1.270 | Resolution: 45.9% | Escalation: 33.5%
New best model saved: 1.340
Step 605,000 | Mean reward: 1.061 | Resolution: 46.0% | Escalation: 33.2%
-----------------------------------------------
| custom/                      |              |
|    dropout_rate              | 0.15         |
|    escalation_rate           | 0.332        |
|    mean_episode_length_100ep | 9.17         |
|    mean_reward_100ep         | 1.06         |
|    resolution_rate           | 0.46         |
|    timeout_rate              | 0.0576       |
| eval/                        |              |
|    escalation_rate           | 0.31         |
|    mean_reward               | 1.34         |
|    resolution_rate           | 0.51         |
| rollout/                     |              |
|    ep_len_mean               | 8.94         |
|    ep_rew_mean               | 0.899        |
| time/                        |              |
|    fps                       | 426          |
|    iterations                | 13           |
|    time_elapsed              | 249          |
|    total_timesteps           | 606496       |
| train/                       |              |
|    approx_kl                 | 0.0051674554 |
|    clip_fraction             | 0.0369       |
|    clip_range                | 0.2          |
|    entropy_loss              | -0.203       |
|    explained_variance        | 0.374        |
|    learning_rate             | 0.0003       |
|    loss                      | 1.4          |
|    n_updates                 | 730          |
|    policy_gradient_loss      | -0.00115     |
|    value_loss                | 3.18         |
-----------------------------------------------
Step 610,000 | Mean reward: 0.880 | Resolution: 46.1% | Escalation: 33.0%
-----------------------------------------------
| custom/                      |              |
|    dropout_rate              | 0.151        |
|    escalation_rate           | 0.33         |
|    mean_episode_length_100ep | 10.3         |
|    mean_reward_100ep         | 0.88         |
|    resolution_rate           | 0.461        |
|    timeout_rate              | 0.058        |
| eval/                        |              |
|    escalation_rate           | 0.315        |
|    mean_reward               | 1.31         |
|    resolution_rate           | 0.505        |
| rollout/                     |              |
|    ep_len_mean               | 10.1         |
|    ep_rew_mean               | 0.636        |
| time/                        |              |
|    fps                       | 426          |
|    iterations                | 14           |
|    time_elapsed              | 268          |
|    total_timesteps           | 614688       |
| train/                       |              |
|    approx_kl                 | 0.0028123348 |
|    clip_fraction             | 0.0355       |
|    clip_range                | 0.2          |
|    entropy_loss              | -0.189       |
|    explained_variance        | 0.376        |
|    learning_rate             | 0.0003       |
|    loss                      | 1.52         |
|    n_updates                 | 740          |
|    policy_gradient_loss      | -0.00058     |
|    value_loss                | 3.2          |
-----------------------------------------------
Step 615,000 | Mean reward: 0.788 | Resolution: 46.1% | Escalation: 32.8%
Step 620,000 | Mean reward: 0.970 | Resolution: 46.1% | Escalation: 32.7%
-----------------------------------------------
| custom/                      |              |
|    dropout_rate              | 0.154        |
|    escalation_rate           | 0.327        |
|    mean_episode_length_100ep | 8.85         |
|    mean_reward_100ep         | 0.97         |
|    resolution_rate           | 0.461        |
|    timeout_rate              | 0.0573       |
| eval/                        |              |
|    escalation_rate           | 0.31         |
|    mean_reward               | 1.31         |
|    resolution_rate           | 0.505        |
| rollout/                     |              |
|    ep_len_mean               | 9.41         |
|    ep_rew_mean               | 1.48         |
| time/                        |              |
|    fps                       | 428          |
|    iterations                | 15           |
|    time_elapsed              | 286          |
|    total_timesteps           | 622880       |
| train/                       |              |
|    approx_kl                 | 0.0021795148 |
|    clip_fraction             | 0.0271       |
|    clip_range                | 0.2          |
|    entropy_loss              | -0.183       |
|    explained_variance        | 0.398        |
|    learning_rate             | 0.0003       |
|    loss                      | 1.83         |
|    n_updates                 | 750          |
|    policy_gradient_loss      | -0.000471    |
|    value_loss                | 3.21         |
-----------------------------------------------
Step 625,000 | Mean reward: 1.328 | Resolution: 46.3% | Escalation: 32.5%
Step 630,000 | Mean reward: 1.030 | Resolution: 46.4% | Escalation: 32.3%
-----------------------------------------------
| custom/                      |              |
|    dropout_rate              | 0.156        |
|    escalation_rate           | 0.323        |
|    mean_episode_length_100ep | 10.3         |
|    mean_reward_100ep         | 1.03         |
|    resolution_rate           | 0.464        |
|    timeout_rate              | 0.0578       |
| eval/                        |              |
|    escalation_rate           | 0.31         |
|    mean_reward               | 1.33         |
|    resolution_rate           | 0.51         |
| rollout/                     |              |
|    ep_len_mean               | 8.7          |
|    ep_rew_mean               | 1.11         |
| time/                        |              |
|    fps                       | 431          |
|    iterations                | 16           |
|    time_elapsed              | 303          |
|    total_timesteps           | 631072       |
| train/                       |              |
|    approx_kl                 | 0.0042033345 |
|    clip_fraction             | 0.0268       |
|    clip_range                | 0.2          |
|    entropy_loss              | -0.17        |
|    explained_variance        | 0.351        |
|    learning_rate             | 0.0003       |
|    loss                      | 1.81         |
|    n_updates                 | 760          |
|    policy_gradient_loss      | -0.00111     |
|    value_loss                | 3.41         |
-----------------------------------------------
Step 635,000 | Mean reward: 1.120 | Resolution: 46.5% | Escalation: 32.1%
-----------------------------------------------
| custom/                      |              |
|    dropout_rate              | 0.156        |
|    escalation_rate           | 0.321        |
|    mean_episode_length_100ep | 8.33         |
|    mean_reward_100ep         | 1.12         |
|    resolution_rate           | 0.465        |
|    timeout_rate              | 0.0575       |
| rollout/                     |              |
|    ep_len_mean               | 8.73         |
|    ep_rew_mean               | 1.3          |
| time/                        |              |
|    fps                       | 422          |
|    iterations                | 17           |
|    time_elapsed              | 329          |
|    total_timesteps           | 639264       |
| train/                       |              |
|    approx_kl                 | 0.0043061166 |
|    clip_fraction             | 0.0298       |
|    clip_range                | 0.2          |
|    entropy_loss              | -0.173       |
|    explained_variance        | 0.371        |
|    learning_rate             | 0.0003       |
|    loss                      | 1.76         |
|    n_updates                 | 770          |
|    policy_gradient_loss      | -0.000725    |
|    value_loss                | 3.22         |
-----------------------------------------------
Step 640,000 | Mean reward: 1.115 | Resolution: 46.5% | Escalation: 32.1%
Step 645,000 | Mean reward: 1.157 | Resolution: 46.6% | Escalation: 32.0%
-----------------------------------------------
| custom/                      |              |
|    dropout_rate              | 0.157        |
|    escalation_rate           | 0.32         |
|    mean_episode_length_100ep | 9.37         |
|    mean_reward_100ep         | 1.16         |
|    resolution_rate           | 0.466        |
|    timeout_rate              | 0.0578       |
| eval/                        |              |
|    escalation_rate           | 0.31         |
|    mean_reward               | 1.33         |
|    resolution_rate           | 0.51         |
| rollout/                     |              |
|    ep_len_mean               | 9.31         |
|    ep_rew_mean               | 0.835        |
| time/                        |              |
|    fps                       | 422          |
|    iterations                | 18           |
|    time_elapsed              | 348          |
|    total_timesteps           | 647456       |
| train/                       |              |
|    approx_kl                 | 0.0036661713 |
|    clip_fraction             | 0.0314       |
|    clip_range                | 0.2          |
|    entropy_loss              | -0.168       |
|    explained_variance        | 0.406        |
|    learning_rate             | 0.0003       |
|    loss                      | 1.43         |
|    n_updates                 | 780          |
|    policy_gradient_loss      | -0.00107     |
|    value_loss                | 3.07         |
-----------------------------------------------
Step 650,000 | Mean reward: 1.155 | Resolution: 46.7% | Escalation: 31.8%
Step 655,000 | Mean reward: 1.162 | Resolution: 46.8% | Escalation: 31.8%
-----------------------------------------------
| custom/                      |              |
|    dropout_rate              | 0.156        |
|    escalation_rate           | 0.318        |
|    mean_episode_length_100ep | 9.54         |
|    mean_reward_100ep         | 1.16         |
|    resolution_rate           | 0.468        |
|    timeout_rate              | 0.0583       |
| eval/                        |              |
|    escalation_rate           | 0.31         |
|    mean_reward               | 1.3          |
|    resolution_rate           | 0.505        |
| rollout/                     |              |
|    ep_len_mean               | 9.62         |
|    ep_rew_mean               | 0.77         |
| time/                        |              |
|    fps                       | 423          |
|    iterations                | 19           |
|    time_elapsed              | 367          |
|    total_timesteps           | 655648       |
| train/                       |              |
|    approx_kl                 | 0.0042244443 |
|    clip_fraction             | 0.0346       |
|    clip_range                | 0.2          |
|    entropy_loss              | -0.166       |
|    explained_variance        | 0.394        |
|    learning_rate             | 0.0003       |
|    loss                      | 1.37         |
|    n_updates                 | 790          |
|    policy_gradient_loss      | -0.000657    |
|    value_loss                | 3.27         |
-----------------------------------------------
Step 660,000 | Mean reward: 1.163 | Resolution: 46.9% | Escalation: 31.5%
---------------------------------------------
| custom/                      |            |
|    dropout_rate              | 0.157      |
|    escalation_rate           | 0.315      |
|    mean_episode_length_100ep | 9.37       |
|    mean_reward_100ep         | 1.16       |
|    resolution_rate           | 0.469      |
|    timeout_rate              | 0.0583     |
| eval/                        |            |
|    escalation_rate           | 0.31       |
|    mean_reward               | 1.33       |
|    resolution_rate           | 0.51       |
| rollout/                     |            |
|    ep_len_mean               | 9.47       |
|    ep_rew_mean               | 1.12       |
| time/                        |            |
|    fps                       | 424        |
|    iterations                | 20         |
|    time_elapsed              | 386        |
|    total_timesteps           | 663840     |
| train/                       |            |
|    approx_kl                 | 0.00186042 |
|    clip_fraction             | 0.0333     |
|    clip_range                | 0.2        |
|    entropy_loss              | -0.156     |
|    explained_variance        | 0.381      |
|    learning_rate             | 0.0003     |
|    loss                      | 1.43       |
|    n_updates                 | 800        |
|    policy_gradient_loss      | -0.000696  |
|    value_loss                | 3.2        |
---------------------------------------------
Step 665,000 | Mean reward: 1.171 | Resolution: 47.0% | Escalation: 31.4%
Step 670,000 | Mean reward: 1.200 | Resolution: 47.1% | Escalation: 31.2%
New best model saved: 1.354
-----------------------------------------------
| custom/                      |              |
|    dropout_rate              | 0.16         |
|    escalation_rate           | 0.312        |
|    mean_episode_length_100ep | 9.14         |
|    mean_reward_100ep         | 1.2          |
|    resolution_rate           | 0.471        |
|    timeout_rate              | 0.0575       |
| eval/                        |              |
|    escalation_rate           | 0.31         |
|    mean_reward               | 1.35         |
|    resolution_rate           | 0.515        |
| rollout/                     |              |
|    ep_len_mean               | 9.93         |
|    ep_rew_mean               | 1.29         |
| time/                        |              |
|    fps                       | 424          |
|    iterations                | 21           |
|    time_elapsed              | 405          |
|    total_timesteps           | 672032       |
| train/                       |              |
|    approx_kl                 | 0.0022261774 |
|    clip_fraction             | 0.0283       |
|    clip_range                | 0.2          |
|    entropy_loss              | -0.141       |
|    explained_variance        | 0.323        |
|    learning_rate             | 0.0003       |
|    loss                      | 1.62         |
|    n_updates                 | 810          |
|    policy_gradient_loss      | 0.000182     |
|    value_loss                | 3.31         |
-----------------------------------------------
Step 675,000 | Mean reward: 1.359 | Resolution: 47.2% | Escalation: 31.1%
Step 680,000 | Mean reward: 1.419 | Resolution: 47.3% | Escalation: 31.0%
----------------------------------------------
| custom/                      |             |
|    dropout_rate              | 0.159       |
|    escalation_rate           | 0.31        |
|    mean_episode_length_100ep | 9.84        |
|    mean_reward_100ep         | 1.42        |
|    resolution_rate           | 0.473       |
|    timeout_rate              | 0.0574      |
| eval/                        |             |
|    escalation_rate           | 0.3         |
|    mean_reward               | 1.31        |
|    resolution_rate           | 0.51        |
| rollout/                     |             |
|    ep_len_mean               | 9.41        |
|    ep_rew_mean               | 1.21        |
| time/                        |             |
|    fps                       | 424         |
|    iterations                | 22          |
|    time_elapsed              | 424         |
|    total_timesteps           | 680224      |
| train/                       |             |
|    approx_kl                 | 0.002532098 |
|    clip_fraction             | 0.0295      |
|    clip_range                | 0.2         |
|    entropy_loss              | -0.147      |
|    explained_variance        | 0.358       |
|    learning_rate             | 0.0003      |
|    loss                      | 1.71        |
|    n_updates                 | 820         |
|    policy_gradient_loss      | -0.000207   |
|    value_loss                | 3.3         |
----------------------------------------------
Step 685,000 | Mean reward: 1.171 | Resolution: 47.4% | Escalation: 30.9%
-----------------------------------------------
| custom/                      |              |
|    dropout_rate              | 0.16         |
|    escalation_rate           | 0.309        |
|    mean_episode_length_100ep | 9.98         |
|    mean_reward_100ep         | 1.17         |
|    resolution_rate           | 0.474        |
|    timeout_rate              | 0.0574       |
| rollout/                     |              |
|    ep_len_mean               | 9.07         |
|    ep_rew_mean               | 1.23         |
| time/                        |              |
|    fps                       | 426          |
|    iterations                | 23           |
|    time_elapsed              | 441          |
|    total_timesteps           | 688416       |
| train/                       |              |
|    approx_kl                 | 0.0028453055 |
|    clip_fraction             | 0.035        |
|    clip_range                | 0.2          |
|    entropy_loss              | -0.141       |
|    explained_variance        | 0.331        |
|    learning_rate             | 0.0003       |
|    loss                      | 1.51         |
|    n_updates                 | 830          |
|    policy_gradient_loss      | 0.00021      |
|    value_loss                | 3.19         |
-----------------------------------------------
Step 690,000 | Mean reward: 1.061 | Resolution: 47.5% | Escalation: 30.8%
Step 695,000 | Mean reward: 1.419 | Resolution: 47.5% | Escalation: 30.7%
----------------------------------------------
| custom/                      |             |
|    dropout_rate              | 0.16        |
|    escalation_rate           | 0.307       |
|    mean_episode_length_100ep | 9.44        |
|    mean_reward_100ep         | 1.42        |
|    resolution_rate           | 0.475       |
|    timeout_rate              | 0.0572      |
| eval/                        |             |
|    escalation_rate           | 0.3         |
|    mean_reward               | 1.26        |
|    resolution_rate           | 0.505       |
| rollout/                     |             |
|    ep_len_mean               | 8.79        |
|    ep_rew_mean               | 0.949       |
| time/                        |             |
|    fps                       | 426         |
|    iterations                | 24          |
|    time_elapsed              | 460         |
|    total_timesteps           | 696608      |
| train/                       |             |
|    approx_kl                 | 0.005143341 |
|    clip_fraction             | 0.0258      |
|    clip_range                | 0.2         |
|    entropy_loss              | -0.132      |
|    explained_variance        | 0.344       |
|    learning_rate             | 0.0003      |
|    loss                      | 1.61        |
|    n_updates                 | 840         |
|    policy_gradient_loss      | -0.000304   |
|    value_loss                | 3.16        |
----------------------------------------------
Step 700,000 | Mean reward: 1.286 | Resolution: 47.6% | Escalation: 30.6%
-----------------------------------------------
| custom/                      |              |
|    dropout_rate              | 0.161        |
|    escalation_rate           | 0.306        |
|    mean_episode_length_100ep | 8.58         |
|    mean_reward_100ep         | 1.29         |
|    resolution_rate           | 0.476        |
|    timeout_rate              | 0.0573       |
| eval/                        |              |
|    escalation_rate           | 0.3          |
|    mean_reward               | 1.28         |
|    resolution_rate           | 0.505        |
| rollout/                     |              |
|    ep_len_mean               | 9.27         |
|    ep_rew_mean               | 1.74         |
| time/                        |              |
|    fps                       | 427          |
|    iterations                | 25           |
|    time_elapsed              | 479          |
|    total_timesteps           | 704800       |
| train/                       |              |
|    approx_kl                 | 0.0035296376 |
|    clip_fraction             | 0.0259       |
|    clip_range                | 0.2          |
|    entropy_loss              | -0.115       |
|    explained_variance        | 0.367        |
|    learning_rate             | 0.0003       |
|    loss                      | 1.53         |
|    n_updates                 | 850          |
|    policy_gradient_loss      | -0.000402    |
|    value_loss                | 3.27         |
-----------------------------------------------
Step 705,000 | Mean reward: 1.726 | Resolution: 47.8% | Escalation: 30.5%
Step 710,000 | Mean reward: 0.956 | Resolution: 47.9% | Escalation: 30.4%
----------------------------------------------
| custom/                      |             |
|    dropout_rate              | 0.161       |
|    escalation_rate           | 0.304       |
|    mean_episode_length_100ep | 8.67        |
|    mean_reward_100ep         | 0.956       |
|    resolution_rate           | 0.479       |
|    timeout_rate              | 0.0565      |
| eval/                        |             |
|    escalation_rate           | 0.295       |
|    mean_reward               | 1.28        |
|    resolution_rate           | 0.51        |
| rollout/                     |             |
|    ep_len_mean               | 9.85        |
|    ep_rew_mean               | 1.64        |
| time/                        |             |
|    fps                       | 427         |
|    iterations                | 26          |
|    time_elapsed              | 498         |
|    total_timesteps           | 712992      |
| train/                       |             |
|    approx_kl                 | 0.004337351 |
|    clip_fraction             | 0.0289      |
|    clip_range                | 0.2         |
|    entropy_loss              | -0.128      |
|    explained_variance        | 0.365       |
|    learning_rate             | 0.0003      |
|    loss                      | 1.56        |
|    n_updates                 | 860         |
|    policy_gradient_loss      | 0.000334    |
|    value_loss                | 3.11        |
----------------------------------------------
Step 715,000 | Mean reward: 1.286 | Resolution: 48.1% | Escalation: 30.3%
Step 720,000 | Mean reward: 1.200 | Resolution: 48.1% | Escalation: 30.2%
-----------------------------------------------
| custom/                      |              |
|    dropout_rate              | 0.161        |
|    escalation_rate           | 0.302        |
|    mean_episode_length_100ep | 9.79         |
|    mean_reward_100ep         | 1.2          |
|    resolution_rate           | 0.481        |
|    timeout_rate              | 0.0567       |
| eval/                        |              |
|    escalation_rate           | 0.295        |
|    mean_reward               | 1.32         |
|    resolution_rate           | 0.515        |
| rollout/                     |              |
|    ep_len_mean               | 9.99         |
|    ep_rew_mean               | 1.22         |
| time/                        |              |
|    fps                       | 426          |
|    iterations                | 27           |
|    time_elapsed              | 519          |
|    total_timesteps           | 721184       |
| train/                       |              |
|    approx_kl                 | 0.0025285883 |
|    clip_fraction             | 0.0264       |
|    clip_range                | 0.2          |
|    entropy_loss              | -0.129       |
|    explained_variance        | 0.361        |
|    learning_rate             | 0.0003       |
|    loss                      | 1.49         |
|    n_updates                 | 870          |
|    policy_gradient_loss      | -0.000298    |
|    value_loss                | 3.14         |
-----------------------------------------------
Step 725,000 | Mean reward: 0.883 | Resolution: 48.2% | Escalation: 30.1%
----------------------------------------------
| custom/                      |             |
|    dropout_rate              | 0.161       |
|    escalation_rate           | 0.301       |
|    mean_episode_length_100ep | 10.3        |
|    mean_reward_100ep         | 0.883       |
|    resolution_rate           | 0.482       |
|    timeout_rate              | 0.0572      |
| rollout/                     |             |
|    ep_len_mean               | 9.67        |
|    ep_rew_mean               | 1.03        |
| time/                        |             |
|    fps                       | 428         |
|    iterations                | 28          |
|    time_elapsed              | 535         |
|    total_timesteps           | 729376      |
| train/                       |             |
|    approx_kl                 | 0.002872598 |
|    clip_fraction             | 0.0256      |
|    clip_range                | 0.2         |
|    entropy_loss              | -0.124      |
|    explained_variance        | 0.365       |
|    learning_rate             | 0.0003      |
|    loss                      | 1.53        |
|    n_updates                 | 880         |
|    policy_gradient_loss      | 8.96e-05    |
|    value_loss                | 3.17        |
----------------------------------------------
Step 730,000 | Mean reward: 1.112 | Resolution: 48.2% | Escalation: 30.0%
Step 735,000 | Mean reward: 1.215 | Resolution: 48.2% | Escalation: 29.9%
----------------------------------------------
| custom/                      |             |
|    dropout_rate              | 0.162       |
|    escalation_rate           | 0.299       |
|    mean_episode_length_100ep | 10.1        |
|    mean_reward_100ep         | 1.21        |
|    resolution_rate           | 0.482       |
|    timeout_rate              | 0.0571      |
| eval/                        |             |
|    escalation_rate           | 0.28        |
|    mean_reward               | 1.32        |
|    resolution_rate           | 0.525       |
| rollout/                     |             |
|    ep_len_mean               | 9.79        |
|    ep_rew_mean               | 1.06        |
| time/                        |             |
|    fps                       | 429         |
|    iterations                | 29          |
|    time_elapsed              | 553         |
|    total_timesteps           | 737568      |
| train/                       |             |
|    approx_kl                 | 0.003967218 |
|    clip_fraction             | 0.025       |
|    clip_range                | 0.2         |
|    entropy_loss              | -0.119      |
|    explained_variance        | 0.334       |
|    learning_rate             | 0.0003      |
|    loss                      | 1.81        |
|    n_updates                 | 890         |
|    policy_gradient_loss      | -0.000853   |
|    value_loss                | 3.46        |
----------------------------------------------
Step 740,000 | Mean reward: 0.581 | Resolution: 48.3% | Escalation: 29.8%
Step 745,000 | Mean reward: 1.562 | Resolution: 48.4% | Escalation: 29.7%
-----------------------------------------------
| custom/                      |              |
|    dropout_rate              | 0.162        |
|    escalation_rate           | 0.297        |
|    mean_episode_length_100ep | 9.67         |
|    mean_reward_100ep         | 1.56         |
|    resolution_rate           | 0.484        |
|    timeout_rate              | 0.0571       |
| eval/                        |              |
|    escalation_rate           | 0.28         |
|    mean_reward               | 1.3          |
|    resolution_rate           | 0.52         |
| rollout/                     |              |
|    ep_len_mean               | 9.82         |
|    ep_rew_mean               | 1.53         |
| time/                        |              |
|    fps                       | 429          |
|    iterations                | 30           |
|    time_elapsed              | 571          |
|    total_timesteps           | 745760       |
| train/                       |              |
|    approx_kl                 | 0.0051019574 |
|    clip_fraction             | 0.0255       |
|    clip_range                | 0.2          |
|    entropy_loss              | -0.131       |
|    explained_variance        | 0.368        |
|    learning_rate             | 0.0003       |
|    loss                      | 1.49         |
|    n_updates                 | 900          |
|    policy_gradient_loss      | -0.000549    |
|    value_loss                | 3.27         |
-----------------------------------------------
Step 750,000 | Mean reward: 1.436 | Resolution: 48.5% | Escalation: 29.5%
-----------------------------------------------
| custom/                      |              |
|    dropout_rate              | 0.162        |
|    escalation_rate           | 0.295        |
|    mean_episode_length_100ep | 10.7         |
|    mean_reward_100ep         | 1.44         |
|    resolution_rate           | 0.485        |
|    timeout_rate              | 0.0574       |
| eval/                        |              |
|    escalation_rate           | 0.28         |
|    mean_reward               | 1.28         |
|    resolution_rate           | 0.52         |
| rollout/                     |              |
|    ep_len_mean               | 10           |
|    ep_rew_mean               | 1.2          |
| time/                        |              |
|    fps                       | 431          |
|    iterations                | 31           |
|    time_elapsed              | 588          |
|    total_timesteps           | 753952       |
| train/                       |              |
|    approx_kl                 | 0.0020114619 |
|    clip_fraction             | 0.0255       |
|    clip_range                | 0.2          |
|    entropy_loss              | -0.129       |
|    explained_variance        | 0.373        |
|    learning_rate             | 0.0003       |
|    loss                      | 1.62         |
|    n_updates                 | 910          |
|    policy_gradient_loss      | -0.000367    |
|    value_loss                | 3.34         |
-----------------------------------------------
Step 755,000 | Mean reward: 0.892 | Resolution: 48.5% | Escalation: 29.4%
Step 760,000 | Mean reward: 1.096 | Resolution: 48.6% | Escalation: 29.3%
-----------------------------------------------
| custom/                      |              |
|    dropout_rate              | 0.164        |
|    escalation_rate           | 0.293        |
|    mean_episode_length_100ep | 10.3         |
|    mean_reward_100ep         | 1.1          |
|    resolution_rate           | 0.486        |
|    timeout_rate              | 0.0572       |
| eval/                        |              |
|    escalation_rate           | 0.28         |
|    mean_reward               | 1.31         |
|    resolution_rate           | 0.525        |
| rollout/                     |              |
|    ep_len_mean               | 10.3         |
|    ep_rew_mean               | 1.35         |
| time/                        |              |
|    fps                       | 431          |
|    iterations                | 32           |
|    time_elapsed              | 607          |
|    total_timesteps           | 762144       |
| train/                       |              |
|    approx_kl                 | 0.0021451272 |
|    clip_fraction             | 0.0274       |
|    clip_range                | 0.2          |
|    entropy_loss              | -0.127       |
|    explained_variance        | 0.373        |
|    learning_rate             | 0.0003       |
|    loss                      | 1.45         |
|    n_updates                 | 920          |
|    policy_gradient_loss      | -0.000404    |
|    value_loss                | 3.28         |
-----------------------------------------------
Step 765,000 | Mean reward: 1.329 | Resolution: 48.7% | Escalation: 29.2%
Step 770,000 | Mean reward: 1.310 | Resolution: 48.8% | Escalation: 29.1%
----------------------------------------------
| custom/                      |             |
|    dropout_rate              | 0.164       |
|    escalation_rate           | 0.291       |
|    mean_episode_length_100ep | 9.94        |
|    mean_reward_100ep         | 1.31        |
|    resolution_rate           | 0.488       |
|    timeout_rate              | 0.0572      |
| eval/                        |             |
|    escalation_rate           | 0.275       |
|    mean_reward               | 1.34        |
|    resolution_rate           | 0.53        |
| rollout/                     |             |
|    ep_len_mean               | 9.95        |
|    ep_rew_mean               | 1.27        |
| time/                        |             |
|    fps                       | 430         |
|    iterations                | 33          |
|    time_elapsed              | 627         |
|    total_timesteps           | 770336      |
| train/                       |             |
|    approx_kl                 | 0.002663297 |
|    clip_fraction             | 0.0308      |
|    clip_range                | 0.2         |
|    entropy_loss              | -0.12       |
|    explained_variance        | 0.375       |
|    learning_rate             | 0.0003      |
|    loss                      | 1.47        |
|    n_updates                 | 930         |
|    policy_gradient_loss      | 0.000696    |
|    value_loss                | 3.27        |
----------------------------------------------
Step 775,000 | Mean reward: 1.658 | Resolution: 48.9% | Escalation: 28.9%
-----------------------------------------------
| custom/                      |              |
|    dropout_rate              | 0.164        |
|    escalation_rate           | 0.289        |
|    mean_episode_length_100ep | 10.4         |
|    mean_reward_100ep         | 1.66         |
|    resolution_rate           | 0.489        |
|    timeout_rate              | 0.0575       |
| rollout/                     |              |
|    ep_len_mean               | 8.36         |
|    ep_rew_mean               | 1.72         |
| time/                        |              |
|    fps                       | 433          |
|    iterations                | 34           |
|    time_elapsed              | 643          |
|    total_timesteps           | 778528       |
| train/                       |              |
|    approx_kl                 | 0.0030274405 |
|    clip_fraction             | 0.0252       |
|    clip_range                | 0.2          |
|    entropy_loss              | -0.111       |
|    explained_variance        | 0.35         |
|    learning_rate             | 0.0003       |
|    loss                      | 1.75         |
|    n_updates                 | 940          |
|    policy_gradient_loss      | -6.39e-05    |
|    value_loss                | 3.27         |
-----------------------------------------------
Step 780,000 | Mean reward: 1.032 | Resolution: 49.0% | Escalation: 28.8%
Step 785,000 | Mean reward: 1.288 | Resolution: 49.1% | Escalation: 28.8%
-----------------------------------------------
| custom/                      |              |
|    dropout_rate              | 0.164        |
|    escalation_rate           | 0.288        |
|    mean_episode_length_100ep | 8.67         |
|    mean_reward_100ep         | 1.29         |
|    resolution_rate           | 0.491        |
|    timeout_rate              | 0.0576       |
| eval/                        |              |
|    escalation_rate           | 0.265        |
|    mean_reward               | 1.33         |
|    resolution_rate           | 0.535        |
| rollout/                     |              |
|    ep_len_mean               | 8.98         |
|    ep_rew_mean               | 1.44         |
| time/                        |              |
|    fps                       | 433          |
|    iterations                | 35           |
|    time_elapsed              | 661          |
|    total_timesteps           | 786720       |
| train/                       |              |
|    approx_kl                 | 0.0016902781 |
|    clip_fraction             | 0.0225       |
|    clip_range                | 0.2          |
|    entropy_loss              | -0.102       |
|    explained_variance        | 0.384        |
|    learning_rate             | 0.0003       |
|    loss                      | 1.44         |
|    n_updates                 | 950          |
|    policy_gradient_loss      | 0.000327     |
|    value_loss                | 3.03         |
-----------------------------------------------
Step 790,000 | Mean reward: 1.188 | Resolution: 49.1% | Escalation: 28.7%
-----------------------------------------------
| custom/                      |              |
|    dropout_rate              | 0.164        |
|    escalation_rate           | 0.287        |
|    mean_episode_length_100ep | 8.68         |
|    mean_reward_100ep         | 1.19         |
|    resolution_rate           | 0.491        |
|    timeout_rate              | 0.0575       |
| eval/                        |              |
|    escalation_rate           | 0.275        |
|    mean_reward               | 1.32         |
|    resolution_rate           | 0.53         |
| rollout/                     |              |
|    ep_len_mean               | 9.18         |
|    ep_rew_mean               | 1.47         |
| time/                        |              |
|    fps                       | 432          |
|    iterations                | 36           |
|    time_elapsed              | 681          |
|    total_timesteps           | 794912       |
| train/                       |              |
|    approx_kl                 | 0.0020045547 |
|    clip_fraction             | 0.0222       |
|    clip_range                | 0.2          |
|    entropy_loss              | -0.11        |
|    explained_variance        | 0.408        |
|    learning_rate             | 0.0003       |
|    loss                      | 1.63         |
|    n_updates                 | 960          |
|    policy_gradient_loss      | 0.000406     |
|    value_loss                | 2.89         |
-----------------------------------------------
Step 795,000 | Mean reward: 1.223 | Resolution: 49.2% | Escalation: 28.7%
Step 800,000 | Mean reward: 1.177 | Resolution: 49.2% | Escalation: 28.6%
New best model saved: 1.380
-----------------------------------------------
| custom/                      |              |
|    dropout_rate              | 0.164        |
|    escalation_rate           | 0.286        |
|    mean_episode_length_100ep | 9.91         |
|    mean_reward_100ep         | 1.18         |
|    resolution_rate           | 0.492        |
|    timeout_rate              | 0.0579       |
| eval/                        |              |
|    escalation_rate           | 0.27         |
|    mean_reward               | 1.38         |
|    resolution_rate           | 0.54         |
| rollout/                     |              |
|    ep_len_mean               | 8.22         |
|    ep_rew_mean               | 1.45         |
| time/                        |              |
|    fps                       | 432          |
|    iterations                | 37           |
|    time_elapsed              | 700          |
|    total_timesteps           | 803104       |
| train/                       |              |
|    approx_kl                 | 0.0020039887 |
|    clip_fraction             | 0.0227       |
|    clip_range                | 0.2          |
|    entropy_loss              | -0.108       |
|    explained_variance        | 0.33         |
|    learning_rate             | 0.0003       |
|    loss                      | 1.5          |
|    n_updates                 | 970          |
|    policy_gradient_loss      | -0.000365    |
|    value_loss                | 3.25         |
-----------------------------------------------
Step 805,000 | Mean reward: 0.778 | Resolution: 49.2% | Escalation: 28.6%
Step 810,000 | Mean reward: 1.443 | Resolution: 49.3% | Escalation: 28.5%
----------------------------------------------
| custom/                      |             |
|    dropout_rate              | 0.164       |
|    escalation_rate           | 0.285       |
|    mean_episode_length_100ep | 9.34        |
|    mean_reward_100ep         | 1.44        |
|    resolution_rate           | 0.493       |
|    timeout_rate              | 0.0574      |
| eval/                        |             |
|    escalation_rate           | 0.28        |
|    mean_reward               | 1.29        |
|    resolution_rate           | 0.525       |
| rollout/                     |             |
|    ep_len_mean               | 10.2        |
|    ep_rew_mean               | 1.4         |
| time/                        |             |
|    fps                       | 433         |
|    iterations                | 38          |
|    time_elapsed              | 718         |
|    total_timesteps           | 811296      |
| train/                       |             |
|    approx_kl                 | 0.001870447 |
|    clip_fraction             | 0.021       |
|    clip_range                | 0.2         |
|    entropy_loss              | -0.0999     |
|    explained_variance        | 0.341       |
|    learning_rate             | 0.0003      |
|    loss                      | 1.58        |
|    n_updates                 | 980         |
|    policy_gradient_loss      | -0.000114   |
|    value_loss                | 3.24        |
----------------------------------------------
Step 815,000 | Mean reward: 0.666 | Resolution: 49.3% | Escalation: 28.4%
----------------------------------------------
| custom/                      |             |
|    dropout_rate              | 0.165       |
|    escalation_rate           | 0.284       |
|    mean_episode_length_100ep | 9.8         |
|    mean_reward_100ep         | 0.666       |
|    resolution_rate           | 0.493       |
|    timeout_rate              | 0.0575      |
| rollout/                     |             |
|    ep_len_mean               | 9.26        |
|    ep_rew_mean               | 0.885       |
| time/                        |             |
|    fps                       | 435         |
|    iterations                | 39          |
|    time_elapsed              | 734         |
|    total_timesteps           | 819488      |
| train/                       |             |
|    approx_kl                 | 0.002506644 |
|    clip_fraction             | 0.0212      |
|    clip_range                | 0.2         |
|    entropy_loss              | -0.104      |
|    explained_variance        | 0.36        |
|    learning_rate             | 0.0003      |
|    loss                      | 1.67        |
|    n_updates                 | 990         |
|    policy_gradient_loss      | -0.000187   |
|    value_loss                | 3.13        |
----------------------------------------------
Step 820,000 | Mean reward: 1.457 | Resolution: 49.4% | Escalation: 28.4%
Step 825,000 | Mean reward: 0.855 | Resolution: 49.4% | Escalation: 28.4%
-----------------------------------------------
| custom/                      |              |
|    dropout_rate              | 0.165        |
|    escalation_rate           | 0.284        |
|    mean_episode_length_100ep | 10.7         |
|    mean_reward_100ep         | 0.855        |
|    resolution_rate           | 0.494        |
|    timeout_rate              | 0.0572       |
| eval/                        |              |
|    escalation_rate           | 0.275        |
|    mean_reward               | 1.29         |
|    resolution_rate           | 0.525        |
| rollout/                     |              |
|    ep_len_mean               | 9.59         |
|    ep_rew_mean               | 1.21         |
| time/                        |              |
|    fps                       | 434          |
|    iterations                | 40           |
|    time_elapsed              | 753          |
|    total_timesteps           | 827680       |
| train/                       |              |
|    approx_kl                 | 0.0020085806 |
|    clip_fraction             | 0.0202       |
|    clip_range                | 0.2          |
|    entropy_loss              | -0.0984      |
|    explained_variance        | 0.398        |
|    learning_rate             | 0.0003       |
|    loss                      | 1.37         |
|    n_updates                 | 1000         |
|    policy_gradient_loss      | -0.000181    |
|    value_loss                | 3.03         |
-----------------------------------------------
Step 830,000 | Mean reward: 1.122 | Resolution: 49.5% | Escalation: 28.4%
Step 835,000 | Mean reward: 1.134 | Resolution: 49.5% | Escalation: 28.3%
-----------------------------------------------
| custom/                      |              |
|    dropout_rate              | 0.165        |
|    escalation_rate           | 0.283        |
|    mean_episode_length_100ep | 9.74         |
|    mean_reward_100ep         | 1.13         |
|    resolution_rate           | 0.495        |
|    timeout_rate              | 0.0571       |
| eval/                        |              |
|    escalation_rate           | 0.265        |
|    mean_reward               | 1.24         |
|    resolution_rate           | 0.525        |
| rollout/                     |              |
|    ep_len_mean               | 11           |
|    ep_rew_mean               | 1.05         |
| time/                        |              |
|    fps                       | 433          |
|    iterations                | 41           |
|    time_elapsed              | 773          |
|    total_timesteps           | 835872       |
| train/                       |              |
|    approx_kl                 | 0.0027305307 |
|    clip_fraction             | 0.0253       |
|    clip_range                | 0.2          |
|    entropy_loss              | -0.0992      |
|    explained_variance        | 0.378        |
|    learning_rate             | 0.0003       |
|    loss                      | 1.43         |
|    n_updates                 | 1010         |
|    policy_gradient_loss      | -0.00035     |
|    value_loss                | 3.05         |
-----------------------------------------------
Step 840,000 | Mean reward: 1.389 | Resolution: 49.6% | Escalation: 28.2%
-----------------------------------------------
| custom/                      |              |
|    dropout_rate              | 0.165        |
|    escalation_rate           | 0.282        |
|    mean_episode_length_100ep | 10.6         |
|    mean_reward_100ep         | 1.39         |
|    resolution_rate           | 0.496        |
|    timeout_rate              | 0.0572       |
| eval/                        |              |
|    escalation_rate           | 0.25         |
|    mean_reward               | 1.28         |
|    resolution_rate           | 0.535        |
| rollout/                     |              |
|    ep_len_mean               | 9.93         |
|    ep_rew_mean               | 0.829        |
| time/                        |              |
|    fps                       | 434          |
|    iterations                | 42           |
|    time_elapsed              | 791          |
|    total_timesteps           | 844064       |
| train/                       |              |
|    approx_kl                 | 0.0019376845 |
|    clip_fraction             | 0.0234       |
|    clip_range                | 0.2          |
|    entropy_loss              | -0.0925      |
|    explained_variance        | 0.387        |
|    learning_rate             | 0.0003       |
|    loss                      | 1.4          |
|    n_updates                 | 1020         |
|    policy_gradient_loss      | -0.000451    |
|    value_loss                | 2.86         |
-----------------------------------------------
Step 845,000 | Mean reward: 1.035 | Resolution: 49.7% | Escalation: 28.1%
Step 850,000 | Mean reward: 1.290 | Resolution: 49.7% | Escalation: 28.0%
-----------------------------------------------
| custom/                      |              |
|    dropout_rate              | 0.165        |
|    escalation_rate           | 0.28         |
|    mean_episode_length_100ep | 8.98         |
|    mean_reward_100ep         | 1.29         |
|    resolution_rate           | 0.497        |
|    timeout_rate              | 0.0572       |
| eval/                        |              |
|    escalation_rate           | 0.25         |
|    mean_reward               | 1.29         |
|    resolution_rate           | 0.535        |
| rollout/                     |              |
|    ep_len_mean               | 8.89         |
|    ep_rew_mean               | 1.21         |
| time/                        |              |
|    fps                       | 435          |
|    iterations                | 43           |
|    time_elapsed              | 809          |
|    total_timesteps           | 852256       |
| train/                       |              |
|    approx_kl                 | 0.0021270304 |
|    clip_fraction             | 0.0267       |
|    clip_range                | 0.2          |
|    entropy_loss              | -0.0927      |
|    explained_variance        | 0.421        |
|    learning_rate             | 0.0003       |
|    loss                      | 1.48         |
|    n_updates                 | 1030         |
|    policy_gradient_loss      | -0.00011     |
|    value_loss                | 2.83         |
-----------------------------------------------
Step 855,000 | Mean reward: 1.618 | Resolution: 49.7% | Escalation: 28.0%
Step 860,000 | Mean reward: 0.804 | Resolution: 49.8% | Escalation: 27.9%
-----------------------------------------------
| custom/                      |              |
|    dropout_rate              | 0.166        |
|    escalation_rate           | 0.279        |
|    mean_episode_length_100ep | 9.17         |
|    mean_reward_100ep         | 0.804        |
|    resolution_rate           | 0.498        |
|    timeout_rate              | 0.0572       |
| eval/                        |              |
|    escalation_rate           | 0.24         |
|    mean_reward               | 1.3          |
|    resolution_rate           | 0.545        |
| rollout/                     |              |
|    ep_len_mean               | 9.99         |
|    ep_rew_mean               | 0.969        |
| time/                        |              |
|    fps                       | 435          |
|    iterations                | 44           |
|    time_elapsed              | 828          |
|    total_timesteps           | 860448       |
| train/                       |              |
|    approx_kl                 | 0.0033651055 |
|    clip_fraction             | 0.0252       |
|    clip_range                | 0.2          |
|    entropy_loss              | -0.0921      |
|    explained_variance        | 0.359        |
|    learning_rate             | 0.0003       |
|    loss                      | 1.41         |
|    n_updates                 | 1040         |
|    policy_gradient_loss      | -0.000293    |
|    value_loss                | 3.23         |
-----------------------------------------------
Step 865,000 | Mean reward: 1.275 | Resolution: 49.9% | Escalation: 27.8%
-----------------------------------------------
| custom/                      |              |
|    dropout_rate              | 0.166        |
|    escalation_rate           | 0.278        |
|    mean_episode_length_100ep | 9.66         |
|    mean_reward_100ep         | 1.27         |
|    resolution_rate           | 0.499        |
|    timeout_rate              | 0.0572       |
| rollout/                     |              |
|    ep_len_mean               | 9.02         |
|    ep_rew_mean               | 1.18         |
| time/                        |              |
|    fps                       | 436          |
|    iterations                | 45           |
|    time_elapsed              | 845          |
|    total_timesteps           | 868640       |
| train/                       |              |
|    approx_kl                 | 0.0023983475 |
|    clip_fraction             | 0.0205       |
|    clip_range                | 0.2          |
|    entropy_loss              | -0.0901      |
|    explained_variance        | 0.386        |
|    learning_rate             | 0.0003       |
|    loss                      | 1.6          |
|    n_updates                 | 1050         |
|    policy_gradient_loss      | 0.000342     |
|    value_loss                | 3.06         |
-----------------------------------------------
Step 870,000 | Mean reward: 1.436 | Resolution: 49.9% | Escalation: 27.8%
Step 875,000 | Mean reward: 1.110 | Resolution: 50.0% | Escalation: 27.7%
-----------------------------------------------
| custom/                      |              |
|    dropout_rate              | 0.166        |
|    escalation_rate           | 0.277        |
|    mean_episode_length_100ep | 10.3         |
|    mean_reward_100ep         | 1.11         |
|    resolution_rate           | 0.5          |
|    timeout_rate              | 0.0573       |
| eval/                        |              |
|    escalation_rate           | 0.225        |
|    mean_reward               | 1.33         |
|    resolution_rate           | 0.56         |
| rollout/                     |              |
|    ep_len_mean               | 10.4         |
|    ep_rew_mean               | 0.84         |
| time/                        |              |
|    fps                       | 436          |
|    iterations                | 46           |
|    time_elapsed              | 863          |
|    total_timesteps           | 876832       |
| train/                       |              |
|    approx_kl                 | 0.0030596855 |
|    clip_fraction             | 0.0246       |
|    clip_range                | 0.2          |
|    entropy_loss              | -0.094       |
|    explained_variance        | 0.366        |
|    learning_rate             | 0.0003       |
|    loss                      | 1.73         |
|    n_updates                 | 1060         |
|    policy_gradient_loss      | 1.46e-05     |
|    value_loss                | 3.13         |
-----------------------------------------------
Step 880,000 | Mean reward: 0.921 | Resolution: 50.0% | Escalation: 27.6%
Step 885,000 | Mean reward: 1.572 | Resolution: 50.1% | Escalation: 27.5%
-----------------------------------------------
| custom/                      |              |
|    dropout_rate              | 0.167        |
|    escalation_rate           | 0.275        |
|    mean_episode_length_100ep | 9.77         |
|    mean_reward_100ep         | 1.57         |
|    resolution_rate           | 0.501        |
|    timeout_rate              | 0.0573       |
| eval/                        |              |
|    escalation_rate           | 0.225        |
|    mean_reward               | 1.33         |
|    resolution_rate           | 0.56         |
| rollout/                     |              |
|    ep_len_mean               | 9.85         |
|    ep_rew_mean               | 1.56         |
| time/                        |              |
|    fps                       | 437          |
|    iterations                | 47           |
|    time_elapsed              | 879          |
|    total_timesteps           | 885024       |
| train/                       |              |
|    approx_kl                 | 0.0013158103 |
|    clip_fraction             | 0.0204       |
|    clip_range                | 0.2          |
|    entropy_loss              | -0.094       |
|    explained_variance        | 0.331        |
|    learning_rate             | 0.0003       |
|    loss                      | 1.44         |
|    n_updates                 | 1070         |
|    policy_gradient_loss      | 0.000144     |
|    value_loss                | 3.2          |
-----------------------------------------------
Step 890,000 | Mean reward: 1.663 | Resolution: 50.2% | Escalation: 27.4%
----------------------------------------------
| custom/                      |             |
|    dropout_rate              | 0.167       |
|    escalation_rate           | 0.274       |
|    mean_episode_length_100ep | 9.91        |
|    mean_reward_100ep         | 1.66        |
|    resolution_rate           | 0.502       |
|    timeout_rate              | 0.0573      |
| eval/                        |             |
|    escalation_rate           | 0.21        |
|    mean_reward               | 1.37        |
|    resolution_rate           | 0.58        |
| rollout/                     |             |
|    ep_len_mean               | 9.44        |
|    ep_rew_mean               | 0.927       |
| time/                        |             |
|    fps                       | 437         |
|    iterations                | 48          |
|    time_elapsed              | 898         |
|    total_timesteps           | 893216      |
| train/                       |             |
|    approx_kl                 | 0.002533998 |
|    clip_fraction             | 0.0241      |
|    clip_range                | 0.2         |
|    entropy_loss              | -0.094      |
|    explained_variance        | 0.377       |
|    learning_rate             | 0.0003      |
|    loss                      | 1.44        |
|    n_updates                 | 1080        |
|    policy_gradient_loss      | -0.000547   |
|    value_loss                | 3.05        |
----------------------------------------------
Step 895,000 | Mean reward: 1.285 | Resolution: 50.2% | Escalation: 27.3%
Step 900,000 | Mean reward: 1.406 | Resolution: 50.3% | Escalation: 27.3%
-----------------------------------------------
| custom/                      |              |
|    dropout_rate              | 0.167        |
|    escalation_rate           | 0.273        |
|    mean_episode_length_100ep | 10.3         |
|    mean_reward_100ep         | 1.41         |
|    resolution_rate           | 0.503        |
|    timeout_rate              | 0.0571       |
| eval/                        |              |
|    escalation_rate           | 0.2          |
|    mean_reward               | 1.36         |
|    resolution_rate           | 0.58         |
| rollout/                     |              |
|    ep_len_mean               | 10.1         |
|    ep_rew_mean               | 1.38         |
| time/                        |              |
|    fps                       | 437          |
|    iterations                | 49           |
|    time_elapsed              | 916          |
|    total_timesteps           | 901408       |
| train/                       |              |
|    approx_kl                 | 0.0053185932 |
|    clip_fraction             | 0.0309       |
|    clip_range                | 0.2          |
|    entropy_loss              | -0.1         |
|    explained_variance        | 0.392        |
|    learning_rate             | 0.0003       |
|    loss                      | 1.26         |
|    n_updates                 | 1090         |
|    policy_gradient_loss      | -0.00133     |
|    value_loss                | 2.96         |
-----------------------------------------------
Step 905,000 | Mean reward: 1.322 | Resolution: 50.4% | Escalation: 27.2%
----------------------------------------------
| custom/                      |             |
|    dropout_rate              | 0.168       |
|    escalation_rate           | 0.272       |
|    mean_episode_length_100ep | 9.41        |
|    mean_reward_100ep         | 1.32        |
|    resolution_rate           | 0.504       |
|    timeout_rate              | 0.0569      |
| rollout/                     |             |
|    ep_len_mean               | 9.68        |
|    ep_rew_mean               | 0.946       |
| time/                        |             |
|    fps                       | 440         |
|    iterations                | 50          |
|    time_elapsed              | 929         |
|    total_timesteps           | 909600      |
| train/                       |             |
|    approx_kl                 | 0.002801538 |
|    clip_fraction             | 0.0213      |
|    clip_range                | 0.2         |
|    entropy_loss              | -0.109      |
|    explained_variance        | 0.375       |
|    learning_rate             | 0.0003      |
|    loss                      | 1.82        |
|    n_updates                 | 1100        |
|    policy_gradient_loss      | -0.000463   |
|    value_loss                | 3.09        |
----------------------------------------------
Step 910,000 | Mean reward: 0.400 | Resolution: 50.4% | Escalation: 27.1%
New best model saved: 1.409
Step 915,000 | Mean reward: 1.077 | Resolution: 50.5% | Escalation: 27.0%
----------------------------------------------
| custom/                      |             |
|    dropout_rate              | 0.168       |
|    escalation_rate           | 0.27        |
|    mean_episode_length_100ep | 9.53        |
|    mean_reward_100ep         | 1.08        |
|    resolution_rate           | 0.505       |
|    timeout_rate              | 0.0571      |
| eval/                        |             |
|    escalation_rate           | 0.195       |
|    mean_reward               | 1.41        |
|    resolution_rate           | 0.595       |
| rollout/                     |             |
|    ep_len_mean               | 10.3        |
|    ep_rew_mean               | 0.807       |
| time/                        |             |
|    fps                       | 440         |
|    iterations                | 51          |
|    time_elapsed              | 947         |
|    total_timesteps           | 917792      |
| train/                       |             |
|    approx_kl                 | 0.002830614 |
|    clip_fraction             | 0.0254      |
|    clip_range                | 0.2         |
|    entropy_loss              | -0.123      |
|    explained_variance        | 0.374       |
|    learning_rate             | 0.0003      |
|    loss                      | 1.28        |
|    n_updates                 | 1110        |
|    policy_gradient_loss      | -0.00109    |
|    value_loss                | 3.21        |
----------------------------------------------
Step 920,000 | Mean reward: 1.320 | Resolution: 50.5% | Escalation: 26.9%
New best model saved: 1.430
Step 925,000 | Mean reward: 1.339 | Resolution: 50.6% | Escalation: 26.9%
----------------------------------------------
| custom/                      |             |
|    dropout_rate              | 0.168       |
|    escalation_rate           | 0.269       |
|    mean_episode_length_100ep | 10.1        |
|    mean_reward_100ep         | 1.34        |
|    resolution_rate           | 0.506       |
|    timeout_rate              | 0.0573      |
| eval/                        |             |
|    escalation_rate           | 0.2         |
|    mean_reward               | 1.43        |
|    resolution_rate           | 0.59        |
| rollout/                     |             |
|    ep_len_mean               | 9.36        |
|    ep_rew_mean               | 1.11        |
| time/                        |             |
|    fps                       | 440         |
|    iterations                | 52          |
|    time_elapsed              | 966         |
|    total_timesteps           | 925984      |
| train/                       |             |
|    approx_kl                 | 0.004543524 |
|    clip_fraction             | 0.025       |
|    clip_range                | 0.2         |
|    entropy_loss              | -0.113      |
|    explained_variance        | 0.391       |
|    learning_rate             | 0.0003      |
|    loss                      | 1.41        |
|    n_updates                 | 1120        |
|    policy_gradient_loss      | -0.000668   |
|    value_loss                | 3.03        |
----------------------------------------------
Step 930,000 | Mean reward: 1.009 | Resolution: 50.6% | Escalation: 26.8%
-----------------------------------------------
| custom/                      |              |
|    dropout_rate              | 0.169        |
|    escalation_rate           | 0.268        |
|    mean_episode_length_100ep | 9.68         |
|    mean_reward_100ep         | 1.01         |
|    resolution_rate           | 0.506        |
|    timeout_rate              | 0.0572       |
| eval/                        |              |
|    escalation_rate           | 0.22         |
|    mean_reward               | 1.35         |
|    resolution_rate           | 0.565        |
| rollout/                     |              |
|    ep_len_mean               | 9.89         |
|    ep_rew_mean               | 1.4          |
| time/                        |              |
|    fps                       | 440          |
|    iterations                | 53           |
|    time_elapsed              | 985          |
|    total_timesteps           | 934176       |
| train/                       |              |
|    approx_kl                 | 0.0035597282 |
|    clip_fraction             | 0.0248       |
|    clip_range                | 0.2          |
|    entropy_loss              | -0.113       |
|    explained_variance        | 0.346        |
|    learning_rate             | 0.0003       |
|    loss                      | 1.68         |
|    n_updates                 | 1130         |
|    policy_gradient_loss      | -0.000258    |
|    value_loss                | 3.36         |
-----------------------------------------------
Step 935,000 | Mean reward: 1.893 | Resolution: 50.7% | Escalation: 26.7%
Step 940,000 | Mean reward: 1.029 | Resolution: 50.7% | Escalation: 26.7%
New best model saved: 1.447
-----------------------------------------------
| custom/                      |              |
|    dropout_rate              | 0.169        |
|    escalation_rate           | 0.267        |
|    mean_episode_length_100ep | 10.2         |
|    mean_reward_100ep         | 1.03         |
|    resolution_rate           | 0.507        |
|    timeout_rate              | 0.0571       |
| eval/                        |              |
|    escalation_rate           | 0.205        |
|    mean_reward               | 1.45         |
|    resolution_rate           | 0.59         |
| rollout/                     |              |
|    ep_len_mean               | 9.85         |
|    ep_rew_mean               | 1.03         |
| time/                        |              |
|    fps                       | 441          |
|    iterations                | 54           |
|    time_elapsed              | 1002         |
|    total_timesteps           | 942368       |
| train/                       |              |
|    approx_kl                 | 0.0027096325 |
|    clip_fraction             | 0.0277       |
|    clip_range                | 0.2          |
|    entropy_loss              | -0.0972      |
|    explained_variance        | 0.385        |
|    learning_rate             | 0.0003       |
|    loss                      | 1.65         |
|    n_updates                 | 1140         |
|    policy_gradient_loss      | -0.000401    |
|    value_loss                | 3            |
-----------------------------------------------
Step 945,000 | Mean reward: 1.185 | Resolution: 50.8% | Escalation: 26.6%
Step 950,000 | Mean reward: 1.192 | Resolution: 50.8% | Escalation: 26.5%
New best model saved: 1.455
----------------------------------------------
| custom/                      |             |
|    dropout_rate              | 0.17        |
|    escalation_rate           | 0.265       |
|    mean_episode_length_100ep | 9.69        |
|    mean_reward_100ep         | 1.19        |
|    resolution_rate           | 0.508       |
|    timeout_rate              | 0.0572      |
| eval/                        |             |
|    escalation_rate           | 0.2         |
|    mean_reward               | 1.46        |
|    resolution_rate           | 0.59        |
| rollout/                     |             |
|    ep_len_mean               | 9.93        |
|    ep_rew_mean               | 1.16        |
| time/                        |             |
|    fps                       | 441         |
|    iterations                | 55          |
|    time_elapsed              | 1020        |
|    total_timesteps           | 950560      |
| train/                       |             |
|    approx_kl                 | 0.004553995 |
|    clip_fraction             | 0.0279      |
|    clip_range                | 0.2         |
|    entropy_loss              | -0.0978     |
|    explained_variance        | 0.391       |
|    learning_rate             | 0.0003      |
|    loss                      | 1.7         |
|    n_updates                 | 1150        |
|    policy_gradient_loss      | -5.79e-05   |
|    value_loss                | 3.18        |
----------------------------------------------
Step 955,000 | Mean reward: 1.339 | Resolution: 50.9% | Escalation: 26.4%
-----------------------------------------------
| custom/                      |              |
|    dropout_rate              | 0.17         |
|    escalation_rate           | 0.264        |
|    mean_episode_length_100ep | 9.22         |
|    mean_reward_100ep         | 1.34         |
|    resolution_rate           | 0.509        |
|    timeout_rate              | 0.0571       |
| rollout/                     |              |
|    ep_len_mean               | 9.17         |
|    ep_rew_mean               | 1.38         |
| time/                        |              |
|    fps                       | 442          |
|    iterations                | 56           |
|    time_elapsed              | 1037         |
|    total_timesteps           | 958752       |
| train/                       |              |
|    approx_kl                 | 0.0023093126 |
|    clip_fraction             | 0.0216       |
|    clip_range                | 0.2          |
|    entropy_loss              | -0.0991      |
|    explained_variance        | 0.367        |
|    learning_rate             | 0.0003       |
|    loss                      | 1.58         |
|    n_updates                 | 1160         |
|    policy_gradient_loss      | -0.000339    |
|    value_loss                | 3.28         |
-----------------------------------------------
Step 960,000 | Mean reward: 1.267 | Resolution: 50.9% | Escalation: 26.4%
Step 965,000 | Mean reward: 1.542 | Resolution: 50.9% | Escalation: 26.3%
---------------------------------------------
| custom/                      |            |
|    dropout_rate              | 0.17       |
|    escalation_rate           | 0.263      |
|    mean_episode_length_100ep | 10.6       |
|    mean_reward_100ep         | 1.54       |
|    resolution_rate           | 0.509      |
|    timeout_rate              | 0.0572     |
| eval/                        |            |
|    escalation_rate           | 0.205      |
|    mean_reward               | 1.44       |
|    resolution_rate           | 0.585      |
| rollout/                     |            |
|    ep_len_mean               | 10.4       |
|    ep_rew_mean               | 1.22       |
| time/                        |            |
|    fps                       | 441        |
|    iterations                | 57         |
|    time_elapsed              | 1057       |
|    total_timesteps           | 966944     |
| train/                       |            |
|    approx_kl                 | 0.00193113 |
|    clip_fraction             | 0.0229     |
|    clip_range                | 0.2        |
|    entropy_loss              | -0.104     |
|    explained_variance        | 0.379      |
|    learning_rate             | 0.0003     |
|    loss                      | 1.37       |
|    n_updates                 | 1170       |
|    policy_gradient_loss      | -0.000146  |
|    value_loss                | 3.04       |
---------------------------------------------
Step 970,000 | Mean reward: 0.991 | Resolution: 51.0% | Escalation: 26.2%
Step 975,000 | Mean reward: 1.419 | Resolution: 51.1% | Escalation: 26.2%
----------------------------------------------
| custom/                      |             |
|    dropout_rate              | 0.171       |
|    escalation_rate           | 0.262       |
|    mean_episode_length_100ep | 10.8        |
|    mean_reward_100ep         | 1.42        |
|    resolution_rate           | 0.511       |
|    timeout_rate              | 0.0569      |
| eval/                        |             |
|    escalation_rate           | 0.215       |
|    mean_reward               | 1.4         |
|    resolution_rate           | 0.575       |
| rollout/                     |             |
|    ep_len_mean               | 10.6        |
|    ep_rew_mean               | 1.38        |
| time/                        |             |
|    fps                       | 441         |
|    iterations                | 58          |
|    time_elapsed              | 1075        |
|    total_timesteps           | 975136      |
| train/                       |             |
|    approx_kl                 | 0.002964162 |
|    clip_fraction             | 0.0217      |
|    clip_range                | 0.2         |
|    entropy_loss              | -0.0959     |
|    explained_variance        | 0.356       |
|    learning_rate             | 0.0003      |
|    loss                      | 1.39        |
|    n_updates                 | 1180        |
|    policy_gradient_loss      | -0.000732   |
|    value_loss                | 3.11        |
----------------------------------------------
Step 980,000 | Mean reward: 1.044 | Resolution: 51.1% | Escalation: 26.1%
----------------------------------------------
| custom/                      |             |
|    dropout_rate              | 0.171       |
|    escalation_rate           | 0.261       |
|    mean_episode_length_100ep | 9.8         |
|    mean_reward_100ep         | 1.04        |
|    resolution_rate           | 0.511       |
|    timeout_rate              | 0.057       |
| eval/                        |             |
|    escalation_rate           | 0.215       |
|    mean_reward               | 1.41        |
|    resolution_rate           | 0.575       |
| rollout/                     |             |
|    ep_len_mean               | 10.4        |
|    ep_rew_mean               | 1.2         |
| time/                        |             |
|    fps                       | 442         |
|    iterations                | 59          |
|    time_elapsed              | 1091        |
|    total_timesteps           | 983328      |
| train/                       |             |
|    approx_kl                 | 0.003015093 |
|    clip_fraction             | 0.0217      |
|    clip_range                | 0.2         |
|    entropy_loss              | -0.103      |
|    explained_variance        | 0.368       |
|    learning_rate             | 0.0003      |
|    loss                      | 1.29        |
|    n_updates                 | 1190        |
|    policy_gradient_loss      | 0.000186    |
|    value_loss                | 3.01        |
----------------------------------------------
Step 985,000 | Mean reward: 1.293 | Resolution: 51.2% | Escalation: 26.1%
Step 990,000 | Mean reward: 1.152 | Resolution: 51.2% | Escalation: 26.0%
New best model saved: 1.464
----------------------------------------------
| custom/                      |             |
|    dropout_rate              | 0.171       |
|    escalation_rate           | 0.26        |
|    mean_episode_length_100ep | 10.4        |
|    mean_reward_100ep         | 1.15        |
|    resolution_rate           | 0.512       |
|    timeout_rate              | 0.0569      |
| eval/                        |             |
|    escalation_rate           | 0.21        |
|    mean_reward               | 1.46        |
|    resolution_rate           | 0.585       |
| rollout/                     |             |
|    ep_len_mean               | 10.8        |
|    ep_rew_mean               | 1.48        |
| time/                        |             |
|    fps                       | 443         |
|    iterations                | 60          |
|    time_elapsed              | 1108        |
|    total_timesteps           | 991520      |
| train/                       |             |
|    approx_kl                 | 0.002567071 |
|    clip_fraction             | 0.0173      |
|    clip_range                | 0.2         |
|    entropy_loss              | -0.1        |
|    explained_variance        | 0.368       |
|    learning_rate             | 0.0003      |
|    loss                      | 1.3         |
|    n_updates                 | 1200        |
|    policy_gradient_loss      | -0.000116   |
|    value_loss                | 3.18        |
----------------------------------------------
Step 995,000 | Mean reward: 1.904 | Resolution: 51.3% | Escalation: 25.9%
-----------------------------------------------
| custom/                      |              |
|    dropout_rate              | 0.171        |
|    escalation_rate           | 0.259        |
|    mean_episode_length_100ep | 10.7         |
|    mean_reward_100ep         | 1.9          |
|    resolution_rate           | 0.513        |
|    timeout_rate              | 0.0567       |
| rollout/                     |              |
|    ep_len_mean               | 9.3          |
|    ep_rew_mean               | 1.46         |
| time/                        |              |
|    fps                       | 444          |
|    iterations                | 61           |
|    time_elapsed              | 1124         |
|    total_timesteps           | 999712       |
| train/                       |              |
|    approx_kl                 | 0.0023644706 |
|    clip_fraction             | 0.0233       |
|    clip_range                | 0.2          |
|    entropy_loss              | -0.0997      |
|    explained_variance        | 0.376        |
|    learning_rate             | 0.0003       |
|    loss                      | 1.56         |
|    n_updates                 | 1210         |
|    policy_gradient_loss      | 0.000654     |
|    value_loss                | 3.27         |
-----------------------------------------------
Step 1,000,000 | Mean reward: 1.356 | Resolution: 51.3% | Escalation: 25.9%
New best model saved: 1.508
Step 1,005,000 | Mean reward: 1.149 | Resolution: 51.3% | Escalation: 25.8%
----------------------------------------------
| custom/                      |             |
|    dropout_rate              | 0.172       |
|    escalation_rate           | 0.258       |
|    mean_episode_length_100ep | 8.98        |
|    mean_reward_100ep         | 1.15        |
|    resolution_rate           | 0.513       |
|    timeout_rate              | 0.0566      |
| eval/                        |             |
|    escalation_rate           | 0.195       |
|    mean_reward               | 1.51        |
|    resolution_rate           | 0.6         |
| rollout/                     |             |
|    ep_len_mean               | 10.1        |
|    ep_rew_mean               | 1.44        |
| time/                        |             |
|    fps                       | 443         |
|    iterations                | 62          |
|    time_elapsed              | 1144        |
|    total_timesteps           | 1007904     |
| train/                       |             |
|    approx_kl                 | 0.001932183 |
|    clip_fraction             | 0.0196      |
|    clip_range                | 0.2         |
|    entropy_loss              | -0.108      |
|    explained_variance        | 0.349       |
|    learning_rate             | 0.0003      |
|    loss                      | 1.77        |
|    n_updates                 | 1220        |
|    policy_gradient_loss      | -0.000498   |
|    value_loss                | 3.32        |
----------------------------------------------
 100% ━━━━━━━━━━━━━━━━━━━━━━━━ 507,904/500,000  [ 0:18:47 < 0:00:00 , 474 it/s ]

Training summary:
{
  "initial_num_timesteps": 500000,
  "additional_timesteps": 500000,
  "final_num_timesteps": 1007904,
  "training_time_seconds": 1145.7399837970734,
  "curriculum_enabled": true,
  "reward_shaping_enabled": false,
  "best_eval_reward": 1.5079912605782124,
  "baseline_beaten": true,
  "baseline_beaten_step": 520000,
  "final_resolution_rate": 0.5134693417493237,
  "n_envs": 4,
  "seed": 42,
  "checkpoint_path": "Simulation_4/artifacts/phase10_v3/models/best_model.zip"
}

Artifacts:
  - Simulation_4/artifacts/phase10_v3_continued/models/best_model.zip
  - Simulation_4/artifacts/phase10_v3_continued/models/final_model.zip
  - Simulation_4/artifacts/phase10_v3_continued/tensorboard/
  - Simulation_4/artifacts/phase10_v3_continued/training_log.json
  - Simulation_4/artifacts/phase10_v3_continued/training_summary.json
real 1198.80
user 711.92
sys 137.01
